match_id,date,innings,batting_team_clean,bowling_team_clean,venue_clean,final_score,venue_avg_score,venue_avg_run_rate,venue_highest_score,venue_lowest_score,batting_team_avg_score_before,batting_team_avg_run_rate_before,bowling_team_avg_runs_conceded_before,bowling_team_avg_run_rate_conceded_before,batting_team_venue_avg_score_before
335982,2008-04-18,1,Kolkata Knight Riders,Royal Challengers Bengaluru,"M Chinnaswamy Stadium, Bengaluru",222,160.0,8.0,160.0,160.0,160.0,8.0,160.0,8.0,160.0
335982,2008-04-18,2,Royal Challengers Bengaluru,Kolkata Knight Riders,"M Chinnaswamy Stadium, Bengaluru",82,160.0,8.0,160.0,160.0,160.0,8.0,160.0,8.0,160.0
335983,2008-04-19,1,Chennai Super Kings,Punjab Kings,"Punjab Cricket Association IS Bindra Stadium, Mohali",240,152.0,8.2533,222.0,82.0,152.0,8.2533,152.0,8.2533,152.0
335983,2008-04-19,2,Punjab Kings,Chennai Super Kings,"Punjab Cricket Association IS Bindra Stadium, Mohali",207,152.0,8.2533,222.0,82.0,152.0,8.2533,152.0,8.2533,152.0
335984,2008-04-19,1,Rajasthan Royals,Delhi Capitals,"Arun Jaitley Stadium, Delhi",129,152.0,8.2533,222.0,82.0,152.0,8.2533,152.0,8.2533,152.0
335984,2008-04-19,2,Delhi Capitals,Rajasthan Royals,"Arun Jaitley Stadium, Delhi",132,152.0,8.2533,222.0,82.0,152.0,8.2533,152.0,8.2533,152.0
335985,2008-04-20,1,Mumbai Indians,Royal Challengers Bengaluru,"Wankhede Stadium, Mumbai",165,168.6667,9.0016,240.0,82.0,168.6667,9.0016,222.0,11.1,168.6667
335985,2008-04-20,2,Royal Challengers Bengaluru,Mumbai Indians,"Wankhede Stadium, Mumbai",166,168.6667,9.0016,240.0,82.0,82.0,5.4066,168.6667,9.0016,82.0
335986,2008-04-20,1,Deccan Chargers,Kolkata Knight Riders,"Eden Gardens, Kolkata",110,168.6667,9.0016,240.0,82.0,168.6667,9.0016,82.0,5.4066,168.6667
335986,2008-04-20,2,Kolkata Knight Riders,Deccan Chargers,"Eden Gardens, Kolkata",112,168.6667,9.0016,240.0,82.0,222.0,11.1,168.6667,9.0016,222.0
335987,2008-04-21,1,Punjab Kings,Rajasthan Royals,"Sawai Mansingh Stadium, Jaipur",166,156.5,8.2488,240.0,82.0,207.0,10.35,132.0,8.7033,207.0
335987,2008-04-21,2,Rajasthan Royals,Punjab Kings,"Sawai Mansingh Stadium, Jaipur",168,156.5,8.2488,240.0,82.0,129.0,6.45,240.0,12.0,129.0
335988,2008-04-22,1,Deccan Chargers,Delhi Capitals,"Rajiv Gandhi International Stadium, Uppal, Hyderabad",142,158.25,8.3421,240.0,82.0,110.0,5.8929,129.0,6.45,110.0
335988,2008-04-22,2,Delhi Capitals,Deccan Chargers,"Rajiv Gandhi International Stadium, Uppal, Hyderabad",143,158.25,8.3421,240.0,82.0,132.0,8.7033,112.0,5.8947,132.0
335989,2008-04-23,1,Chennai Super Kings,Mumbai Indians,"MA Chidambaram Stadium, Chepauk, Chennai",208,156.0,8.4433,240.0,82.0,240.0,12.0,166.0,8.4407,240.0
335989,2008-04-23,2,Mumbai Indians,Chennai Super Kings,"MA Chidambaram Stadium, Chepauk, Chennai",202,156.0,8.4433,240.0,82.0,165.0,8.25,207.0,10.35,165.0
335990,2008-04-24,1,Deccan Chargers,Rajasthan Royals,"Rajiv Gandhi International Stadium, Uppal, Hyderabad",214,142.5,9.05,143.0,142.0,126.0,6.4964,149.0,8.5365,126.0
335990,2008-04-24,2,Rajasthan Royals,Deccan Chargers,"Rajiv Gandhi International Stadium, Uppal, Hyderabad",217,142.5,9.05,143.0,142.0,148.5,7.8489,127.5,8.4474,148.5
335991,2008-04-25,1,Punjab Kings,Mumbai Indians,"Punjab Cricket Association IS Bindra Stadium, Mohali",182,223.5,11.175,240.0,207.0,186.5,9.3599,187.0,9.4203,186.5
335991,2008-04-25,2,Mumbai Indians,Punjab Kings,"Punjab Cricket Association IS Bindra Stadium, Mohali",116,223.5,11.175,240.0,207.0,183.5,9.175,204.0,10.6239,183.5
335992,2008-04-26,1,Royal Challengers Bengaluru,Rajasthan Royals,"M Chinnaswamy Stadium, Bengaluru",135,152.0,8.2533,222.0,82.0,124.0,6.9236,170.6667,9.2577,124.0
335992,2008-04-26,2,Rajasthan Royals,Royal Challengers Bengaluru,"M Chinnaswamy Stadium, Bengaluru",138,152.0,8.2533,222.0,82.0,171.3333,8.8796,193.5,9.675,171.3333
335993,2008-04-26,1,Kolkata Knight Riders,Chennai Super Kings,"MA Chidambaram Stadium, Chepauk, Chennai",147,205.0,10.25,208.0,202.0,167.0,8.4974,204.5,10.225,167.0
335993,2008-04-26,2,Chennai Super Kings,Kolkata Knight Riders,"MA Chidambaram Stadium, Chepauk, Chennai",152,205.0,10.25,208.0,202.0,224.0,11.2,96.0,5.6497,224.0
335994,2008-04-27,1,Mumbai Indians,Deccan Chargers,"Dr DY Patil Sports Academy, Mumbai",154,162.2917,8.597,240.0,82.0,161.0,8.05,157.3333,9.2786,161.0
335994,2008-04-27,2,Deccan Chargers,Mumbai Indians,"Dr DY Patil Sports Academy, Mumbai",155,162.2917,8.597,240.0,82.0,155.3333,7.8976,185.3333,9.3136,155.3333
335995,2008-04-27,1,Delhi Capitals,Punjab Kings,"Punjab Cricket Association IS Bindra Stadium, Mohali",158,186.25,9.3125,240.0,116.0,137.5,9.8516,174.6667,9.0159,137.5
335995,2008-04-27,2,Punjab Kings,Delhi Capitals,"Punjab Cricket Association IS Bindra Stadium, Mohali",162,186.25,9.3125,240.0,116.0,185.0,9.2732,135.5,6.775,185.0
335996,2008-04-28,1,Chennai Super Kings,Royal Challengers Bengaluru,"M Chinnaswamy Stadium, Bengaluru",178,144.25,7.8239,222.0,82.0,200.0,10.4471,175.0,9.1296,200.0
335996,2008-04-28,2,Royal Challengers Bengaluru,Chennai Super Kings,"M Chinnaswamy Stadium, Bengaluru",165,144.25,7.8239,222.0,82.0,127.6667,6.8658,185.3333,9.2667,127.6667
335997,2008-04-29,1,Kolkata Knight Riders,Mumbai Indians,"Eden Gardens, Kolkata",137,111.0,5.8938,112.0,110.0,160.3333,8.1149,177.75,10.1701,160.3333
335997,2008-04-29,2,Mumbai Indians,Kolkata Knight Riders,"Eden Gardens, Kolkata",138,111.0,5.8938,112.0,110.0,159.25,7.9625,114.6667,6.7469,159.25
335998,2008-04-30,1,Delhi Capitals,Royal Challengers Bengaluru,"Arun Jaitley Stadium, Delhi",191,130.5,7.5766,132.0,129.0,144.3333,9.2011,175.75,9.0722,144.3333
335998,2008-04-30,2,Royal Challengers Bengaluru,Delhi Capitals,"Arun Jaitley Stadium, Delhi",181,130.5,7.5766,132.0,129.0,137.0,7.2468,144.3333,7.2859,137.0
335999,2008-05-01,1,Deccan Chargers,Punjab Kings,"Rajiv Gandhi International Stadium, Uppal, Hyderabad",164,179.0,9.9353,217.0,142.0,155.25,9.1081,170.5,8.7369,155.25
335999,2008-05-01,2,Punjab Kings,Deccan Chargers,"Rajiv Gandhi International Stadium, Uppal, Hyderabad",167,179.0,9.9353,217.0,142.0,179.25,9.0319,156.5,8.884,179.25
336000,2008-05-01,1,Rajasthan Royals,Kolkata Knight Riders,"Sawai Mansingh Stadium, Jaipur",196,167.0,8.8087,168.0,166.0,163.0,8.6694,120.5,6.9084,163.0
336000,2008-05-01,2,Kolkata Knight Riders,Rajasthan Royals,"Sawai Mansingh Stadium, Jaipur",151,167.0,8.8087,168.0,166.0,154.5,7.7987,161.75,8.6308,154.5
336001,2008-05-02,1,Chennai Super Kings,Delhi Capitals,"MA Chidambaram Stadium, Chepauk, Chennai",169,177.25,9.1978,208.0,147.0,194.5,10.0603,153.5,7.7269,194.5
336001,2008-05-02,2,Delhi Capitals,Chennai Super Kings,"MA Chidambaram Stadium, Chepauk, Chennai",172,177.25,9.1978,208.0,147.0,156.0,9.2883,180.25,9.0475,156.0
336003,2008-05-03,1,Punjab Kings,Kolkata Knight Riders,"Punjab Cricket Association IS Bindra Stadium, Mohali",178,177.5,8.9096,240.0,116.0,176.8,8.9989,135.6,7.4867,183.6667
336003,2008-05-03,2,Kolkata Knight Riders,Punjab Kings,"Punjab Cricket Association IS Bindra Stadium, Mohali",169,177.5,8.9096,240.0,116.0,153.8,7.8146,169.2,8.6295,153.8
336034,2008-05-03,1,Royal Challengers Bengaluru,Deccan Chargers,"M Chinnaswamy Stadium, Bengaluru",156,153.3333,8.0975,222.0,82.0,145.8,7.6074,158.6,8.8806,127.3333
336034,2008-05-03,2,Deccan Chargers,Royal Challengers Bengaluru,"M Chinnaswamy Stadium, Bengaluru",153,153.3333,8.0975,222.0,82.0,157.0,8.9265,178.8,9.1678,157.0
336004,2008-05-04,1,Mumbai Indians,Delhi Capitals,"Dr DY Patil Sports Academy, Mumbai",162,154.5,10.2199,155.0,154.0,155.0,7.8486,156.6,7.8715,155.0
336004,2008-05-04,2,Delhi Capitals,Mumbai Indians,"Dr DY Patil Sports Academy, Mumbai",133,154.5,10.2199,155.0,154.0,159.2,9.2412,169.6,9.5061,159.2
336005,2008-05-04,1,Chennai Super Kings,Rajasthan Royals,"Sawai Mansingh Stadium, Jaipur",109,170.25,8.8239,196.0,151.0,189.4,9.7382,159.6,8.4803,189.4
336005,2008-05-04,2,Rajasthan Royals,Chennai Super Kings,"Sawai Mansingh Stadium, Jaipur",110,170.25,8.8239,196.0,151.0,169.6,8.8955,178.6,9.0485,169.6
336006,2008-05-05,1,Royal Challengers Bengaluru,Punjab Kings,"M Chinnaswamy Stadium, Bengaluru",126,153.625,8.0044,222.0,82.0,147.5,7.6395,169.1667,8.5996,134.5
336006,2008-05-05,2,Punjab Kings,Royal Challengers Bengaluru,"M Chinnaswamy Stadium, Bengaluru",127,153.625,8.0044,222.0,82.0,177.0,8.9824,174.5,8.9148,177.0
336007,2008-05-06,1,Chennai Super Kings,Deccan Chargers,"MA Chidambaram Stadium, Chepauk, Chennai",144,175.0,9.049,208.0,147.0,176.0,9.0713,158.1667,8.7005,176.3333
336007,2008-05-06,2,Deccan Chargers,Chennai Super Kings,"MA Chidambaram Stadium, Chepauk, Chennai",148,175.0,9.049,208.0,147.0,156.3333,8.7138,167.1667,8.8195,156.3333
336008,2008-05-07,1,Rajasthan Royals,Mumbai Indians,"Dr DY Patil Sports Academy, Mumbai",103,151.0,8.9004,162.0,133.0,159.6667,8.692,163.5,9.0987,159.6667
336008,2008-05-07,2,Mumbai Indians,Rajasthan Royals,"Dr DY Patil Sports Academy, Mumbai",104,151.0,8.9004,162.0,133.0,156.1667,7.8905,151.1667,8.023,156.1667
336009,2008-05-08,1,Delhi Capitals,Chennai Super Kings,"Arun Jaitley Stadium, Delhi",187,158.25,8.4383,191.0,129.0,154.8333,8.878,164.4286,8.7342,154.8333
336009,2008-05-08,2,Chennai Super Kings,Delhi Capitals,"Arun Jaitley Stadium, Delhi",188,158.25,8.4383,191.0,129.0,171.4286,8.804,157.5,7.9096,171.4286
336010,2008-05-08,1,Kolkata Knight Riders,Royal Challengers Bengaluru,"Eden Gardens, Kolkata",129,124.25,6.5076,138.0,110.0,156.3333,7.9205,167.7143,8.6309,156.3333
336010,2008-05-08,2,Royal Challengers Bengaluru,Kolkata Knight Riders,"Eden Gardens, Kolkata",124,124.25,6.5076,138.0,110.0,144.4286,7.4792,142.6667,7.7222,144.4286
336011,2008-05-09,1,Deccan Chargers,Rajasthan Royals,"Sawai Mansingh Stadium, Jaipur",140,150.0,8.1178,196.0,109.0,155.1429,8.6435,144.4286,7.8565,155.1429
336011,2008-05-09,2,Rajasthan Royals,Deccan Chargers,"Sawai Mansingh Stadium, Jaipur",141,150.0,8.1178,196.0,109.0,151.5714,8.3512,156.1429,8.4862,158.0
336013,2008-05-10,1,Chennai Super Kings,Punjab Kings,"MA Chidambaram Stadium, Chepauk, Chennai",181,167.75,8.7145,208.0,144.0,173.5,8.8785,163.0,8.3021,168.25
336013,2008-05-10,2,Punjab Kings,Chennai Super Kings,"MA Chidambaram Stadium, Chepauk, Chennai",163,167.75,8.7145,208.0,144.0,169.8571,8.6889,167.25,8.8111,169.8571
336014,2008-05-11,1,Kolkata Knight Riders,Deccan Chargers,"Rajiv Gandhi International Stadium, Uppal, Hyderabad",204,174.5,9.4681,217.0,142.0,152.4286,7.9408,154.25,8.527,152.4286
336014,2008-05-11,2,Deccan Chargers,Kolkata Knight Riders,"Rajiv Gandhi International Stadium, Uppal, Hyderabad",181,174.5,9.4681,217.0,142.0,153.25,8.4381,140.0,7.7262,173.3333
336015,2008-05-11,1,Delhi Capitals,Rajasthan Royals,"Sawai Mansingh Stadium, Jaipur",156,147.625,8.0649,196.0,109.0,159.4286,8.9454,143.875,7.7494,159.4286
336015,2008-05-11,2,Rajasthan Royals,Delhi Capitals,"Sawai Mansingh Stadium, Jaipur",159,147.625,8.0649,196.0,109.0,150.25,8.4088,161.8571,8.1225,153.75
336016,2008-05-12,1,Royal Challengers Bengaluru,Punjab Kings,"Punjab Cricket Association IS Bindra Stadium, Mohali",143,176.5,8.851,240.0,116.0,141.875,7.513,165.25,8.3956,141.875
336016,2008-05-12,2,Punjab Kings,Royal Challengers Bengaluru,"Punjab Cricket Association IS Bindra Stadium, Mohali",144,176.5,8.851,240.0,116.0,169.0,8.6215,162.875,8.5598,182.25
336017,2008-05-13,1,Kolkata Knight Riders,Delhi Capitals,"Eden Gardens, Kolkata",133,125.0,6.9738,138.0,110.0,158.875,8.2232,161.5,8.1533,126.0
336017,2008-05-13,2,Delhi Capitals,Kolkata Knight Riders,"Eden Gardens, Kolkata",110,125.0,6.9738,138.0,110.0,159.0,8.8022,145.125,7.8917,159.0
336018,2008-05-14,1,Chennai Super Kings,Mumbai Indians,"Wankhede Stadium, Mumbai",156,165.5,8.3453,166.0,165.0,174.3333,8.8976,154.8571,8.6998,174.3333
336018,2008-05-14,2,Mumbai Indians,Chennai Super Kings,"Wankhede Stadium, Mumbai",158,165.5,8.3453,166.0,165.0,148.7143,7.7429,166.7778,8.7377,148.7143
336020,2008-05-15,1,Delhi Capitals,Deccan Chargers,"Arun Jaitley Stadium, Delhi",194,168.0,8.7505,191.0,129.0,153.5556,8.5096,159.7778,8.7129,170.0
336020,2008-05-15,2,Deccan Chargers,Delhi Capitals,"Arun Jaitley Stadium, Delhi",182,168.0,8.7505,191.0,129.0,156.3333,8.5061,158.3333,7.9862,156.3333
336021,2008-05-16,1,Kolkata Knight Riders,Mumbai Indians,"Wankhede Stadium, Mumbai",67,161.25,8.9781,166.0,156.0,156.0,8.0484,155.0,8.5873,156.0
336021,2008-05-16,2,Mumbai Indians,Kolkata Knight Riders,"Wankhede Stadium, Mumbai",68,161.25,8.9781,166.0,156.0,149.875,8.2027,141.2222,7.7002,149.875
336023,2008-05-17,1,Rajasthan Royals,Royal Challengers Bengaluru,"Sawai Mansingh Stadium, Jaipur",197,149.6,8.0688,196.0,109.0,151.2222,8.4044,160.7778,8.63,154.8
336023,2008-05-17,2,Royal Challengers Bengaluru,Rajasthan Royals,"Sawai Mansingh Stadium, Jaipur",132,149.6,8.0688,196.0,109.0,142.0,7.4727,145.2222,7.755,142.0
336024,2008-05-18,1,Mumbai Indians,Deccan Chargers,"Rajiv Gandhi International Stadium, Uppal, Hyderabad",178,179.0,9.5073,217.0,142.0,140.7778,8.665,163.2,8.8116,140.7778
336024,2008-05-18,2,Deccan Chargers,Mumbai Indians,"Rajiv Gandhi International Stadium, Uppal, Hyderabad",153,179.0,9.5073,217.0,142.0,158.9,8.5655,145.2222,8.1187,175.25
336026,2008-05-19,1,Royal Challengers Bengaluru,Delhi Capitals,"M Chinnaswamy Stadium, Bengaluru",154,148.2,7.748,222.0,82.0,141.0,7.3854,160.7,8.0976,132.8
336026,2008-05-19,2,Delhi Capitals,Royal Challengers Bengaluru,"M Chinnaswamy Stadium, Bengaluru",158,148.2,7.748,222.0,82.0,157.6,8.6286,164.4,8.752,157.6
336027,2008-05-20,1,Kolkata Knight Riders,Rajasthan Royals,"Eden Gardens, Kolkata",147,124.125,6.8326,138.0,110.0,147.1,7.6805,143.9,7.6395,127.75
336027,2008-05-20,2,Rajasthan Royals,Kolkata Knight Riders,"Eden Gardens, Kolkata",150,124.125,6.8326,138.0,110.0,155.8,8.5489,133.9,8.1665,155.8
336028,2008-05-21,1,Punjab Kings,Mumbai Indians,"Wankhede Stadium, Mumbai",189,130.0,8.7743,166.0,67.0,166.2222,8.6848,146.0,8.0718,166.2222
336028,2008-05-21,2,Mumbai Indians,Punjab Kings,"Wankhede Stadium, Mumbai",188,130.0,8.7743,166.0,67.0,144.5,8.6885,162.7778,8.2572,130.3333
336029,2008-05-21,1,Royal Challengers Bengaluru,Chennai Super Kings,"MA Chidambaram Stadium, Chepauk, Chennai",126,168.6,8.6916,208.0,144.0,142.1818,7.414,165.9,9.0061,142.1818
336029,2008-05-21,2,Chennai Super Kings,Royal Challengers Bengaluru,"MA Chidambaram Stadium, Chepauk, Chennai",112,168.6,8.6916,208.0,144.0,172.5,8.7878,163.8182,8.7398,170.8
336031,2008-05-23,1,Deccan Chargers,Punjab Kings,"Punjab Cricket Association IS Bindra Stadium, Mohali",175,169.9,8.7149,240.0,116.0,158.3636,8.4823,165.3,8.3715,158.3636
336031,2008-05-23,2,Punjab Kings,Deccan Chargers,"Punjab Cricket Association IS Bindra Stadium, Mohali",178,169.9,8.7149,240.0,116.0,168.5,8.7613,164.5455,8.8196,174.6
336032,2008-05-24,1,Mumbai Indians,Delhi Capitals,"Arun Jaitley Stadium, Delhi",176,173.0,8.9129,194.0,129.0,148.4545,8.7532,160.0909,8.0615,148.4545
336032,2008-05-24,2,Delhi Capitals,Mumbai Indians,"Arun Jaitley Stadium, Delhi",179,173.0,8.9129,194.0,129.0,157.6364,8.6277,149.9091,8.1971,176.0
336033,2008-05-24,1,Rajasthan Royals,Chennai Super Kings,"MA Chidambaram Stadium, Chepauk, Chennai",211,160.3333,8.2347,208.0,112.0,155.2727,8.5982,162.2727,8.7601,155.2727
336033,2008-05-24,2,Chennai Super Kings,Rajasthan Royals,"MA Chidambaram Stadium, Chepauk, Chennai",201,160.3333,8.2347,208.0,112.0,167.0,8.498,144.1818,7.6132,161.0
336002,2008-05-25,1,Deccan Chargers,Royal Challengers Bengaluru,"Rajiv Gandhi International Stadium, Uppal, Hyderabad",165,176.3,9.2608,217.0,142.0,159.75,8.5046,159.5,8.4782,170.8
336002,2008-05-25,2,Royal Challengers Bengaluru,Deccan Chargers,"Rajiv Gandhi International Stadium, Uppal, Hyderabad",171,176.3,9.2608,217.0,142.0,140.8333,7.3212,165.6667,8.8453,140.8333
336035,2008-05-25,1,Punjab Kings,Kolkata Knight Riders,"Eden Gardens, Kolkata",174,129.0,7.1102,150.0,110.0,169.3636,8.7947,135.3636,8.2506,169.3636
336035,2008-05-25,2,Kolkata Knight Riders,Punjab Kings,"Eden Gardens, Kolkata",175,129.0,7.1102,150.0,110.0,147.0909,7.6505,166.1818,8.4059,131.6
336036,2008-05-26,1,Mumbai Indians,Rajasthan Royals,"Sawai Mansingh Stadium, Jaipur",145,152.0833,8.0948,197.0,109.0,150.75,8.7571,148.9167,7.8163,150.75
336036,2008-05-26,2,Rajasthan Royals,Mumbai Indians,"Sawai Mansingh Stadium, Jaipur",146,152.0833,8.0948,197.0,109.0,159.9167,8.7608,152.3333,8.2661,161.8333
336037,2008-05-27,1,Deccan Chargers,Chennai Super Kings,"Rajiv Gandhi International Stadium, Uppal, Hyderabad",147,174.9167,9.1549,217.0,142.0,160.1538,8.485,166.3333,8.9092,169.8333
336037,2008-05-27,2,Chennai Super Kings,Deccan Chargers,"Rajiv Gandhi International Stadium, Uppal, Hyderabad",148,174.9167,9.1549,217.0,142.0,169.8333,8.6273,166.0769,8.8572,169.8333
336012,2008-05-28,1,Royal Challengers Bengaluru,Mumbai Indians,"M Chinnaswamy Stadium, Bengaluru",122,149.5,7.8165,222.0,82.0,143.1538,7.4503,151.8462,8.1918,136.3333
336012,2008-05-28,2,Mumbai Indians,Royal Challengers Bengaluru,"M Chinnaswamy Stadium, Bengaluru",126,149.5,7.8165,222.0,82.0,150.3077,8.6412,159.9231,8.4606,150.3077
336019,2008-05-28,1,Punjab Kings,Rajasthan Royals,"Punjab Cricket Association IS Bindra Stadium, Mohali",221,171.0,8.7523,240.0,116.0,169.75,8.7868,148.6154,7.7727,175.1667
336019,2008-05-28,2,Rajasthan Royals,Punjab Kings,"Punjab Cricket Association IS Bindra Stadium, Mohali",180,171.0,8.7523,240.0,116.0,158.8462,8.6485,166.9167,8.4469,158.8462
336038,2008-05-30,1,Rajasthan Royals,Delhi Capitals,"Wankhede Stadium, Mumbai",192,144.625,8.9369,189.0,67.0,160.3571,8.6736,161.4167,8.123,160.3571
336038,2008-05-30,2,Delhi Capitals,Rajasthan Royals,"Wankhede Stadium, Mumbai",87,144.625,8.9369,189.0,67.0,159.4167,8.6608,153.7857,8.0068,159.4167
336039,2008-05-31,1,Punjab Kings,Chennai Super Kings,"Wankhede Stadium, Mumbai",112,143.6,8.6477,192.0,67.0,173.6923,8.9609,164.8462,8.7893,173.6923
336039,2008-05-31,2,Chennai Super Kings,Punjab Kings,"Wankhede Stadium, Mumbai",116,143.6,8.6477,192.0,67.0,168.1538,8.5526,167.9231,8.4895,168.1538
336040,2008-06-01,1,Chennai Super Kings,Rajasthan Royals,"Dr DY Patil Sports Academy, Mumbai",163,135.1667,8.1275,162.0,103.0,164.4286,8.5002,149.3333,7.8318,164.4286
336040,2008-06-01,2,Rajasthan Royals,Chennai Super Kings,"Dr DY Patil Sports Academy, Mumbai",164,135.1667,8.1275,162.0,103.0,162.4667,8.7353,161.0714,8.5615,162.4667
392181,2009-04-18,1,Mumbai Indians,Chennai Super Kings,Newlands,165,156.4375,8.3244,240.0,67.0,148.5714,8.5865,161.2667,8.5374,148.5714
392181,2009-04-18,2,Chennai Super Kings,Mumbai Indians,Newlands,146,156.4375,8.3244,240.0,67.0,164.3333,8.4769,149.7143,8.0908,164.3333
392182,2009-04-18,1,Royal Challengers Bengaluru,Rajasthan Royals,Newlands,133,156.4375,8.3244,240.0,67.0,141.6429,7.4023,150.1875,7.8517,141.6429
392182,2009-04-18,2,Rajasthan Royals,Royal Challengers Bengaluru,Newlands,58,156.4375,8.3244,240.0,67.0,162.5625,8.7019,157.5,8.4188,162.5625
392184,2009-04-19,1,Kolkata Knight Riders,Deccan Chargers,Newlands,101,125.5,6.506,165.0,58.0,149.4167,7.7544,164.7857,8.7714,149.4167
392184,2009-04-19,2,Deccan Chargers,Kolkata Knight Riders,Newlands,104,125.5,6.506,165.0,58.0,159.2143,8.4039,138.5833,8.288,159.2143
392185,2009-04-20,1,Chennai Super Kings,Royal Challengers Bengaluru,St George's Park,179,154.4746,8.2322,240.0,58.0,163.1875,8.4033,150.8667,8.1125,163.1875
392185,2009-04-20,2,Royal Challengers Bengaluru,Chennai Super Kings,St George's Park,87,154.4746,8.2322,240.0,58.0,141.0667,7.3521,161.5,8.5194,141.0667
392188,2009-04-22,1,Deccan Chargers,Royal Challengers Bengaluru,Newlands,184,117.8333,6.5098,165.0,58.0,155.5333,8.3702,152.625,8.1648,155.5333
392188,2009-04-22,2,Royal Challengers Bengaluru,Deccan Chargers,Newlands,160,117.8333,6.5098,165.0,58.0,137.6875,7.2473,160.5333,8.529,137.6875
392189,2009-04-23,1,Delhi Capitals,Chennai Super Kings,Kingsmead,189,154.4098,8.2231,240.0,58.0,153.8462,8.4085,157.1176,8.352,153.8462
392189,2009-04-23,2,Chennai Super Kings,Delhi Capitals,Kingsmead,180,154.4098,8.2231,240.0,58.0,164.1176,8.4355,163.7692,8.2366,164.1176
392190,2009-04-23,1,Rajasthan Royals,Kolkata Knight Riders,Newlands,150,131.375,7.0323,184.0,58.0,156.4118,8.415,135.9231,8.2581,156.4118
392190,2009-04-23,2,Kolkata Knight Riders,Rajasthan Royals,Newlands,150,131.375,7.0323,184.0,58.0,145.6923,7.553,149.1765,7.781,145.6923
392191,2009-04-24,1,Royal Challengers Bengaluru,Punjab Kings,Kingsmead,168,184.5,9.225,189.0,180.0,139.0,7.2915,164.2143,8.4417,139.0
392191,2009-04-24,2,Punjab Kings,Royal Challengers Bengaluru,Kingsmead,173,184.5,9.225,189.0,180.0,169.2857,8.7208,154.4706,8.2257,169.2857
392192,2009-04-25,1,Deccan Chargers,Mumbai Indians,Kingsmead,168,177.5,8.9888,189.0,168.0,157.3125,8.4221,149.4667,8.0381,157.3125
392192,2009-04-25,2,Mumbai Indians,Deccan Chargers,Kingsmead,156,177.5,8.9888,189.0,168.0,149.6667,8.564,160.5,8.4959,149.6667
392194,2009-04-26,1,Royal Challengers Bengaluru,Delhi Capitals,St George's Park,149,133.0,7.312,179.0,87.0,140.6111,7.3531,164.9286,8.2912,140.6111
392194,2009-04-26,2,Delhi Capitals,Royal Challengers Bengaluru,St George's Park,150,133.0,7.312,179.0,87.0,156.3571,8.4829,155.5,8.2746,156.3571
392195,2009-04-26,1,Punjab Kings,Rajasthan Royals,Newlands,139,135.1,7.1259,184.0,58.0,169.5333,8.7465,149.2222,7.7654,169.5333
392195,2009-04-26,2,Rajasthan Royals,Punjab Kings,Newlands,112,135.1,7.1259,184.0,58.0,156.0556,8.3641,164.4667,8.4389,156.0556
392196,2009-04-27,1,Chennai Super Kings,Deccan Chargers,Kingsmead,165,172.3333,8.6925,189.0,156.0,165.0,8.4669,160.2353,8.455,165.0
392196,2009-04-27,2,Deccan Chargers,Chennai Super Kings,Kingsmead,169,172.3333,8.6925,189.0,156.0,157.9412,8.4208,158.8889,8.413,157.9412
392197,2009-04-27,1,Mumbai Indians,Kolkata Knight Riders,St George's Park,187,141.25,7.4581,179.0,87.0,150.0625,8.5163,136.9286,8.2039,150.0625
392197,2009-04-27,2,Kolkata Knight Riders,Mumbai Indians,St George's Park,95,141.25,7.4581,179.0,87.0,146.0,7.5492,150.625,8.0607,146.0
392198,2009-04-28,1,Delhi Capitals,Rajasthan Royals,SuperSport Park,143,154.6232,8.1927,240.0,58.0,155.9333,8.4346,148.6842,7.7225,155.9333
392198,2009-04-28,2,Rajasthan Royals,Delhi Capitals,SuperSport Park,147,154.6232,8.1927,240.0,58.0,153.7368,8.2186,163.8667,8.2351,153.7368
392199,2009-04-29,1,Kolkata Knight Riders,Royal Challengers Bengaluru,Kingsmead,139,171.0,8.634,189.0,156.0,142.6,7.459,155.2105,8.2474,142.6
392199,2009-04-29,2,Royal Challengers Bengaluru,Kolkata Knight Riders,Kingsmead,143,171.0,8.634,189.0,156.0,141.0526,7.3582,140.2667,8.2803,141.0526
392200,2009-04-29,1,Punjab Kings,Mumbai Indians,Kingsmead,119,171.0,8.634,189.0,156.0,167.625,8.6342,147.3529,7.951,167.625
392200,2009-04-29,2,Mumbai Indians,Punjab Kings,Kingsmead,116,171.0,8.634,189.0,156.0,152.2353,8.5653,161.1875,8.2615,152.2353
392201,2009-04-30,1,Deccan Chargers,Delhi Capitals,SuperSport Park,148,145.0,7.5125,147.0,143.0,158.5556,8.4345,162.8125,8.2126,158.5556
392201,2009-04-30,2,Delhi Capitals,Deccan Chargers,SuperSport Park,150,145.0,7.5125,147.0,143.0,155.125,8.3543,160.5,8.4436,155.125
392202,2009-04-30,1,Chennai Super Kings,Rajasthan Royals,SuperSport Park,164,145.0,7.5125,147.0,143.0,165.0,8.4554,148.4,7.6938,165.0
392202,2009-04-30,2,Rajasthan Royals,Chennai Super Kings,SuperSport Park,126,145.0,7.5125,147.0,143.0,153.4,8.2015,159.4211,8.4264,153.4
392203,2009-05-01,1,Mumbai Indians,Kolkata Knight Riders,Buffalo Park,148,153.6014,8.1191,240.0,58.0,150.2222,8.4117,140.4375,8.2134,150.2222
392203,2009-05-01,2,Kolkata Knight Riders,Mumbai Indians,Buffalo Park,139,153.6014,8.1191,240.0,58.0,142.375,7.4272,145.7778,7.8398,142.375
392204,2009-05-01,1,Royal Challengers Bengaluru,Punjab Kings,Kingsmead,145,157.0833,7.9152,189.0,116.0,141.15,7.3508,158.5294,8.1167,141.15
392204,2009-05-01,2,Punjab Kings,Royal Challengers Bengaluru,Kingsmead,137,157.0833,7.9152,189.0,116.0,164.7647,8.4763,154.4,8.1826,164.7647
392205,2009-05-02,1,Deccan Chargers,Rajasthan Royals,St George's Park,141,141.1667,7.563,187.0,87.0,158.0,8.38,149.1429,7.7179,158.0
392205,2009-05-02,2,Rajasthan Royals,Deccan Chargers,St George's Park,142,141.1667,7.563,187.0,87.0,152.0952,8.1186,159.9474,8.4221,152.0952
392206,2009-05-02,1,Chennai Super Kings,Delhi Capitals,New Wanderers Stadium,163,153.3026,8.0926,240.0,58.0,164.95,8.4427,161.9412,8.1648,164.95
392206,2009-05-02,2,Delhi Capitals,Chennai Super Kings,New Wanderers Stadium,145,153.3026,8.0926,240.0,58.0,154.8235,8.3356,157.75,8.3281,154.8235
392207,2009-05-03,1,Kolkata Knight Riders,Punjab Kings,St George's Park,153,141.25,7.4561,187.0,87.0,142.1765,7.3991,157.7778,8.0685,142.1765
392207,2009-05-03,2,Punjab Kings,Kolkata Knight Riders,St George's Park,154,141.25,7.4561,187.0,87.0,163.2222,8.3859,140.8824,8.1656,163.2222
392208,2009-05-03,1,Mumbai Indians,Royal Challengers Bengaluru,New Wanderers Stadium,149,154.0,7.7,163.0,145.0,150.1053,8.3584,153.5714,8.1191,150.1053
392208,2009-05-03,2,Royal Challengers Bengaluru,Mumbai Indians,New Wanderers Stadium,150,154.0,7.7,163.0,145.0,141.3333,7.346,145.4211,7.793,141.3333
392209,2009-05-04,1,Chennai Super Kings,Deccan Chargers,Buffalo Park,178,143.5,7.175,148.0,139.0,164.8571,8.4287,159.05,8.362,164.8571
392209,2009-05-04,2,Deccan Chargers,Chennai Super Kings,Buffalo Park,100,143.5,7.175,148.0,139.0,157.15,8.3135,157.1429,8.2768,157.15
392210,2009-05-05,1,Rajasthan Royals,Punjab Kings,Kingsmead,211,154.7857,7.7916,189.0,116.0,151.6364,8.0778,157.5263,8.0465,151.6364
392210,2009-05-05,2,Punjab Kings,Rajasthan Royals,Kingsmead,133,154.7857,7.7916,189.0,116.0,162.7368,8.3498,148.7727,7.6876,143.0
392211,2009-05-05,1,Kolkata Knight Riders,Delhi Capitals,Kingsmead,154,154.7857,7.7916,189.0,116.0,142.7778,7.413,162.0,8.164,142.7778
392211,2009-05-05,2,Delhi Capitals,Kolkata Knight Riders,Kingsmead,157,154.7857,7.7916,189.0,116.0,154.2778,8.2753,141.6111,8.1397,154.2778
392212,2009-05-06,1,Deccan Chargers,Mumbai Indians,SuperSport Park,145,146.3333,7.5204,164.0,126.0,154.4286,8.2423,145.65,7.8162,154.4286
392212,2009-05-06,2,Mumbai Indians,Deccan Chargers,SuperSport Park,126,146.3333,7.5204,164.0,126.0,150.05,8.313,159.9524,8.3877,150.05
392213,2009-05-07,1,Royal Challengers Bengaluru,Rajasthan Royals,SuperSport Park,105,143.625,7.334,164.0,126.0,141.7273,7.3874,148.087,7.6425,141.7273
392213,2009-05-07,2,Rajasthan Royals,Royal Challengers Bengaluru,SuperSport Park,107,143.625,7.334,164.0,126.0,154.2174,8.1853,153.3636,8.0887,154.2174
392215,2009-05-08,1,Mumbai Indians,Delhi Capitals,Buffalo Park,116,141.25,7.517,178.0,100.0,148.9048,8.2172,161.5789,8.1395,148.9048
392215,2009-05-08,2,Delhi Capitals,Mumbai Indians,Buffalo Park,118,141.25,7.517,178.0,100.0,154.4211,8.2747,145.619,7.7892,154.4211
392216,2009-05-09,1,Deccan Chargers,Punjab Kings,De Beers Diamond Oval,168,152.0291,8.0098,240.0,58.0,154.0,8.1972,160.2,8.1717,154.0
392216,2009-05-09,2,Punjab Kings,Deccan Chargers,De Beers Diamond Oval,169,152.0291,8.0098,240.0,58.0,161.25,8.2648,158.4091,8.2928,161.25
392217,2009-05-09,1,Rajasthan Royals,Chennai Super Kings,De Beers Diamond Oval,140,152.0291,8.0098,240.0,58.0,152.25,8.1414,154.5455,8.2105,152.25
392217,2009-05-09,2,Chennai Super Kings,Rajasthan Royals,De Beers Diamond Oval,141,152.0291,8.0098,240.0,58.0,165.4545,8.4502,146.2917,7.5428,165.4545
392218,2009-05-10,1,Mumbai Indians,Royal Challengers Bengaluru,St George's Park,157,143.7,7.4999,187.0,87.0,147.4091,8.1073,151.3478,8.0472,147.4091
392218,2009-05-10,2,Royal Challengers Bengaluru,Mumbai Indians,St George's Park,141,143.7,7.4999,187.0,87.0,140.1304,7.2945,144.3636,7.72,140.1304
392219,2009-05-10,1,Kolkata Knight Riders,Delhi Capitals,New Wanderers Stadium,123,151.75,7.7767,163.0,145.0,143.3684,7.4281,159.3,8.0226,143.3684
392219,2009-05-10,2,Delhi Capitals,Kolkata Knight Riders,New Wanderers Stadium,125,151.75,7.7767,163.0,145.0,152.6,8.1742,142.4211,8.1462,152.6
392220,2009-05-11,1,Deccan Chargers,Rajasthan Royals,De Beers Diamond Oval,166,154.5,7.903,169.0,140.0,154.6087,8.206,146.08,7.5487,154.6087
392220,2009-05-11,2,Rajasthan Royals,Deccan Chargers,De Beers Diamond Oval,113,154.5,7.903,169.0,140.0,151.76,8.0958,158.8696,8.3027,151.76
392221,2009-05-12,1,Kolkata Knight Riders,Royal Challengers Bengaluru,SuperSport Park,173,136.1,7.1056,164.0,105.0,142.35,7.3642,151.5833,8.0389,142.35
392221,2009-05-12,2,Royal Challengers Bengaluru,Kolkata Knight Riders,SuperSport Park,176,136.1,7.1056,164.0,105.0,140.1667,7.2843,141.55,8.103,140.1667
392222,2009-05-12,1,Punjab Kings,Mumbai Indians,SuperSport Park,119,136.1,7.1056,164.0,105.0,161.619,8.277,144.2174,7.6908,161.619
392222,2009-05-12,2,Mumbai Indians,Punjab Kings,SuperSport Park,122,136.1,7.1056,164.0,105.0,147.8261,8.0961,160.5714,8.1825,147.8261
392223,2009-05-13,1,Delhi Capitals,Deccan Chargers,Kingsmead,173,156.7778,7.9025,211.0,116.0,151.2857,8.1317,156.9583,8.1982,151.2857
392223,2009-05-13,2,Deccan Chargers,Delhi Capitals,Kingsmead,161,156.7778,7.9025,211.0,116.0,155.0833,8.2099,157.5714,7.9334,155.0833
392224,2009-05-14,1,Chennai Super Kings,Royal Challengers Bengaluru,Kingsmead,129,157.8,7.9541,211.0,116.0,164.3913,8.4171,152.44,8.0634,164.3913
392224,2009-05-14,2,Royal Challengers Bengaluru,Chennai Super Kings,Kingsmead,132,157.8,7.9541,211.0,116.0,141.6,7.3571,153.913,8.1579,152.0
392225,2009-05-14,1,Rajasthan Royals,Mumbai Indians,Kingsmead,145,157.8,7.9541,211.0,116.0,150.2692,8.0073,143.1667,7.6183,150.2692
392225,2009-05-14,2,Mumbai Indians,Rajasthan Royals,Kingsmead,143,157.8,7.9541,211.0,116.0,146.75,8.07,146.8462,7.5776,146.75
392226,2009-05-15,1,Delhi Capitals,Punjab Kings,OUTsurance Oval,120,151.3802,7.9555,240.0,58.0,152.2727,8.1552,158.8182,8.1501,152.2727
392226,2009-05-15,2,Punjab Kings,Delhi Capitals,OUTsurance Oval,123,151.3802,7.9555,240.0,58.0,159.6818,8.1713,157.7273,7.9449,159.6818
392227,2009-05-16,1,Mumbai Indians,Chennai Super Kings,St George's Park,147,144.5833,7.4915,187.0,87.0,146.6,8.0356,153.0,8.0976,146.6
392227,2009-05-16,2,Chennai Super Kings,Mumbai Indians,St George's Park,151,144.5833,7.4915,187.0,87.0,162.9167,8.3397,143.24,7.6036,162.9167
392228,2009-05-16,1,Kolkata Knight Riders,Deccan Chargers,New Wanderers Stadium,160,142.5,7.4231,163.0,123.0,143.8095,7.4255,157.6,8.2163,143.8095
392228,2009-05-16,2,Deccan Chargers,Kolkata Knight Riders,New Wanderers Stadium,166,142.5,7.4231,163.0,123.0,155.32,8.209,143.1905,8.1506,155.32
392229,2009-05-17,1,Punjab Kings,Deccan Chargers,New Wanderers Stadium,134,147.625,7.6048,166.0,123.0,158.087,8.095,157.6923,8.2079,158.087
392229,2009-05-17,2,Deccan Chargers,Punjab Kings,New Wanderers Stadium,133,147.625,7.6048,166.0,123.0,155.7308,8.2125,157.1304,8.0566,155.7308
392230,2009-05-17,1,Delhi Capitals,Rajasthan Royals,OUTsurance Oval,150,121.5,6.2087,123.0,120.0,150.8696,8.0615,146.7037,7.564,150.8696
392230,2009-05-17,2,Rajasthan Royals,Delhi Capitals,OUTsurance Oval,136,121.5,6.2087,123.0,120.0,150.0741,7.9792,156.2174,7.8785,150.0741
392231,2009-05-18,1,Chennai Super Kings,Kolkata Knight Riders,SuperSport Park,188,139.3571,7.302,176.0,105.0,162.44,8.3213,144.2273,8.1574,162.44
392231,2009-05-18,2,Kolkata Knight Riders,Chennai Super Kings,SuperSport Park,189,139.3571,7.302,176.0,105.0,144.5455,7.4516,152.76,8.0677,144.5455
392232,2009-05-19,1,Delhi Capitals,Royal Challengers Bengaluru,New Wanderers Stadium,134,144.8,7.4188,166.0,123.0,150.8333,8.0381,151.5385,8.0055,150.8333
392232,2009-05-19,2,Royal Challengers Bengaluru,Delhi Capitals,New Wanderers Stadium,135,144.8,7.4188,166.0,123.0,141.2308,7.3322,155.375,7.8335,141.2308
392233,2009-05-20,1,Rajasthan Royals,Kolkata Knight Riders,Kingsmead,101,154.375,7.7839,211.0,116.0,149.5714,7.9371,146.1304,8.2114,149.5714
392233,2009-05-20,2,Kolkata Knight Riders,Rajasthan Royals,Kingsmead,102,154.375,7.7839,211.0,116.0,146.4783,7.5385,146.8214,7.5617,146.4783
392234,2009-05-20,1,Chennai Super Kings,Punjab Kings,Kingsmead,116,154.375,7.7839,211.0,116.0,163.4231,8.3628,156.125,7.998,158.0
392234,2009-05-20,2,Punjab Kings,Chennai Super Kings,Kingsmead,92,154.375,7.7839,211.0,116.0,157.0833,8.0369,154.1538,8.1209,140.5
392235,2009-05-21,1,Mumbai Indians,Delhi Capitals,SuperSport Park,165,145.5,7.5674,189.0,105.0,146.6154,8.0092,154.56,7.8044,146.6154
392235,2009-05-21,2,Delhi Capitals,Mumbai Indians,SuperSport Park,166,145.5,7.5674,189.0,105.0,150.16,7.9846,143.5385,7.6141,150.16
392236,2009-05-21,1,Royal Challengers Bengaluru,Deccan Chargers,SuperSport Park,170,145.5,7.5674,189.0,105.0,141.0,7.3238,156.8148,8.1521,141.0
392236,2009-05-21,2,Deccan Chargers,Royal Challengers Bengaluru,SuperSport Park,158,145.5,7.5674,189.0,105.0,154.8889,8.1546,150.8889,7.9572,154.8889
392237,2009-05-22,1,Delhi Capitals,Deccan Chargers,SuperSport Park,153,149.35,7.7607,189.0,105.0,150.7692,8.0424,157.2857,8.1645,153.0
392237,2009-05-22,2,Deccan Chargers,Delhi Capitals,SuperSport Park,154,149.35,7.7607,189.0,105.0,155.0,8.1455,154.9615,7.8215,150.3333
392238,2009-05-23,1,Chennai Super Kings,Royal Challengers Bengaluru,New Wanderers Stadium,146,143.0833,7.3328,166.0,123.0,161.6667,8.2678,151.1429,7.9551,161.6667
392238,2009-05-23,2,Royal Challengers Bengaluru,Chennai Super Kings,New Wanderers Stadium,149,143.0833,7.3328,166.0,123.0,142.0357,7.3658,151.8519,7.9905,142.0357
392239,2009-05-24,1,Deccan Chargers,Royal Challengers Bengaluru,New Wanderers Stadium,143,143.7143,7.3718,166.0,123.0,154.9655,8.1652,150.9655,7.9326,154.9655
392239,2009-05-24,2,Royal Challengers Bengaluru,Deccan Chargers,New Wanderers Stadium,137,143.7143,7.3718,166.0,123.0,142.2759,7.3847,157.1379,8.1468,144.6667
419106,2010-03-12,1,Kolkata Knight Riders,Deccan Chargers,"Dr DY Patil Sports Academy, Mumbai",161,142.25,8.1394,164.0,103.0,144.625,7.4423,156.4667,8.1036,144.625
419106,2010-03-12,2,Deccan Chargers,Kolkata Knight Riders,"Dr DY Patil Sports Academy, Mumbai",150,142.25,8.1394,164.0,103.0,154.5667,8.1314,144.25,8.0797,154.5667
419107,2010-03-13,1,Mumbai Indians,Rajasthan Royals,"Brabourne Stadium, Mumbai",212,150.4234,7.8723,240.0,58.0,147.2963,8.0181,145.2759,7.4813,147.2963
419107,2010-03-13,2,Rajasthan Royals,Mumbai Indians,"Brabourne Stadium, Mumbai",208,150.4234,7.8723,240.0,58.0,147.8966,7.8376,144.3704,7.6834,147.8966
419108,2010-03-13,1,Punjab Kings,Delhi Capitals,"Punjab Cricket Association IS Bindra Stadium, Mohali",142,175.2143,8.9341,240.0,116.0,154.48,7.8994,154.9259,7.8547,181.7143
419108,2010-03-13,2,Delhi Capitals,Punjab Kings,"Punjab Cricket Association IS Bindra Stadium, Mohali",146,175.2143,8.9341,240.0,116.0,150.8519,8.0278,154.52,7.9101,150.8519
419109,2010-03-14,1,Royal Challengers Bengaluru,Kolkata Knight Riders,"Eden Gardens, Kolkata",135,136.5833,7.3917,175.0,110.0,142.1,7.3668,144.48,8.0565,142.1
419109,2010-03-14,2,Kolkata Knight Riders,Royal Challengers Bengaluru,"Eden Gardens, Kolkata",136,136.5833,7.3917,175.0,110.0,145.28,7.4666,150.7,7.9065,138.8333
419110,2010-03-14,1,Deccan Chargers,Chennai Super Kings,"MA Chidambaram Stadium, Chepauk, Chennai",190,166.8571,8.5297,211.0,112.0,154.4194,8.111,151.75,7.9877,154.4194
419110,2010-03-14,2,Chennai Super Kings,Deccan Chargers,"MA Chidambaram Stadium, Chepauk, Chennai",159,166.8571,8.5297,211.0,112.0,161.1071,8.2333,156.6129,8.1018,166.7143
419111,2010-03-15,1,Rajasthan Royals,Delhi Capitals,"Sardar Patel Stadium, Motera",141,150.9652,7.8885,240.0,58.0,149.9,7.923,154.4643,7.8278,149.9
419111,2010-03-15,2,Delhi Capitals,Rajasthan Royals,"Sardar Patel Stadium, Motera",142,150.9652,7.8885,240.0,58.0,150.6786,8.004,147.5,7.5853,150.6786
419112,2010-03-16,1,Punjab Kings,Royal Challengers Bengaluru,"M Chinnaswamy Stadium, Bengaluru",203,145.8571,7.7465,222.0,82.0,154.0,7.8687,150.2258,7.8783,154.0
419112,2010-03-16,2,Royal Challengers Bengaluru,Punjab Kings,"M Chinnaswamy Stadium, Bengaluru",204,145.8571,7.7465,222.0,82.0,141.871,7.3469,154.1923,7.889,134.2857
419113,2010-03-16,1,Chennai Super Kings,Kolkata Knight Riders,"Eden Gardens, Kolkata",164,136.4286,7.3203,175.0,110.0,161.0345,8.2235,144.1154,8.0063,161.0345
419113,2010-03-16,2,Kolkata Knight Riders,Chennai Super Kings,"Eden Gardens, Kolkata",109,136.4286,7.3203,175.0,110.0,144.9231,7.45,153.069,8.0398,138.4286
419114,2010-03-17,1,Mumbai Indians,Delhi Capitals,"Arun Jaitley Stadium, Delhi",218,173.9,8.9129,194.0,129.0,149.6071,8.1103,154.0,7.8009,149.6071
419114,2010-03-17,2,Delhi Capitals,Mumbai Indians,"Arun Jaitley Stadium, Delhi",120,173.9,8.9129,194.0,129.0,150.3793,8.0133,146.6429,7.7805,176.6
419115,2010-03-18,1,Rajasthan Royals,Royal Challengers Bengaluru,"M Chinnaswamy Stadium, Bengaluru",92,153.0625,8.0895,222.0,82.0,149.6129,7.8948,151.875,7.9493,149.6129
419115,2010-03-18,2,Royal Challengers Bengaluru,Rajasthan Royals,"M Chinnaswamy Stadium, Bengaluru",93,153.0625,8.0895,222.0,82.0,143.8125,7.4558,147.3226,7.6074,143.0
419116,2010-03-19,1,Delhi Capitals,Chennai Super Kings,"Arun Jaitley Stadium, Delhi",185,173.0833,8.9418,218.0,120.0,149.3667,7.9886,151.6,7.9597,167.1667
419116,2010-03-19,2,Chennai Super Kings,Delhi Capitals,"Arun Jaitley Stadium, Delhi",190,173.0833,8.9418,218.0,120.0,161.1333,8.2227,156.1333,7.9042,161.1333
419117,2010-03-19,1,Deccan Chargers,Punjab Kings,Barabati Stadium,170,150.8667,7.9001,240.0,58.0,155.5312,8.1544,156.037,7.998,155.5312
419117,2010-03-19,2,Punjab Kings,Deccan Chargers,Barabati Stadium,164,150.8667,7.9001,240.0,58.0,155.8148,7.9532,156.6875,8.0971,155.8148
419118,2010-03-20,1,Rajasthan Royals,Kolkata Knight Riders,"Sardar Patel Stadium, Motera",168,141.5,7.6609,142.0,141.0,147.8125,7.7931,144.8519,8.0135,147.8125
419118,2010-03-20,2,Kolkata Knight Riders,Rajasthan Royals,"Sardar Patel Stadium, Motera",134,141.5,7.6609,142.0,141.0,143.5926,7.3829,145.625,7.6422,143.5926
419119,2010-03-20,1,Mumbai Indians,Royal Challengers Bengaluru,"Brabourne Stadium, Mumbai",151,210.0,10.5,212.0,208.0,151.9655,8.2065,150.0606,7.849,151.9655
419119,2010-03-20,2,Royal Challengers Bengaluru,Mumbai Indians,"Brabourne Stadium, Mumbai",155,210.0,10.5,212.0,208.0,142.2727,7.4941,145.7241,7.763,142.2727
419120,2010-03-21,1,Deccan Chargers,Delhi Capitals,Barabati Stadium,171,167.0,8.35,170.0,164.0,155.9697,8.1649,157.2258,7.969,155.9697
419120,2010-03-21,2,Delhi Capitals,Deccan Chargers,Barabati Stadium,161,167.0,8.35,170.0,164.0,150.5161,8.0293,156.9091,8.1002,150.5161
419121,2010-03-21,1,Punjab Kings,Chennai Super Kings,"MA Chidambaram Stadium, Chepauk, Chennai",136,167.8125,8.5541,211.0,112.0,156.1071,7.962,152.6774,8.0014,156.1071
419121,2010-03-21,2,Chennai Super Kings,Punjab Kings,"MA Chidambaram Stadium, Chepauk, Chennai",136,167.8125,8.5541,211.0,112.0,162.0645,8.2773,156.5357,8.0159,165.75
419122,2010-03-22,1,Kolkata Knight Riders,Mumbai Indians,"Brabourne Stadium, Mumbai",155,181.5,9.1592,212.0,151.0,143.25,7.3585,146.0333,7.7738,143.25
419122,2010-03-22,2,Mumbai Indians,Kolkata Knight Riders,"Brabourne Stadium, Mumbai",156,181.5,9.1592,212.0,151.0,151.9333,8.1847,145.6786,8.0273,151.9333
419123,2010-03-23,1,Royal Challengers Bengaluru,Chennai Super Kings,"M Chinnaswamy Stadium, Bengaluru",171,146.3333,7.9328,222.0,82.0,142.6471,7.5115,152.1562,7.9638,137.4444
419123,2010-03-23,2,Chennai Super Kings,Royal Challengers Bengaluru,"M Chinnaswamy Stadium, Bengaluru",135,146.3333,7.9328,222.0,82.0,161.25,8.2311,150.0882,7.8402,161.25
419124,2010-03-24,1,Rajasthan Royals,Punjab Kings,"Punjab Cricket Association IS Bindra Stadium, Mohali",183,171.3125,8.7212,240.0,116.0,148.4242,7.8115,155.8276,7.974,148.4242
419124,2010-03-24,2,Punjab Kings,Rajasthan Royals,"Punjab Cricket Association IS Bindra Stadium, Mohali",152,171.3125,8.7212,240.0,116.0,155.4138,7.9219,145.2727,7.6136,176.75
419125,2010-03-25,1,Chennai Super Kings,Mumbai Indians,"Brabourne Stadium, Mumbai",180,172.8333,8.8032,212.0,151.0,160.4545,8.1862,146.3226,7.773,160.4545
419125,2010-03-25,2,Mumbai Indians,Chennai Super Kings,"Brabourne Stadium, Mumbai",181,172.8333,8.8032,212.0,151.0,152.0645,8.1927,152.7273,7.9816,173.0
419128,2010-03-25,1,Delhi Capitals,Royal Challengers Bengaluru,"M Chinnaswamy Stadium, Bengaluru",183,147.0,7.9045,222.0,82.0,150.8438,8.0299,149.6571,7.8091,150.8438
419128,2010-03-25,2,Royal Challengers Bengaluru,Delhi Capitals,"M Chinnaswamy Stadium, Bengaluru",166,147.0,7.9045,222.0,82.0,143.4571,7.5412,157.6562,7.9872,140.8
419126,2010-03-26,1,Deccan Chargers,Rajasthan Royals,"Sardar Patel Stadium, Motera",148,146.25,7.6055,168.0,134.0,156.4118,8.1762,145.4706,7.6229,156.4118
419126,2010-03-26,2,Rajasthan Royals,Deccan Chargers,"Sardar Patel Stadium, Motera",151,146.25,7.6055,168.0,134.0,149.4412,7.8508,157.0294,8.0987,149.4412
419127,2010-03-27,1,Kolkata Knight Riders,Punjab Kings,"Punjab Cricket Association IS Bindra Stadium, Mohali",183,170.8889,8.7011,240.0,116.0,143.6552,7.372,156.7333,8.0132,143.6552
419127,2010-03-27,2,Punjab Kings,Kolkata Knight Riders,"Punjab Cricket Association IS Bindra Stadium, Mohali",144,170.8889,8.7011,240.0,116.0,155.3,7.9222,146.0345,8.0412,174.0
419129,2010-03-28,1,Rajasthan Royals,Chennai Super Kings,"Sardar Patel Stadium, Motera",177,147.3333,7.91,168.0,134.0,149.4857,7.9019,153.5588,8.027,153.3333
419129,2010-03-28,2,Chennai Super Kings,Rajasthan Royals,"Sardar Patel Stadium, Motera",160,147.3333,7.91,168.0,134.0,161.0294,8.2101,145.5429,7.6166,161.0294
419130,2010-03-28,1,Mumbai Indians,Deccan Chargers,"Dr DY Patil Sports Academy, Mumbai",172,144.9,8.0665,164.0,103.0,152.9688,8.2343,156.8571,8.1427,140.0
419130,2010-03-28,2,Deccan Chargers,Mumbai Indians,"Dr DY Patil Sports Academy, Mumbai",131,144.9,8.0665,164.0,103.0,156.1714,8.1541,147.375,7.8113,156.1714
419131,2010-03-29,1,Delhi Capitals,Kolkata Knight Riders,"Arun Jaitley Stadium, Delhi",177,175.1429,9.0332,218.0,120.0,151.8182,8.0639,145.9667,8.0132,169.7143
419131,2010-03-29,2,Kolkata Knight Riders,Delhi Capitals,"Arun Jaitley Stadium, Delhi",137,175.1429,9.0332,218.0,120.0,144.9667,7.4313,157.9091,7.9967,144.9667
419132,2010-03-30,1,Punjab Kings,Mumbai Indians,"Brabourne Stadium, Mumbai",163,174.75,8.9182,212.0,151.0,154.9355,7.8989,146.8788,7.7993,154.9355
419132,2010-03-30,2,Mumbai Indians,Punjab Kings,"Brabourne Stadium, Mumbai",164,174.75,8.9182,212.0,151.0,153.5455,8.2454,157.5806,8.0499,175.0
419133,2010-03-31,1,Royal Challengers Bengaluru,Chennai Super Kings,"MA Chidambaram Stadium, Chepauk, Chennai",161,164.2778,8.3592,211.0,112.0,144.0833,7.5623,154.2286,8.0505,144.0833
419133,2010-03-31,2,Chennai Super Kings,Royal Challengers Bengaluru,"MA Chidambaram Stadium, Chepauk, Chennai",162,164.2778,8.3592,211.0,112.0,161.0,8.2041,150.5833,7.8463,162.4444
419134,2010-03-31,1,Delhi Capitals,Rajasthan Royals,"Arun Jaitley Stadium, Delhi",188,172.875,8.8853,218.0,120.0,152.5588,8.087,145.9444,7.6272,170.625
419134,2010-03-31,2,Rajasthan Royals,Delhi Capitals,"Arun Jaitley Stadium, Delhi",121,172.875,8.8853,218.0,120.0,150.25,7.9282,157.2941,7.9629,150.25
419135,2010-04-01,1,Kolkata Knight Riders,Deccan Chargers,"Eden Gardens, Kolkata",181,136.4375,7.2702,175.0,109.0,144.7097,7.4125,157.2778,8.1554,134.75
419135,2010-04-01,2,Deccan Chargers,Kolkata Knight Riders,"Eden Gardens, Kolkata",157,136.4375,7.2702,175.0,109.0,155.4722,8.1335,146.9677,8.0402,155.4722
419136,2010-04-02,1,Punjab Kings,Royal Challengers Bengaluru,"Punjab Cricket Association IS Bindra Stadium, Mohali",181,170.15,8.6485,240.0,116.0,155.1875,7.9067,150.8919,7.8667,171.0
419136,2010-04-02,2,Royal Challengers Bengaluru,Punjab Kings,"Punjab Cricket Association IS Bindra Stadium, Mohali",184,170.15,8.6485,240.0,116.0,144.5405,7.5755,157.7812,8.0611,144.5405
419137,2010-04-03,1,Chennai Super Kings,Rajasthan Royals,"MA Chidambaram Stadium, Chepauk, Chennai",246,164.0,8.3559,211.0,112.0,161.0278,8.2152,147.0811,7.6751,162.4
419137,2010-04-03,2,Rajasthan Royals,Chennai Super Kings,"MA Chidambaram Stadium, Chepauk, Chennai",223,164.0,8.3559,211.0,112.0,149.4595,7.8991,154.4167,8.0505,149.4595
419138,2010-04-03,1,Mumbai Indians,Deccan Chargers,"Brabourne Stadium, Mumbai",178,172.5,8.7906,212.0,151.0,153.8529,8.2503,157.9189,8.1796,172.8
419138,2010-04-03,2,Deccan Chargers,Mumbai Indians,"Brabourne Stadium, Mumbai",115,172.5,8.7906,212.0,151.0,155.5135,8.1259,147.3529,7.8096,155.5135
419139,2010-04-04,1,Kolkata Knight Riders,Punjab Kings,"Eden Gardens, Kolkata",200,140.0556,7.4013,181.0,109.0,145.8438,7.4637,158.5758,8.1078,139.8889
419139,2010-04-04,2,Punjab Kings,Kolkata Knight Riders,"Eden Gardens, Kolkata",204,140.0556,7.4013,181.0,109.0,155.9697,7.9414,147.2812,8.0342,155.9697
419140,2010-04-04,1,Delhi Capitals,Royal Challengers Bengaluru,"Arun Jaitley Stadium, Delhi",184,170.8333,8.8007,218.0,120.0,153.5714,8.1245,151.6842,7.8979,172.5556
419140,2010-04-04,2,Royal Challengers Bengaluru,Delhi Capitals,"Arun Jaitley Stadium, Delhi",147,170.8333,8.8007,218.0,120.0,145.5789,7.6288,156.2571,7.9311,145.5789
419141,2010-04-05,1,Rajasthan Royals,Deccan Chargers,"Vidarbha Cricket Association Stadium, Jamtha",159,153.5517,8.0022,246.0,58.0,151.3947,7.9846,158.4474,8.1985,151.3947
419141,2010-04-05,2,Deccan Chargers,Rajasthan Royals,"Vidarbha Cricket Association Stadium, Jamtha",157,153.5517,8.0022,246.0,58.0,154.4474,8.0771,149.6842,7.7968,154.4474
419142,2010-04-06,1,Chennai Super Kings,Mumbai Indians,"MA Chidambaram Stadium, Chepauk, Chennai",165,170.4091,8.6622,246.0,112.0,163.3243,8.3256,146.4286,7.7657,170.0
419142,2010-04-06,2,Mumbai Indians,Chennai Super Kings,"MA Chidambaram Stadium, Chepauk, Chennai",141,170.4091,8.6622,246.0,112.0,154.5429,8.2688,156.2703,8.1343,154.5429
419143,2010-04-07,1,Punjab Kings,Rajasthan Royals,"Sawai Mansingh Stadium, Jaipur",153,151.1429,7.9777,197.0,109.0,157.3824,8.0351,149.8718,7.7999,157.3824
419143,2010-04-07,2,Rajasthan Royals,Punjab Kings,"Sawai Mansingh Stadium, Jaipur",157,151.1429,7.9777,197.0,109.0,151.5897,7.9854,159.7941,8.1634,159.5714
419144,2010-04-07,1,Kolkata Knight Riders,Delhi Capitals,"Eden Gardens, Kolkata",181,146.25,7.7175,204.0,109.0,147.4848,7.5405,156.0,7.915,145.9
419144,2010-04-07,2,Delhi Capitals,Kolkata Knight Riders,"Eden Gardens, Kolkata",167,146.25,7.7175,204.0,109.0,154.4167,8.1544,149.0,8.128,154.4167
419145,2010-04-08,1,Royal Challengers Bengaluru,Deccan Chargers,"M Chinnaswamy Stadium, Bengaluru",184,149.5,7.9791,222.0,82.0,145.6154,7.6216,158.4615,8.1939,143.0909
419145,2010-04-08,2,Deccan Chargers,Royal Challengers Bengaluru,"M Chinnaswamy Stadium, Bengaluru",186,149.5,7.9791,222.0,82.0,154.5128,8.073,152.5128,7.9313,154.5128
419146,2010-04-09,1,Mumbai Indians,Punjab Kings,"Punjab Cricket Association IS Bindra Stadium, Mohali",154,171.2727,8.71,240.0,116.0,154.1667,8.235,159.7143,8.2292,154.1667
419146,2010-04-09,2,Punjab Kings,Mumbai Indians,"Punjab Cricket Association IS Bindra Stadium, Mohali",158,171.2727,8.71,240.0,116.0,157.2571,8.0241,146.9444,7.7792,171.9091
419147,2010-04-10,1,Chennai Super Kings,Deccan Chargers,"Vidarbha Cricket Association Stadium, Jamtha",138,158.0,7.9664,159.0,157.0,163.3684,8.3236,159.1,8.219,163.3684
419147,2010-04-10,2,Deccan Chargers,Chennai Super Kings,"Vidarbha Cricket Association Stadium, Jamtha",139,158.0,7.9664,159.0,157.0,155.3,8.1117,155.8684,8.1058,155.3
419148,2010-04-10,1,Kolkata Knight Riders,Royal Challengers Bengaluru,"M Chinnaswamy Stadium, Bengaluru",160,152.4583,8.0984,222.0,82.0,148.4706,7.5849,153.35,7.9735,148.4706
419148,2010-04-10,2,Royal Challengers Bengaluru,Kolkata Knight Riders,"M Chinnaswamy Stadium, Bengaluru",162,152.4583,8.0984,222.0,82.0,146.575,7.6611,149.5294,8.1345,146.5
419149,2010-04-11,1,Delhi Capitals,Punjab Kings,"Arun Jaitley Stadium, Delhi",111,170.3,8.7482,218.0,120.0,154.7568,8.1597,159.5556,8.2145,173.7
419149,2010-04-11,2,Punjab Kings,Delhi Capitals,"Arun Jaitley Stadium, Delhi",112,170.3,8.7482,218.0,120.0,157.2778,8.0282,156.6757,7.9457,157.2778
419150,2010-04-11,1,Mumbai Indians,Rajasthan Royals,"Sawai Mansingh Stadium, Jaipur",174,151.625,8.1128,197.0,109.0,154.1622,8.2205,149.95,7.7961,154.1622
419150,2010-04-11,2,Rajasthan Royals,Mumbai Indians,"Sawai Mansingh Stadium, Jaipur",137,151.625,8.1128,197.0,109.0,151.725,8.0475,147.2432,7.7898,159.25
419151,2010-04-12,1,Deccan Chargers,Royal Challengers Bengaluru,"Vidarbha Cricket Association Stadium, Jamtha",151,148.25,7.5212,159.0,138.0,154.9024,8.0907,153.5122,7.9741,154.9024
419151,2010-04-12,2,Royal Challengers Bengaluru,Deccan Chargers,"Vidarbha Cricket Association Stadium, Jamtha",138,148.25,7.5212,159.0,138.0,146.9512,7.7044,158.5854,8.1869,146.9512
419152,2010-04-13,1,Mumbai Indians,Delhi Capitals,"Brabourne Stadium, Mumbai",183,168.1667,8.5899,212.0,115.0,154.6842,8.2331,155.5,7.8945,173.6667
419152,2010-04-13,2,Delhi Capitals,Mumbai Indians,"Brabourne Stadium, Mumbai",144,168.1667,8.5899,212.0,115.0,153.6053,8.0935,146.9737,7.7651,153.6053
419153,2010-04-13,1,Kolkata Knight Riders,Chennai Super Kings,"MA Chidambaram Stadium, Chepauk, Chennai",139,168.9583,8.5778,246.0,112.0,148.8,7.5968,155.4359,8.0839,148.8
419153,2010-04-13,2,Chennai Super Kings,Kolkata Knight Riders,"MA Chidambaram Stadium, Chepauk, Chennai",143,168.9583,8.5778,246.0,112.0,162.7179,8.2871,149.8857,8.1717,169.5833
419154,2010-04-14,1,Rajasthan Royals,Royal Challengers Bengaluru,"Sawai Mansingh Stadium, Jaipur",130,152.0556,8.0753,197.0,109.0,151.3659,8.0183,153.4524,7.964,156.7778
419154,2010-04-14,2,Royal Challengers Bengaluru,Rajasthan Royals,"Sawai Mansingh Stadium, Jaipur",132,152.0556,8.0753,197.0,109.0,146.7381,7.688,150.5366,7.8182,146.7381
419155,2010-04-15,1,Chennai Super Kings,Delhi Capitals,"MA Chidambaram Stadium, Chepauk, Chennai",112,166.8077,8.5927,246.0,112.0,162.225,8.3447,156.2051,7.9266,167.5385
419155,2010-04-15,2,Delhi Capitals,Chennai Super Kings,"MA Chidambaram Stadium, Chepauk, Chennai",113,166.8077,8.5927,246.0,112.0,153.359,8.0705,155.025,8.0555,153.359
419156,2010-04-16,1,Punjab Kings,Deccan Chargers,"Himachal Pradesh Cricket Association Stadium, Dharamsala",174,153.1562,7.987,246.0,58.0,156.0541,7.9734,158.0952,8.159,156.0541
419156,2010-04-16,2,Deccan Chargers,Punjab Kings,"Himachal Pradesh Cricket Association Stadium, Dharamsala",178,153.1562,7.987,246.0,58.0,154.8095,8.0778,158.2432,8.1451,154.8095
419157,2010-04-17,1,Mumbai Indians,Royal Challengers Bengaluru,"M Chinnaswamy Stadium, Bengaluru",191,153.1154,8.1461,222.0,82.0,155.4103,8.2566,152.907,7.93,155.4103
419157,2010-04-17,2,Royal Challengers Bengaluru,Mumbai Indians,"M Chinnaswamy Stadium, Bengaluru",134,153.1154,8.1461,222.0,82.0,146.3953,7.7052,146.8974,7.7506,147.6923
419158,2010-04-17,1,Rajasthan Royals,Kolkata Knight Riders,"Eden Gardens, Kolkata",132,148.7727,7.8068,204.0,109.0,150.8571,7.9821,149.6944,8.239,150.8571
419158,2010-04-17,2,Kolkata Knight Riders,Rajasthan Royals,"Eden Gardens, Kolkata",133,148.7727,7.8068,204.0,109.0,148.5278,7.5788,150.0952,7.8326,149.0909
419159,2010-04-18,1,Punjab Kings,Chennai Super Kings,"Himachal Pradesh Cricket Association Stadium, Dharamsala",192,176.0,8.9935,178.0,174.0,156.5263,7.9925,154.0,8.0067,156.5263
419159,2010-04-18,2,Chennai Super Kings,Punjab Kings,"Himachal Pradesh Cricket Association Stadium, Dharamsala",195,176.0,8.9935,178.0,174.0,161.0,8.2767,158.7632,8.1751,161.0
419160,2010-04-18,1,Deccan Chargers,Delhi Capitals,"Arun Jaitley Stadium, Delhi",145,164.9545,8.4822,218.0,111.0,155.3488,8.1059,155.1,7.8673,155.3488
419160,2010-04-18,2,Delhi Capitals,Deccan Chargers,"Arun Jaitley Stadium, Delhi",134,164.9545,8.4822,218.0,111.0,152.35,8.0201,158.4651,8.1716,168.0
419161,2010-04-19,1,Mumbai Indians,Kolkata Knight Riders,"Eden Gardens, Kolkata",133,147.4167,7.774,204.0,109.0,156.3,8.289,149.2162,8.1947,156.3
419161,2010-04-19,2,Kolkata Knight Riders,Mumbai Indians,"Eden Gardens, Kolkata",135,147.4167,7.774,204.0,109.0,148.1081,7.5963,146.575,7.7243,147.75
419162,2010-04-21,1,Mumbai Indians,Royal Challengers Bengaluru,"Dr DY Patil Sports Academy, Mumbai",184,146.0,8.0567,172.0,103.0,155.7317,8.249,153.7727,7.9668,148.0
419162,2010-04-21,2,Royal Challengers Bengaluru,Mumbai Indians,"Dr DY Patil Sports Academy, Mumbai",149,146.0,8.0567,172.0,103.0,146.1136,7.6823,146.2927,7.7241,146.1136
419163,2010-04-22,1,Chennai Super Kings,Deccan Chargers,"Dr DY Patil Sports Academy, Mumbai",142,148.9286,8.095,184.0,103.0,161.8095,8.3157,157.9091,8.1382,161.8095
419163,2010-04-22,2,Deccan Chargers,Chennai Super Kings,"Dr DY Patil Sports Academy, Mumbai",104,148.9286,8.095,184.0,103.0,155.1136,8.0865,154.9048,8.0446,145.3333
419164,2010-04-24,1,Deccan Chargers,Royal Challengers Bengaluru,"Dr DY Patil Sports Academy, Mumbai",82,145.6875,7.8631,184.0,103.0,153.9778,8.0263,154.4444,7.9942,135.0
419164,2010-04-24,2,Royal Challengers Bengaluru,Deccan Chargers,"Dr DY Patil Sports Academy, Mumbai",86,145.6875,7.8631,184.0,103.0,146.1778,7.6772,157.5556,8.1151,146.1778
419165,2010-04-25,1,Chennai Super Kings,Mumbai Indians,"Dr DY Patil Sports Academy, Mumbai",168,138.8333,7.581,184.0,82.0,161.3488,8.2874,146.3571,7.7176,161.3488
419165,2010-04-25,2,Mumbai Indians,Chennai Super Kings,"Dr DY Patil Sports Academy, Mumbai",146,138.8333,7.581,184.0,82.0,156.4048,8.2716,153.7209,7.9826,155.2
501198,2011-04-08,1,Chennai Super Kings,Kolkata Knight Riders,"MA Chidambaram Stadium, Chepauk, Chennai",153,162.9286,8.3935,246.0,112.0,161.5,8.29,148.7895,8.154,163.5714
501198,2011-04-08,2,Kolkata Knight Riders,Chennai Super Kings,"MA Chidambaram Stadium, Chepauk, Chennai",151,162.9286,8.3935,246.0,112.0,147.7632,7.5994,153.5455,7.9671,147.7632
501199,2011-04-09,1,Deccan Chargers,Rajasthan Royals,"Rajiv Gandhi International Stadium, Uppal, Hyderabad",137,171.0,8.9188,217.0,142.0,152.413,7.9482,149.6977,7.8418,166.5714
501199,2011-04-09,2,Rajasthan Royals,Deccan Chargers,"Rajiv Gandhi International Stadium, Uppal, Hyderabad",141,171.0,8.9188,217.0,142.0,150.4186,7.95,156.0,8.0738,150.4186
501200,2011-04-09,1,Kochi Tuskers Kerala,Royal Challengers Bengaluru,Nehru Stadium,161,152.7807,7.9632,246.0,58.0,152.7807,7.9632,152.8696,7.9168,152.7807
501200,2011-04-09,2,Royal Challengers Bengaluru,Kochi Tuskers Kerala,Nehru Stadium,162,152.7807,7.9632,246.0,58.0,144.8696,7.6454,152.7807,7.9632,144.8696
501201,2011-04-10,1,Delhi Capitals,Mumbai Indians,"Arun Jaitley Stadium, Delhi",95,162.8333,8.3566,218.0,111.0,151.9024,7.9879,146.8605,7.7334,165.1667
501201,2011-04-10,2,Mumbai Indians,Delhi Capitals,"Arun Jaitley Stadium, Delhi",99,162.8333,8.3566,218.0,111.0,156.1628,8.249,154.8537,7.8523,156.1628
501202,2011-04-10,1,Punjab Kings,Pune Warriors,"Dr DY Patil Sports Academy, Mumbai",112,140.65,7.6079,184.0,82.0,157.4359,8.0337,152.7514,7.9609,157.4359
501202,2011-04-10,2,Pune Warriors,Punjab Kings,"Dr DY Patil Sports Academy, Mumbai",113,140.65,7.6079,184.0,82.0,152.7514,7.9609,159.6923,8.2197,152.7514
501203,2011-04-11,1,Kolkata Knight Riders,Deccan Chargers,"Eden Gardens, Kolkata",163,146.3846,7.7285,204.0,109.0,147.8462,7.5982,155.6809,8.0613,146.7692
501203,2011-04-11,2,Deccan Chargers,Kolkata Knight Riders,"Eden Gardens, Kolkata",154,146.3846,7.7285,204.0,109.0,152.0851,7.9248,148.8974,8.1411,152.0851
501204,2011-04-12,1,Delhi Capitals,Rajasthan Royals,"Sawai Mansingh Stadium, Jaipur",151,149.95,8.014,197.0,109.0,150.5476,7.9258,149.4091,7.8193,150.5476
501204,2011-04-12,2,Rajasthan Royals,Delhi Capitals,"Sawai Mansingh Stadium, Jaipur",152,149.95,8.014,197.0,109.0,150.2045,7.9394,153.5238,7.8053,154.1
501205,2011-04-12,1,Royal Challengers Bengaluru,Mumbai Indians,"M Chinnaswamy Stadium, Bengaluru",140,153.7857,8.1446,222.0,82.0,145.234,7.6674,145.6818,7.6799,146.7143
501205,2011-04-12,2,Mumbai Indians,Royal Challengers Bengaluru,"M Chinnaswamy Stadium, Bengaluru",143,153.7857,8.1446,222.0,82.0,154.8636,8.1952,153.0426,7.9196,154.8636
501206,2011-04-13,1,Chennai Super Kings,Punjab Kings,"Punjab Cricket Association IS Bindra Stadium, Mohali",188,170.0,8.6455,240.0,116.0,161.3111,8.2757,158.525,8.2288,161.3111
501206,2011-04-13,2,Punjab Kings,Chennai Super Kings,"Punjab Cricket Association IS Bindra Stadium, Mohali",193,170.0,8.6455,240.0,116.0,156.3,7.9741,153.4889,7.9579,170.75
501207,2011-04-13,1,Kochi Tuskers Kerala,Pune Warriors,"Dr DY Patil Sports Academy, Mumbai",148,138.0909,7.5631,184.0,82.0,161.0,8.05,112.0,5.6471,161.0
501207,2011-04-13,2,Pune Warriors,Kochi Tuskers Kerala,"Dr DY Patil Sports Academy, Mumbai",151,138.0909,7.5631,184.0,82.0,113.0,8.5823,162.0,8.6786,113.0
501208,2011-04-14,1,Deccan Chargers,Royal Challengers Bengaluru,"Rajiv Gandhi International Stadium, Uppal, Hyderabad",175,167.0,8.7,217.0,137.0,152.125,7.9201,152.8333,7.9157,162.875
501208,2011-04-14,2,Royal Challengers Bengaluru,Deccan Chargers,"Rajiv Gandhi International Stadium, Uppal, Hyderabad",142,167.0,8.7,217.0,137.0,145.125,7.6535,155.8333,8.0632,145.125
501209,2011-04-15,1,Rajasthan Royals,Kolkata Knight Riders,"Sawai Mansingh Stadium, Jaipur",159,150.0909,8.0021,197.0,109.0,150.2444,7.9456,149.025,8.1301,153.9091
501209,2011-04-15,2,Kolkata Knight Riders,Rajasthan Royals,"Sawai Mansingh Stadium, Jaipur",160,150.0909,8.0021,197.0,109.0,148.225,7.612,149.4444,7.8133,148.225
501210,2011-04-15,1,Mumbai Indians,Kochi Tuskers Kerala,"Wankhede Stadium, Mumbai",182,138.6667,8.3248,192.0,67.0,154.6,8.1849,156.5,8.3481,144.75
501210,2011-04-15,2,Kochi Tuskers Kerala,Mumbai Indians,"Wankhede Stadium, Mumbai",184,138.6667,8.3248,192.0,67.0,154.5,7.725,145.5556,7.6648,154.5
501211,2011-04-16,1,Chennai Super Kings,Royal Challengers Bengaluru,"MA Chidambaram Stadium, Chepauk, Chennai",183,162.2,8.3406,246.0,112.0,161.8913,8.3002,153.2857,7.9327,162.8667
501211,2011-04-16,2,Royal Challengers Bengaluru,Chennai Super Kings,"MA Chidambaram Stadium, Chepauk, Chennai",162,162.2,8.3406,246.0,112.0,145.0612,7.6422,154.3478,8.0038,145.0612
501212,2011-04-16,1,Deccan Chargers,Punjab Kings,"Rajiv Gandhi International Stadium, Uppal, Hyderabad",165,166.0556,8.6139,217.0,137.0,152.5918,7.9371,159.2439,8.2574,164.2222
501212,2011-04-16,2,Punjab Kings,Deccan Chargers,"Rajiv Gandhi International Stadium, Uppal, Hyderabad",166,166.0556,8.6139,217.0,137.0,157.1951,8.0252,155.551,8.0435,157.1951
501213,2011-04-17,1,Pune Warriors,Delhi Capitals,"Dr DY Patil Sports Academy, Mumbai",187,139.0417,7.5752,184.0,82.0,132.0,8.3,153.4884,7.8149,132.0
501213,2011-04-17,2,Delhi Capitals,Pune Warriors,"Dr DY Patil Sports Academy, Mumbai",190,139.0417,7.5752,184.0,82.0,150.5581,7.917,130.0,6.5235,150.5581
501214,2011-04-17,1,Rajasthan Royals,Kolkata Knight Riders,"Eden Gardens, Kolkata",81,147.25,7.7425,204.0,109.0,150.4348,7.9457,149.2683,8.1257,150.4348
501214,2011-04-17,2,Kolkata Knight Riders,Rajasthan Royals,"Eden Gardens, Kolkata",85,147.25,7.7425,204.0,109.0,148.5122,7.6373,149.6739,7.8314,147.9286
501216,2011-04-19,1,Deccan Chargers,Delhi Capitals,"Arun Jaitley Stadium, Delhi",168,157.7692,8.1468,218.0,95.0,152.84,7.9433,154.25,7.8498,152.84
501216,2011-04-19,2,Delhi Capitals,Deccan Chargers,"Arun Jaitley Stadium, Delhi",152,157.7692,8.1468,218.0,95.0,151.4545,7.9604,155.76,8.0706,159.7692
501218,2011-04-20,1,Pune Warriors,Mumbai Indians,"Wankhede Stadium, Mumbai",118,145.0,8.4772,192.0,67.0,150.3333,8.65,146.3913,7.7087,150.3333
501218,2011-04-20,2,Mumbai Indians,Pune Warriors,"Wankhede Stadium, Mumbai",124,145.0,8.4772,192.0,67.0,155.1957,8.2048,150.0,7.6249,152.2
501219,2011-04-20,1,Kochi Tuskers Kerala,Kolkata Knight Riders,"Eden Gardens, Kolkata",132,142.9667,7.6073,204.0,81.0,164.3333,8.3781,147.6429,8.058,164.3333
501219,2011-04-20,2,Kolkata Knight Riders,Kochi Tuskers Kerala,"Eden Gardens, Kolkata",126,142.9667,7.6073,204.0,81.0,147.0,7.6017,165.0,8.5988,143.7333
501220,2011-04-21,1,Punjab Kings,Rajasthan Royals,"Punjab Cricket Association IS Bindra Stadium, Mohali",195,171.5769,8.7293,240.0,116.0,157.4048,8.0578,148.2979,7.7956,172.4615
501220,2011-04-21,2,Rajasthan Royals,Punjab Kings,"Punjab Cricket Association IS Bindra Stadium, Mohali",147,171.5769,8.7293,240.0,116.0,148.9574,7.889,159.381,8.2572,148.9574
501221,2011-04-22,1,Mumbai Indians,Chennai Super Kings,"Wankhede Stadium, Mumbai",164,142.0,8.2306,192.0,67.0,154.5319,8.1621,154.5106,8.0058,147.5
501221,2011-04-22,2,Chennai Super Kings,Mumbai Indians,"Wankhede Stadium, Mumbai",156,142.0,8.2306,192.0,67.0,162.3404,8.3183,145.7872,7.6895,162.3404
501222,2011-04-22,1,Kolkata Knight Riders,Royal Challengers Bengaluru,"Eden Gardens, Kolkata",171,142.0938,7.5349,204.0,81.0,146.5116,7.5714,153.88,7.957,142.625
501222,2011-04-22,2,Royal Challengers Bengaluru,Kolkata Knight Riders,"Eden Gardens, Kolkata",175,142.0938,7.5349,204.0,81.0,145.4,7.6513,147.2791,8.0241,145.4
501223,2011-04-23,1,Delhi Capitals,Punjab Kings,"Arun Jaitley Stadium, Delhi",231,157.9286,8.1363,218.0,95.0,151.4667,7.9524,159.093,8.2361,159.2143
501223,2011-04-23,2,Punjab Kings,Delhi Capitals,"Arun Jaitley Stadium, Delhi",202,157.9286,8.1363,218.0,95.0,158.2791,8.0972,154.5556,7.862,158.2791
501224,2011-04-24,1,Mumbai Indians,Deccan Chargers,"Rajiv Gandhi International Stadium, Uppal, Hyderabad",172,166.0,8.6348,217.0,137.0,154.7292,8.1629,155.6863,8.0613,154.7292
501224,2011-04-24,2,Deccan Chargers,Mumbai Indians,"Rajiv Gandhi International Stadium, Uppal, Hyderabad",135,166.0,8.6348,217.0,137.0,153.1373,7.9523,146.0,7.6918,164.3
501225,2011-04-24,1,Kochi Tuskers Kerala,Rajasthan Royals,"Sawai Mansingh Stadium, Jaipur",109,150.875,8.0269,197.0,109.0,156.25,7.9336,149.2708,7.8363,156.25
501225,2011-04-24,2,Rajasthan Royals,Kochi Tuskers Kerala,"Sawai Mansingh Stadium, Jaipur",111,150.875,8.0269,197.0,109.0,148.9167,7.8778,155.25,8.0241,154.3333
501226,2011-04-25,1,Chennai Super Kings,Pune Warriors,"MA Chidambaram Stadium, Chepauk, Chennai",142,162.8438,8.3584,246.0,112.0,162.2083,8.3075,143.5,7.2687,164.125
501226,2011-04-25,2,Pune Warriors,Chennai Super Kings,"MA Chidambaram Stadium, Chepauk, Chennai",117,162.8438,8.3584,246.0,112.0,142.25,8.1894,154.7083,8.0099,142.25
501227,2011-04-26,1,Delhi Capitals,Royal Challengers Bengaluru,"Arun Jaitley Stadium, Delhi",160,161.8333,8.3155,231.0,95.0,153.1957,8.0306,154.2157,7.9687,164.0
501227,2011-04-26,2,Royal Challengers Bengaluru,Delhi Capitals,"Arun Jaitley Stadium, Delhi",161,161.8333,8.3155,231.0,95.0,145.9804,7.6902,155.587,7.9107,145.9804
501228,2011-04-27,1,Pune Warriors,Chennai Super Kings,"Dr DY Patil Sports Academy, Mumbai",141,142.8462,7.7301,190.0,82.0,137.2,7.7215,153.9388,7.9658,150.3333
501228,2011-04-27,2,Chennai Super Kings,Pune Warriors,"Dr DY Patil Sports Academy, Mumbai",145,142.8462,7.7301,190.0,82.0,161.7959,8.2828,143.2,7.2349,157.6667
501229,2011-04-27,1,Deccan Chargers,Kochi Tuskers Kerala,Nehru Stadium,129,161.5,8.3643,162.0,161.0,152.7885,7.9292,146.4,7.9863,152.7885
501229,2011-04-27,2,Kochi Tuskers Kerala,Deccan Chargers,Nehru Stadium,74,161.5,8.3643,162.0,161.0,146.8,7.4368,156.0,8.0717,146.8
501230,2011-04-28,1,Kolkata Knight Riders,Delhi Capitals,"Arun Jaitley Stadium, Delhi",148,161.75,8.3038,231.0,95.0,147.0682,7.5937,155.7021,7.918,147.0682
501230,2011-04-28,2,Delhi Capitals,Kolkata Knight Riders,"Arun Jaitley Stadium, Delhi",131,161.75,8.3038,231.0,95.0,153.3404,8.03,147.9091,8.0606,163.75
501231,2011-04-29,1,Mumbai Indians,Rajasthan Royals,"Sawai Mansingh Stadium, Jaipur",94,147.7308,7.9204,197.0,109.0,155.0816,8.1718,148.449,7.7876,155.0816
501231,2011-04-29,2,Rajasthan Royals,Mumbai Indians,"Sawai Mansingh Stadium, Jaipur",95,147.7308,7.9204,197.0,109.0,148.1429,7.8769,145.7755,7.6726,151.0
501232,2011-04-29,1,Royal Challengers Bengaluru,Pune Warriors,"M Chinnaswamy Stadium, Bengaluru",181,152.9667,8.0926,222.0,82.0,146.2692,7.7011,143.5,7.2684,146.2667
501232,2011-04-29,2,Pune Warriors,Royal Challengers Bengaluru,"M Chinnaswamy Stadium, Bengaluru",155,152.9667,8.0926,222.0,82.0,137.8333,7.6096,154.3269,7.9693,137.8333
501233,2011-04-30,1,Delhi Capitals,Kochi Tuskers Kerala,Nehru Stadium,157,131.5,6.9159,162.0,74.0,152.875,7.9992,143.5,7.7303,152.875
501233,2011-04-30,2,Kochi Tuskers Kerala,Delhi Capitals,Nehru Stadium,119,131.5,6.9159,162.0,74.0,134.6667,6.9448,155.5417,7.9072,134.6667
501234,2011-04-30,1,Punjab Kings,Kolkata Knight Riders,"Eden Gardens, Kolkata",119,143.9118,7.6265,204.0,81.0,159.2727,8.1427,147.5333,8.0271,159.2727
501234,2011-04-30,2,Kolkata Knight Riders,Punjab Kings,"Eden Gardens, Kolkata",120,143.9118,7.6265,204.0,81.0,147.0889,7.5894,160.7273,8.3114,144.2941
501235,2011-05-01,1,Pune Warriors,Rajasthan Royals,"Sawai Mansingh Stadium, Jaipur",143,143.9286,7.7093,197.0,94.0,140.2857,7.6297,147.36,7.7258,140.2857
501235,2011-05-01,2,Rajasthan Royals,Pune Warriors,"Sawai Mansingh Stadium, Jaipur",144,143.9286,7.7093,197.0,94.0,147.08,7.824,148.8571,7.5229,147.0
501236,2011-05-01,1,Chennai Super Kings,Deccan Chargers,"MA Chidambaram Stadium, Chepauk, Chennai",165,160.8824,8.2476,246.0,112.0,161.46,8.2659,154.4528,8.004,162.8235
501236,2011-05-01,2,Deccan Chargers,Chennai Super Kings,"MA Chidambaram Stadium, Chepauk, Chennai",146,160.8824,8.2476,246.0,112.0,152.3396,7.9013,153.68,7.9475,152.3396
501237,2011-05-02,1,Mumbai Indians,Punjab Kings,"Wankhede Stadium, Mumbai",159,144.0,8.205,192.0,67.0,153.86,8.1024,159.8222,8.2805,149.8571
501237,2011-05-02,2,Punjab Kings,Mumbai Indians,"Wankhede Stadium, Mumbai",136,144.0,8.205,192.0,67.0,158.3778,8.094,144.76,7.6237,158.3778
501238,2011-05-02,1,Delhi Capitals,Kochi Tuskers Kerala,"Arun Jaitley Stadium, Delhi",140,160.4412,8.2257,231.0,95.0,152.9592,7.9961,145.4286,7.7474,161.8235
501238,2011-05-02,2,Kochi Tuskers Kerala,Delhi Capitals,"Arun Jaitley Stadium, Delhi",141,160.4412,8.2257,231.0,95.0,132.4286,6.8554,154.7959,7.8748,132.4286
501239,2011-05-03,1,Kolkata Knight Riders,Deccan Chargers,"Rajiv Gandhi International Stadium, Uppal, Hyderabad",169,164.8636,8.5476,217.0,135.0,146.5,7.5749,154.6481,8.0086,146.5
501239,2011-05-03,2,Deccan Chargers,Kolkata Knight Riders,"Rajiv Gandhi International Stadium, Uppal, Hyderabad",149,164.8636,8.5476,217.0,135.0,152.2222,7.8901,146.913,7.9819,161.6364
501240,2011-05-04,1,Rajasthan Royals,Chennai Super Kings,"MA Chidambaram Stadium, Chepauk, Chennai",147,160.5833,8.2213,246.0,112.0,147.0196,7.8154,153.5294,7.9348,147.0196
501240,2011-05-04,2,Chennai Super Kings,Rajasthan Royals,"MA Chidambaram Stadium, Chepauk, Chennai",149,160.5833,8.2213,246.0,112.0,161.5294,8.2656,147.2745,7.7145,162.9444
501241,2011-05-04,1,Mumbai Indians,Pune Warriors,"Dr DY Patil Sports Academy, Mumbai",160,142.8571,7.6953,190.0,82.0,153.9608,8.0994,148.25,7.5056,153.6667
501241,2011-05-04,2,Pune Warriors,Mumbai Indians,"Dr DY Patil Sports Academy, Mumbai",139,142.8571,7.6953,190.0,82.0,140.625,7.5697,144.5882,7.6076,148.0
501242,2011-05-05,1,Kochi Tuskers Kerala,Kolkata Knight Riders,Nehru Stadium,156,133.6667,6.972,162.0,74.0,133.5,7.1735,146.9574,7.9706,118.0
501242,2011-05-05,2,Kolkata Knight Riders,Kochi Tuskers Kerala,Nehru Stadium,139,133.6667,6.972,162.0,74.0,146.9787,7.5935,144.75,7.6539,146.9787
501243,2011-05-05,1,Deccan Chargers,Delhi Capitals,"Rajiv Gandhi International Stadium, Uppal, Hyderabad",175,164.375,8.4978,217.0,135.0,152.1636,7.8821,154.52,7.9053,160.5833
501243,2011-05-05,2,Delhi Capitals,Deccan Chargers,"Rajiv Gandhi International Stadium, Uppal, Hyderabad",179,164.375,8.4978,217.0,135.0,152.7,7.9762,154.9091,8.0166,152.7
501244,2011-05-06,1,Royal Challengers Bengaluru,Punjab Kings,"M Chinnaswamy Stadium, Bengaluru",205,153.9062,8.1118,222.0,82.0,146.9245,7.7265,159.8043,8.2734,148.4375
501244,2011-05-06,2,Punjab Kings,Royal Challengers Bengaluru,"M Chinnaswamy Stadium, Bengaluru",120,153.9062,8.1118,222.0,82.0,157.8913,8.0658,154.3396,7.9651,157.8913
501246,2011-05-07,1,Mumbai Indians,Delhi Capitals,"Wankhede Stadium, Mumbai",178,144.35,8.122,192.0,67.0,154.0769,8.0975,154.9216,7.9219,151.0
501246,2011-05-07,2,Delhi Capitals,Mumbai Indians,"Wankhede Stadium, Mumbai",146,144.35,8.122,192.0,67.0,153.2157,8.0045,144.4808,7.5949,153.2157
501247,2011-05-08,1,Kochi Tuskers Kerala,Royal Challengers Bengaluru,"M Chinnaswamy Stadium, Bengaluru",125,154.4118,8.1126,222.0,82.0,136.0,7.2431,153.7037,7.9287,136.0
501247,2011-05-08,2,Royal Challengers Bengaluru,Kochi Tuskers Kerala,"M Chinnaswamy Stadium, Bengaluru",128,154.4118,8.1126,222.0,82.0,148.0,7.7733,144.1111,7.5757,151.7647
501248,2011-05-08,1,Punjab Kings,Pune Warriors,"Punjab Cricket Association IS Bindra Stadium, Mohali",119,171.5357,8.7165,240.0,116.0,157.0851,8.0219,149.5556,7.5606,174.0714
501248,2011-05-08,2,Pune Warriors,Punjab Kings,"Punjab Cricket Association IS Bindra Stadium, Mohali",120,171.5357,8.7165,240.0,116.0,140.4444,7.5009,160.766,8.3154,140.4444
501249,2011-05-09,1,Chennai Super Kings,Rajasthan Royals,"Sawai Mansingh Stadium, Jaipur",196,143.9,7.6798,197.0,94.0,161.2885,8.2601,147.3077,7.7197,161.2885
501249,2011-05-09,2,Rajasthan Royals,Chennai Super Kings,"Sawai Mansingh Stadium, Jaipur",133,143.9,7.6798,197.0,94.0,147.0192,7.8064,153.4038,7.9235,146.8
501250,2011-05-10,1,Deccan Chargers,Pune Warriors,"Rajiv Gandhi International Stadium, Uppal, Hyderabad",136,165.3462,8.543,217.0,135.0,152.5714,7.8976,146.5,7.3995,161.6923
501250,2011-05-10,2,Pune Warriors,Deccan Chargers,"Rajiv Gandhi International Stadium, Uppal, Hyderabad",137,165.3462,8.543,217.0,135.0,138.4,7.4498,155.3393,8.0417,138.4
501251,2011-05-10,1,Punjab Kings,Mumbai Indians,"Punjab Cricket Association IS Bindra Stadium, Mohali",163,168.0667,8.5667,240.0,116.0,156.2917,7.9787,144.5094,7.5905,170.4
501251,2011-05-10,2,Mumbai Indians,Punjab Kings,"Punjab Cricket Association IS Bindra Stadium, Mohali",87,168.0667,8.5667,240.0,116.0,154.5283,8.1126,159.9167,8.2878,154.5283
501252,2011-05-11,1,Rajasthan Royals,Royal Challengers Bengaluru,"Sawai Mansingh Stadium, Jaipur",146,145.1875,7.7192,197.0,94.0,146.7547,7.7878,153.1818,7.8982,145.9375
501252,2011-05-11,2,Royal Challengers Bengaluru,Rajasthan Royals,"Sawai Mansingh Stadium, Jaipur",151,145.1875,7.7192,197.0,94.0,147.6364,7.8087,148.2264,7.7589,147.6364
501253,2011-05-12,1,Chennai Super Kings,Delhi Capitals,"MA Chidambaram Stadium, Chepauk, Chennai",176,159.9211,8.1921,246.0,112.0,161.9434,8.2892,155.3654,7.9407,162.2105
501253,2011-05-12,2,Delhi Capitals,Chennai Super Kings,"MA Chidambaram Stadium, Chepauk, Chennai",158,159.9211,8.1921,246.0,112.0,153.0769,7.9922,153.0189,7.9027,153.0769
501254,2011-05-13,1,Kochi Tuskers Kerala,Punjab Kings,Holkar Cricket Stadium,178,151.5942,7.9019,246.0,58.0,134.9,7.1438,158.4286,8.257,134.9
501254,2011-05-13,2,Punjab Kings,Kochi Tuskers Kerala,Holkar Cricket Stadium,181,151.5942,7.9019,246.0,58.0,156.4286,7.9822,142.5,7.7903,156.4286
501256,2011-05-14,1,Deccan Chargers,Mumbai Indians,"Wankhede Stadium, Mumbai",135,145.9545,8.1227,192.0,67.0,152.2807,7.8784,144.8519,7.6009,152.2807
501256,2011-05-14,2,Mumbai Indians,Deccan Chargers,"Wankhede Stadium, Mumbai",125,145.9545,8.1227,192.0,67.0,153.2778,8.0879,155.0175,8.0317,154.0
501257,2011-05-15,1,Punjab Kings,Delhi Capitals,"Himachal Pradesh Cricket Association Stadium, Dharamsala",170,184.75,9.3756,195.0,174.0,156.92,8.0148,155.7547,7.9569,156.92
501257,2011-05-15,2,Delhi Capitals,Punjab Kings,"Himachal Pradesh Cricket Association Stadium, Dharamsala",141,184.75,9.3756,195.0,174.0,153.1698,7.9904,158.82,8.2699,153.1698
501258,2011-05-15,1,Rajasthan Royals,Kochi Tuskers Kerala,Holkar Cricket Stadium,97,179.5,9.2553,181.0,178.0,146.7407,7.7788,146.0,7.9558,146.7407
501258,2011-05-15,2,Kochi Tuskers Kerala,Rajasthan Royals,Holkar Cricket Stadium,98,179.5,9.2553,181.0,178.0,138.8182,7.3034,148.2778,7.7797,138.8182
501259,2011-05-16,1,Pune Warriors,Deccan Chargers,"Dr DY Patil Sports Academy, Mumbai",136,143.3,7.6806,190.0,82.0,138.2727,7.4519,154.5,8.001,146.2
501259,2011-05-16,2,Deccan Chargers,Pune Warriors,"Dr DY Patil Sports Academy, Mumbai",138,143.3,7.6806,190.0,82.0,151.9828,7.8589,145.5455,7.345,124.4
501260,2011-05-17,1,Punjab Kings,Royal Challengers Bengaluru,"Himachal Pradesh Cricket Association Stadium, Dharamsala",232,175.0,8.842,195.0,141.0,157.1765,8.0243,153.0536,7.8875,178.6667
501260,2011-05-17,2,Royal Challengers Bengaluru,Punjab Kings,"Himachal Pradesh Cricket Association Stadium, Dharamsala",121,175.0,8.842,195.0,141.0,147.6964,7.8279,158.4706,8.246,147.6964
501261,2011-05-18,1,Chennai Super Kings,Kochi Tuskers Kerala,"MA Chidambaram Stadium, Chepauk, Chennai",152,160.275,8.2,246.0,112.0,162.2037,8.2986,141.9167,7.7297,162.9
501261,2011-05-18,2,Kochi Tuskers Kerala,Chennai Super Kings,"MA Chidambaram Stadium, Chepauk, Chennai",141,160.275,8.2,246.0,112.0,135.4167,7.8084,153.1111,7.9027,135.4167
501262,2011-05-19,1,Pune Warriors,Kolkata Knight Riders,"Dr DY Patil Sports Academy, Mumbai",118,142.9062,7.6362,190.0,82.0,138.0833,7.3976,147.1458,7.967,144.5
501262,2011-05-19,2,Kolkata Knight Riders,Pune Warriors,"Dr DY Patil Sports Academy, Mumbai",119,142.9062,7.6362,190.0,82.0,146.8125,7.5801,144.9167,7.3278,146.8125
501263,2011-05-20,1,Mumbai Indians,Rajasthan Royals,"Wankhede Stadium, Mumbai",133,144.625,7.9875,192.0,67.0,152.7636,8.0545,147.3636,7.8813,151.1
501263,2011-05-20,2,Rajasthan Royals,Mumbai Indians,"Wankhede Stadium, Mumbai",134,144.625,7.9875,192.0,67.0,145.8364,7.7327,144.6727,7.5854,145.8364
501264,2011-05-21,1,Deccan Chargers,Punjab Kings,"Himachal Pradesh Cricket Association Stadium, Dharamsala",198,175.375,8.9712,232.0,121.0,151.7458,7.8467,157.75,8.2243,151.7458
501264,2011-05-21,2,Punjab Kings,Deccan Chargers,"Himachal Pradesh Cricket Association Stadium, Dharamsala",116,175.375,8.9712,232.0,121.0,158.6154,8.0931,154.1864,7.9806,192.0
501266,2011-05-22,1,Chennai Super Kings,Royal Challengers Bengaluru,"M Chinnaswamy Stadium, Bengaluru",128,152.8611,8.1055,222.0,82.0,162.0182,8.2859,154.4386,7.9527,162.0182
501266,2011-05-22,2,Royal Challengers Bengaluru,Chennai Super Kings,"M Chinnaswamy Stadium, Bengaluru",129,152.8611,8.1055,222.0,82.0,147.2281,7.8154,152.8909,7.8872,150.4444
501267,2011-05-22,1,Kolkata Knight Riders,Mumbai Indians,"Eden Gardens, Kolkata",175,142.5556,7.5604,204.0,81.0,146.2449,7.5711,144.4821,7.6317,142.9444
501267,2011-05-22,2,Mumbai Indians,Kolkata Knight Riders,"Eden Gardens, Kolkata",178,142.5556,7.5604,204.0,81.0,152.4107,8.0294,146.551,7.9249,152.4107
501268,2011-05-24,1,Royal Challengers Bengaluru,Chennai Super Kings,"Wankhede Stadium, Mumbai",175,143.7692,8.0203,192.0,67.0,146.9138,7.8042,152.4643,7.8743,146.9138
501268,2011-05-24,2,Chennai Super Kings,Royal Challengers Bengaluru,"Wankhede Stadium, Mumbai",177,143.7692,8.0203,192.0,67.0,161.4107,8.2523,153.9828,7.9259,142.6667
501269,2011-05-25,1,Kolkata Knight Riders,Mumbai Indians,"Wankhede Stadium, Mumbai",147,146.0714,8.0813,192.0,67.0,146.82,7.5947,145.0175,7.6513,146.82
501269,2011-05-25,2,Mumbai Indians,Kolkata Knight Riders,"Wankhede Stadium, Mumbai",148,146.0714,8.0813,192.0,67.0,152.8596,8.0447,147.18,7.9444,149.4545
501270,2011-05-27,1,Royal Challengers Bengaluru,Mumbai Indians,"MA Chidambaram Stadium, Chepauk, Chennai",185,159.619,8.1583,246.0,112.0,147.3898,7.8203,145.0517,7.6461,149.6667
501270,2011-05-27,2,Mumbai Indians,Royal Challengers Bengaluru,"MA Chidambaram Stadium, Chepauk, Chennai",142,159.619,8.1583,246.0,112.0,152.7759,8.038,154.3729,7.9441,152.7759
501271,2011-05-28,1,Chennai Super Kings,Royal Challengers Bengaluru,"MA Chidambaram Stadium, Chepauk, Chennai",205,159.7955,8.1591,246.0,112.0,161.6842,8.2654,154.1667,7.93,162.381
501271,2011-05-28,2,Royal Challengers Bengaluru,Chennai Super Kings,"MA Chidambaram Stadium, Chepauk, Chennai",147,159.7955,8.1591,246.0,112.0,148.0167,7.8441,152.8596,7.8897,158.5
548306,2012-04-04,1,Chennai Super Kings,Mumbai Indians,"MA Chidambaram Stadium, Chepauk, Chennai",112,160.5,8.187,246.0,112.0,162.431,8.2996,145.7288,7.6733,164.3182
548306,2012-04-04,2,Mumbai Indians,Chennai Super Kings,"MA Chidambaram Stadium, Chepauk, Chennai",115,160.5,8.187,246.0,112.0,152.5932,8.0221,152.7586,7.8804,161.6667
548307,2012-04-05,1,Kolkata Knight Riders,Delhi Capitals,"Eden Gardens, Kolkata",97,144.3421,7.627,204.0,81.0,146.8235,7.5899,156.0185,7.967,144.6316
548307,2012-04-05,2,Delhi Capitals,Kolkata Knight Riders,"Eden Gardens, Kolkata",100,144.3421,7.627,204.0,81.0,152.9444,7.973,147.1961,7.9387,152.9444
548308,2012-04-06,1,Pune Warriors,Mumbai Indians,"Wankhede Stadium, Mumbai",129,146.1667,8.0428,192.0,67.0,136.5385,7.2824,145.1667,7.6395,136.5385
548308,2012-04-06,2,Mumbai Indians,Pune Warriors,"Wankhede Stadium, Mumbai",101,146.1667,8.0428,192.0,67.0,151.9667,8.0023,142.9231,7.3133,149.3333
548309,2012-04-06,1,Rajasthan Royals,Punjab Kings,"Sawai Mansingh Stadium, Jaipur",191,145.3824,7.7411,197.0,94.0,145.625,7.7763,158.5094,8.2559,145.9412
548309,2012-04-06,2,Punjab Kings,Rajasthan Royals,"Sawai Mansingh Stadium, Jaipur",160,145.3824,7.7411,197.0,94.0,157.8113,8.0556,147.1071,7.8593,157.8113
548310,2012-04-07,1,Royal Challengers Bengaluru,Delhi Capitals,"M Chinnaswamy Stadium, Bengaluru",157,151.5789,8.0359,222.0,82.0,148.0,7.836,154.9455,7.9691,149.3158
548310,2012-04-07,2,Delhi Capitals,Royal Challengers Bengaluru,"M Chinnaswamy Stadium, Bengaluru",137,151.5789,8.0359,222.0,82.0,151.9818,7.9909,155.0,7.9681,151.9818
548311,2012-04-07,1,Chennai Super Kings,Deccan Chargers,"Dr. Y.S. Rajasekhara Reddy ACA-VDCA Cricket Stadium, Visakhapatnam",193,151.0597,7.9003,246.0,58.0,161.5763,8.2546,153.55,7.9494,161.5763
548311,2012-04-07,2,Deccan Chargers,Chennai Super Kings,"Dr. Y.S. Rajasekhara Reddy ACA-VDCA Cricket Stadium, Visakhapatnam",119,151.0597,7.9003,246.0,58.0,152.5167,7.8809,152.1186,7.8626,152.5167
548312,2012-04-08,1,Rajasthan Royals,Kolkata Knight Riders,"Sawai Mansingh Stadium, Jaipur",164,147.0556,7.7985,197.0,94.0,146.4211,7.8074,146.2885,7.9582,148.4444
548312,2012-04-08,2,Kolkata Knight Riders,Rajasthan Royals,"Sawai Mansingh Stadium, Jaipur",142,147.0556,7.7985,197.0,94.0,145.8654,7.5994,147.3333,7.8617,145.8654
548313,2012-04-08,1,Pune Warriors,Punjab Kings,"Maharashtra Cricket Association Stadium, Pune",166,151.0633,7.8997,246.0,58.0,136.0,7.2229,159.1111,8.2798,136.0
548313,2012-04-08,2,Punjab Kings,Pune Warriors,"Maharashtra Cricket Association Stadium, Pune",144,151.0633,7.8997,246.0,58.0,157.8519,8.0545,139.9286,7.1516,157.8519
548314,2012-04-09,1,Deccan Chargers,Mumbai Indians,"Dr. Y.S. Rajasekhara Reddy ACA-VDCA Cricket Stadium, Visakhapatnam",138,156.0,8.291,193.0,119.0,151.9672,7.8654,144.9016,7.62,151.9672
548314,2012-04-09,2,Mumbai Indians,Deccan Chargers,"Dr. Y.S. Rajasekhara Reddy ACA-VDCA Cricket Stadium, Visakhapatnam",142,156.0,8.291,193.0,119.0,151.1311,7.9539,154.1967,7.9773,151.1311
548315,2012-04-10,1,Kolkata Knight Riders,Royal Challengers Bengaluru,"M Chinnaswamy Stadium, Bengaluru",165,151.35,8.0016,222.0,82.0,145.7925,7.59,154.7097,7.95,145.7925
548315,2012-04-10,2,Royal Challengers Bengaluru,Kolkata Knight Riders,"M Chinnaswamy Stadium, Bengaluru",123,151.35,8.0016,222.0,82.0,148.1452,7.8362,146.6226,7.9628,149.7
548316,2012-04-10,1,Chennai Super Kings,Delhi Capitals,"Arun Jaitley Stadium, Delhi",110,159.3333,8.2242,231.0,95.0,162.1,8.2779,154.9821,7.9669,162.1
548316,2012-04-10,2,Delhi Capitals,Chennai Super Kings,"Arun Jaitley Stadium, Delhi",111,159.3333,8.2242,231.0,95.0,151.7143,7.9705,151.5667,7.8471,160.6111
548317,2012-04-11,1,Mumbai Indians,Rajasthan Royals,"Wankhede Stadium, Mumbai",197,144.2188,7.8995,192.0,67.0,150.9839,7.9401,147.2414,7.8486,145.6154
548317,2012-04-11,2,Rajasthan Royals,Mumbai Indians,"Wankhede Stadium, Mumbai",170,144.2188,7.8995,192.0,67.0,146.7241,7.8142,144.7903,7.6084,146.7241
548318,2012-04-12,1,Royal Challengers Bengaluru,Chennai Super Kings,"MA Chidambaram Stadium, Chepauk, Chennai",205,158.5417,8.1058,246.0,112.0,147.746,7.8094,150.9016,7.8549,156.2
548318,2012-04-12,2,Chennai Super Kings,Royal Challengers Bengaluru,"MA Chidambaram Stadium, Chepauk, Chennai",208,158.5417,8.1058,246.0,112.0,161.2459,8.2324,154.873,7.9548,162.0435
548319,2012-04-12,1,Pune Warriors,Punjab Kings,"Punjab Cricket Association IS Bindra Stadium, Mohali",115,165.375,8.4978,240.0,87.0,138.0,7.2947,159.2364,8.2802,138.0
548319,2012-04-12,2,Punjab Kings,Pune Warriors,"Punjab Cricket Association IS Bindra Stadium, Mohali",116,165.375,8.4978,240.0,87.0,157.6,8.039,140.2,7.1549,169.9375
548320,2012-04-13,1,Rajasthan Royals,Kolkata Knight Riders,"Eden Gardens, Kolkata",131,142.05,7.6716,204.0,81.0,147.1186,7.8283,146.1852,7.9292,121.0
548320,2012-04-13,2,Kolkata Knight Riders,Rajasthan Royals,"Eden Gardens, Kolkata",137,142.05,7.6716,204.0,81.0,146.1481,7.6022,148.0847,7.8825,142.25
548322,2012-04-14,1,Chennai Super Kings,Pune Warriors,"Maharashtra Cricket Association Stadium, Pune",155,155.0,7.75,166.0,144.0,162.0,8.2673,138.6875,7.1181,162.0
548322,2012-04-14,2,Pune Warriors,Chennai Super Kings,"Maharashtra Cricket Association Stadium, Pune",156,155.0,7.75,166.0,144.0,136.5625,7.2171,151.7742,7.8935,136.5625
548323,2012-04-15,1,Punjab Kings,Kolkata Knight Riders,"Eden Gardens, Kolkata",134,141.6667,7.6309,204.0,81.0,156.8571,8.0127,145.9091,7.9042,165.6667
548323,2012-04-15,2,Kolkata Knight Riders,Punjab Kings,"Eden Gardens, Kolkata",132,141.6667,7.6309,204.0,81.0,145.9818,7.5928,158.4464,8.2404,142.0
548324,2012-04-15,1,Rajasthan Royals,Royal Challengers Bengaluru,"M Chinnaswamy Stadium, Bengaluru",195,151.0,7.9635,222.0,82.0,146.85,7.807,155.7031,7.993,146.85
548324,2012-04-15,2,Royal Challengers Bengaluru,Rajasthan Royals,"M Chinnaswamy Stadium, Bengaluru",136,151.0,7.9635,222.0,82.0,148.6406,7.8476,147.9,7.8693,148.4286
548325,2012-04-16,1,Mumbai Indians,Delhi Capitals,"Wankhede Stadium, Mumbai",92,146.5294,7.9787,197.0,67.0,151.7143,7.9704,154.193,7.9237,149.2857
548325,2012-04-16,2,Delhi Capitals,Mumbai Indians,"Wankhede Stadium, Mumbai",93,146.5294,7.9787,197.0,67.0,151.0,7.9767,145.1905,7.6248,151.0
548326,2012-04-17,1,Deccan Chargers,Rajasthan Royals,"Sawai Mansingh Stadium, Jaipur",196,147.3684,7.7907,197.0,94.0,151.7419,7.8498,147.7049,7.8527,151.7419
548326,2012-04-17,2,Rajasthan Royals,Deccan Chargers,"Sawai Mansingh Stadium, Jaipur",197,147.3684,7.7907,197.0,94.0,147.6393,7.8388,154.0,7.9631,149.2632
548327,2012-04-17,1,Pune Warriors,Royal Challengers Bengaluru,"M Chinnaswamy Stadium, Bengaluru",182,151.6591,7.9789,222.0,82.0,137.7059,7.2672,156.3077,8.02,137.7059
548327,2012-04-17,2,Royal Challengers Bengaluru,Pune Warriors,"M Chinnaswamy Stadium, Bengaluru",186,151.6591,7.9789,222.0,82.0,148.4462,7.8323,139.6471,7.1552,147.8636
548328,2012-04-18,1,Punjab Kings,Kolkata Knight Riders,"Punjab Cricket Association IS Bindra Stadium, Mohali",124,162.4412,8.3691,240.0,87.0,156.4561,7.9897,145.6964,7.8827,166.7647
548328,2012-04-18,2,Kolkata Knight Riders,Punjab Kings,"Punjab Cricket Association IS Bindra Stadium, Mohali",127,162.4412,8.3691,240.0,87.0,145.7321,7.5751,157.9825,8.2117,145.7321
548321,2012-04-19,1,Deccan Chargers,Delhi Capitals,"Arun Jaitley Stadium, Delhi",157,156.7632,8.1552,231.0,95.0,152.4444,7.8807,153.1207,7.8691,165.0
548321,2012-04-19,2,Delhi Capitals,Deccan Chargers,"Arun Jaitley Stadium, Delhi",162,156.7632,8.1552,231.0,95.0,150.0,7.9473,154.6825,7.9957,158.0
548330,2012-04-19,1,Chennai Super Kings,Pune Warriors,"MA Chidambaram Stadium, Chepauk, Chennai",164,160.46,8.1946,246.0,112.0,161.8889,8.2591,142.2222,7.2744,163.9583
548330,2012-04-19,2,Pune Warriors,Chennai Super Kings,"MA Chidambaram Stadium, Chepauk, Chennai",151,160.46,8.1946,246.0,112.0,140.1667,7.369,151.8413,7.8963,140.1667
548331,2012-04-20,1,Punjab Kings,Royal Challengers Bengaluru,"Punjab Cricket Association IS Bindra Stadium, Mohali",163,160.3889,8.2902,240.0,87.0,155.8966,7.9588,156.697,8.0364,164.3889
548331,2012-04-20,2,Royal Challengers Bengaluru,Punjab Kings,"Punjab Cricket Association IS Bindra Stadium, Mohali",166,160.3889,8.2902,240.0,87.0,149.0152,7.8546,157.4483,8.2028,149.0152
548332,2012-04-21,1,Rajasthan Royals,Chennai Super Kings,"MA Chidambaram Stadium, Chepauk, Chennai",146,160.3462,8.1823,246.0,112.0,148.4355,7.874,151.8281,7.8909,193.6667
548332,2012-04-21,2,Chennai Super Kings,Rajasthan Royals,"MA Chidambaram Stadium, Chepauk, Chennai",147,160.3462,8.1823,246.0,112.0,161.9219,8.2582,148.4839,7.8841,163.96
548333,2012-04-21,1,Pune Warriors,Delhi Capitals,"Arun Jaitley Stadium, Delhi",192,156.9,8.155,231.0,95.0,140.7368,7.3785,153.1864,7.8688,140.7368
548333,2012-04-21,2,Delhi Capitals,Pune Warriors,"Arun Jaitley Stadium, Delhi",172,156.9,8.155,231.0,95.0,150.2034,7.9558,143.3684,7.3231,158.2
548334,2012-04-22,1,Mumbai Indians,Punjab Kings,"Wankhede Stadium, Mumbai",163,143.5278,7.8418,197.0,67.0,150.7812,7.9202,157.5932,8.208,145.4667
548334,2012-04-22,2,Punjab Kings,Mumbai Indians,"Wankhede Stadium, Mumbai",164,143.5278,7.8418,197.0,67.0,156.0169,7.962,144.375,7.6037,145.6667
548335,2012-04-22,1,Deccan Chargers,Kolkata Knight Riders,Barabati Stadium,126,166.5,8.325,171.0,161.0,152.5156,7.8803,145.3158,7.8531,152.5156
548335,2012-04-22,2,Kolkata Knight Riders,Deccan Chargers,Barabati Stadium,127,166.5,8.325,171.0,161.0,145.4035,7.5772,154.7969,8.0028,145.4035
548336,2012-04-23,1,Royal Challengers Bengaluru,Rajasthan Royals,"Sawai Mansingh Stadium, Jaipur",189,149.825,7.8966,197.0,94.0,149.2687,7.8644,148.4603,7.8756,138.3333
548336,2012-04-23,2,Rajasthan Royals,Royal Challengers Bengaluru,"Sawai Mansingh Stadium, Jaipur",143,149.825,7.8966,197.0,94.0,148.3968,7.8649,156.791,8.0381,151.65
548337,2012-04-24,1,Pune Warriors,Delhi Capitals,"Maharashtra Cricket Association Stadium, Pune",146,155.25,7.8297,166.0,144.0,143.3,7.4896,153.8333,7.8976,143.3
548337,2012-04-24,2,Delhi Capitals,Pune Warriors,"Maharashtra Cricket Association Stadium, Pune",148,155.25,7.8297,166.0,144.0,150.5667,7.9666,144.8,7.387,150.5667
548339,2012-04-25,1,Punjab Kings,Mumbai Indians,"Punjab Cricket Association IS Bindra Stadium, Mohali",168,160.6053,8.2923,240.0,87.0,156.15,7.9695,144.6769,7.6161,164.3158
548339,2012-04-25,2,Mumbai Indians,Punjab Kings,"Punjab Cricket Association IS Bindra Stadium, Mohali",171,160.6053,8.2923,240.0,87.0,150.9692,7.9238,157.6833,8.2071,119.0
548341,2012-04-26,1,Deccan Chargers,Pune Warriors,"Maharashtra Cricket Association Stadium, Pune",177,152.5,7.9782,166.0,144.0,152.1077,7.856,144.9524,7.4757,152.1077
548341,2012-04-26,2,Pune Warriors,Deccan Chargers,"Maharashtra Cricket Association Stadium, Pune",159,152.5,7.9782,166.0,144.0,143.4286,7.4806,154.3692,7.9825,156.0
548342,2012-04-27,1,Delhi Capitals,Mumbai Indians,"Arun Jaitley Stadium, Delhi",207,158.0952,8.2,231.0,95.0,150.5246,7.9876,145.0303,7.628,158.8571
548342,2012-04-27,2,Mumbai Indians,Delhi Capitals,"Arun Jaitley Stadium, Delhi",170,158.0952,8.2,231.0,95.0,151.2727,7.9343,153.7049,7.8878,164.3333
548343,2012-04-28,1,Punjab Kings,Chennai Super Kings,"MA Chidambaram Stadium, Chepauk, Chennai",156,159.8333,8.1505,246.0,112.0,156.3443,7.9766,151.7385,7.8818,156.3443
548343,2012-04-28,2,Chennai Super Kings,Punjab Kings,"MA Chidambaram Stadium, Chepauk, Chennai",149,159.8333,8.1505,246.0,112.0,161.6923,8.2442,157.9016,8.2139,163.3077
548344,2012-04-28,1,Kolkata Knight Riders,Royal Challengers Bengaluru,"Eden Gardens, Kolkata",190,141.2727,7.5863,204.0,81.0,145.0862,7.5618,156.5882,8.025,141.5455
548344,2012-04-28,2,Royal Challengers Bengaluru,Kolkata Knight Riders,"Eden Gardens, Kolkata",143,141.2727,7.5863,204.0,81.0,149.8529,7.8877,144.9828,7.8264,144.6667
548345,2012-04-29,1,Delhi Capitals,Rajasthan Royals,"Arun Jaitley Stadium, Delhi",152,159.4773,8.2557,231.0,95.0,151.4355,8.0257,149.0938,7.9002,161.0455
548345,2012-04-29,2,Rajasthan Royals,Delhi Capitals,"Arun Jaitley Stadium, Delhi",151,159.4773,8.2557,231.0,95.0,148.3125,7.8537,153.9677,7.8977,148.3125
548346,2012-04-29,1,Deccan Chargers,Mumbai Indians,"Wankhede Stadium, Mumbai",100,144.5789,7.8649,197.0,67.0,152.4848,7.871,145.9552,7.6686,152.4848
548346,2012-04-29,2,Mumbai Indians,Deccan Chargers,"Wankhede Stadium, Mumbai",101,144.5789,7.8649,197.0,67.0,151.5522,7.9428,154.4394,7.9821,146.5625
548347,2012-04-30,1,Chennai Super Kings,Kolkata Knight Riders,"MA Chidambaram Stadium, Chepauk, Chennai",139,159.5714,8.1318,246.0,112.0,161.5,8.2322,144.9492,7.8149,162.7778
548347,2012-04-30,2,Kolkata Knight Riders,Chennai Super Kings,"MA Chidambaram Stadium, Chepauk, Chennai",140,159.5714,8.1318,246.0,112.0,145.8475,7.5947,151.803,7.8806,145.6667
548348,2012-05-01,1,Deccan Chargers,Pune Warriors,Barabati Stadium,186,153.1667,7.714,171.0,126.0,151.7015,7.8335,146.4091,7.5381,155.6667
548348,2012-05-01,2,Pune Warriors,Deccan Chargers,Barabati Stadium,173,153.1667,7.714,171.0,126.0,144.1364,7.5019,153.6418,7.9459,144.1364
548349,2012-05-01,1,Rajasthan Royals,Delhi Capitals,"Sawai Mansingh Stadium, Jaipur",141,150.5952,7.9158,197.0,94.0,148.3538,7.849,153.9206,7.8922,151.2381
548349,2012-05-01,2,Delhi Capitals,Rajasthan Royals,"Sawai Mansingh Stadium, Jaipur",144,150.5952,7.9158,197.0,94.0,151.4444,8.019,149.1385,7.8956,151.4444
548350,2012-05-02,1,Royal Challengers Bengaluru,Punjab Kings,"M Chinnaswamy Stadium, Bengaluru",158,153.0652,8.032,222.0,82.0,149.7536,7.877,157.7581,8.2015,149.5217
548350,2012-05-02,2,Punjab Kings,Royal Challengers Bengaluru,"M Chinnaswamy Stadium, Bengaluru",163,153.0652,8.032,222.0,82.0,156.3387,7.9737,157.0725,8.0464,150.0
548351,2012-05-03,1,Mumbai Indians,Pune Warriors,"Maharashtra Cricket Association Stadium, Pune",120,156.375,8.0836,177.0,144.0,150.8088,7.9077,148.1304,7.6147,150.8088
548351,2012-05-03,2,Pune Warriors,Mumbai Indians,"Maharashtra Cricket Association Stadium, Pune",119,156.375,8.0836,177.0,144.0,145.3913,7.5518,145.2794,7.6346,156.75
548352,2012-05-04,1,Chennai Super Kings,Deccan Chargers,"MA Chidambaram Stadium, Chepauk, Chennai",160,158.8793,8.0939,246.0,112.0,161.1642,8.213,153.9265,7.9563,161.9286
548352,2012-05-04,2,Deccan Chargers,Chennai Super Kings,"MA Chidambaram Stadium, Chepauk, Chennai",150,158.8793,8.0939,246.0,112.0,152.2059,7.8551,151.6269,7.8692,161.3333
548353,2012-05-05,1,Kolkata Knight Riders,Pune Warriors,"Eden Gardens, Kolkata",150,142.3696,7.6185,204.0,81.0,145.75,7.5867,146.9583,7.5475,143.6522
548353,2012-05-05,2,Pune Warriors,Kolkata Knight Riders,"Eden Gardens, Kolkata",143,142.3696,7.6185,204.0,81.0,144.2917,7.4851,144.85,7.8005,144.2917
548354,2012-05-05,1,Rajasthan Royals,Punjab Kings,"Punjab Cricket Association IS Bindra Stadium, Mohali",177,161.05,8.3033,240.0,87.0,148.2424,7.8369,157.7619,8.1968,170.0
548354,2012-05-05,2,Punjab Kings,Rajasthan Royals,"Punjab Cricket Association IS Bindra Stadium, Mohali",134,161.05,8.3033,240.0,87.0,156.4444,7.9776,149.0606,7.9182,164.5
548355,2012-05-06,1,Chennai Super Kings,Mumbai Indians,"Wankhede Stadium, Mumbai",173,142.375,7.7446,197.0,67.0,161.1471,8.2099,144.8986,7.6102,151.25
548355,2012-05-06,2,Mumbai Indians,Chennai Super Kings,"Wankhede Stadium, Mumbai",174,142.375,7.7446,197.0,67.0,150.3623,7.8801,151.6029,7.8638,143.8824
548356,2012-05-06,1,Deccan Chargers,Royal Challengers Bengaluru,"M Chinnaswamy Stadium, Bengaluru",181,153.375,8.0331,222.0,82.0,152.1739,7.8499,157.1571,8.0489,152.1739
548356,2012-05-06,2,Royal Challengers Bengaluru,Deccan Chargers,"M Chinnaswamy Stadium, Bengaluru",185,153.375,8.0331,222.0,82.0,149.8714,7.8774,154.0145,7.9569,149.875
548357,2012-05-07,1,Delhi Capitals,Kolkata Knight Riders,"Arun Jaitley Stadium, Delhi",153,159.1304,8.2261,231.0,95.0,151.3281,8.0404,144.8197,7.7898,160.6522
548357,2012-05-07,2,Kolkata Knight Riders,Delhi Capitals,"Arun Jaitley Stadium, Delhi",154,159.1304,8.2261,231.0,95.0,145.8197,7.5853,153.7188,7.879,145.8197
548358,2012-05-08,1,Pune Warriors,Rajasthan Royals,"Maharashtra Cricket Association Stadium, Pune",125,149.0,7.6619,177.0,119.0,144.24,7.4717,148.8358,7.9001,149.2
548358,2012-05-08,2,Rajasthan Royals,Pune Warriors,"Maharashtra Cricket Association Stadium, Pune",126,149.0,7.6619,177.0,119.0,148.6716,7.852,147.08,7.5456,148.6716
548359,2012-05-08,1,Punjab Kings,Deccan Chargers,"Rajiv Gandhi International Stadium, Uppal, Hyderabad",170,163.2857,8.4425,217.0,135.0,156.0938,7.9576,154.4571,7.9835,156.0938
548359,2012-05-08,2,Deccan Chargers,Punjab Kings,"Rajiv Gandhi International Stadium, Uppal, Hyderabad",145,163.2857,8.4425,217.0,135.0,152.5857,7.8671,158.0625,8.207,159.8571
548360,2012-05-09,1,Mumbai Indians,Royal Challengers Bengaluru,"Wankhede Stadium, Mumbai",141,143.8571,7.7889,197.0,67.0,150.7,7.8918,157.493,8.063,145.5556
548360,2012-05-09,2,Royal Challengers Bengaluru,Mumbai Indians,"Wankhede Stadium, Mumbai",142,143.8571,7.7889,197.0,67.0,150.3662,7.9048,145.3,7.625,150.3662
548329,2012-05-10,1,Deccan Chargers,Delhi Capitals,"Rajiv Gandhi International Stadium, Uppal, Hyderabad",187,162.9,8.4047,217.0,135.0,152.4789,7.8584,153.7231,7.8847,158.8667
548329,2012-05-10,2,Delhi Capitals,Deccan Chargers,"Rajiv Gandhi International Stadium, Uppal, Hyderabad",193,162.9,8.4047,217.0,135.0,151.3538,8.0344,154.6761,7.9908,151.3538
548361,2012-05-10,1,Rajasthan Royals,Chennai Super Kings,"Sawai Mansingh Stadium, Jaipur",126,150.2273,7.9297,197.0,94.0,148.3382,7.85,151.9275,7.8759,150.7727
548361,2012-05-10,2,Chennai Super Kings,Rajasthan Royals,"Sawai Mansingh Stadium, Jaipur",127,150.2273,7.9297,197.0,94.0,161.3188,8.2163,148.4853,7.8758,161.3188
548362,2012-05-11,1,Royal Challengers Bengaluru,Pune Warriors,"Maharashtra Cricket Association Stadium, Pune",173,145.0833,7.5486,177.0,119.0,150.25,7.9045,146.2692,7.5521,150.25
548362,2012-05-11,2,Pune Warriors,Royal Challengers Bengaluru,"Maharashtra Cricket Association Stadium, Pune",138,145.0833,7.5486,177.0,119.0,143.5,7.4247,157.2639,8.0489,145.1667
548363,2012-05-12,1,Mumbai Indians,Kolkata Knight Riders,"Eden Gardens, Kolkata",182,142.5417,7.6062,204.0,81.0,150.5634,7.8799,144.9516,7.7876,149.6667
548363,2012-05-12,2,Kolkata Knight Riders,Mumbai Indians,"Eden Gardens, Kolkata",155,142.5417,7.6062,204.0,81.0,145.9516,7.596,145.2535,7.6288,143.9167
548364,2012-05-12,1,Delhi Capitals,Chennai Super Kings,"MA Chidambaram Stadium, Chepauk, Chennai",114,158.75,8.0825,246.0,112.0,151.9848,8.0881,151.5571,7.8534,147.6667
548364,2012-05-12,2,Chennai Super Kings,Delhi Capitals,"MA Chidambaram Stadium, Chepauk, Chennai",115,158.75,8.0825,246.0,112.0,160.8286,8.1988,154.2273,7.9069,161.8621
548365,2012-05-13,1,Rajasthan Royals,Pune Warriors,"Sawai Mansingh Stadium, Jaipur",170,149.1957,7.8738,197.0,94.0,148.0145,7.8275,147.2593,7.5927,149.6957
548365,2012-05-13,2,Pune Warriors,Rajasthan Royals,"Sawai Mansingh Stadium, Jaipur",125,149.1957,7.8738,197.0,94.0,143.2963,7.4053,148.1739,7.863,143.2963
548366,2012-05-13,1,Deccan Chargers,Punjab Kings,"Punjab Cricket Association IS Bindra Stadium, Mohali",190,160.7857,8.2781,240.0,87.0,152.9583,7.8791,157.8615,8.1922,152.9583
548366,2012-05-13,2,Punjab Kings,Deccan Chargers,"Punjab Cricket Association IS Bindra Stadium, Mohali",194,160.7857,8.2781,240.0,87.0,156.3077,7.966,155.2083,8.0407,163.0476
548367,2012-05-14,1,Royal Challengers Bengaluru,Mumbai Indians,"M Chinnaswamy Stadium, Bengaluru",171,154.56,8.0893,222.0,82.0,150.5616,7.9148,145.3889,7.6304,151.28
548367,2012-05-14,2,Mumbai Indians,Royal Challengers Bengaluru,"M Chinnaswamy Stadium, Bengaluru",173,154.56,8.0893,222.0,82.0,151.0,7.8969,157.0,8.0332,153.3333
548368,2012-05-14,1,Kolkata Knight Riders,Chennai Super Kings,"Eden Gardens, Kolkata",158,143.58,7.639,204.0,81.0,146.0952,7.5985,151.0282,7.8231,144.36
548368,2012-05-14,2,Chennai Super Kings,Kolkata Knight Riders,"Eden Gardens, Kolkata",160,143.58,7.639,204.0,81.0,160.1831,8.1889,145.5397,7.8084,160.1831
548369,2012-05-15,1,Punjab Kings,Delhi Capitals,"Arun Jaitley Stadium, Delhi",136,158.8958,8.2146,231.0,95.0,156.8788,7.9923,153.6418,7.9009,156.8788
548369,2012-05-15,2,Delhi Capitals,Punjab Kings,"Arun Jaitley Stadium, Delhi",140,158.8958,8.2146,231.0,95.0,151.4179,8.0525,158.3485,8.2121,160.3333
548370,2012-05-16,1,Kolkata Knight Riders,Mumbai Indians,"Wankhede Stadium, Mumbai",140,143.75,7.7743,197.0,67.0,146.2812,7.6032,145.7397,7.643,146.2812
548370,2012-05-16,2,Mumbai Indians,Kolkata Knight Riders,"Wankhede Stadium, Mumbai",108,143.75,7.7743,197.0,67.0,151.3014,7.9092,145.7656,7.8114,145.3158
548371,2012-05-17,1,Chennai Super Kings,Punjab Kings,"Himachal Pradesh Cricket Association Stadium, Dharamsala",120,171.7,8.7775,232.0,116.0,160.1806,8.1863,158.0746,8.1995,160.1806
548371,2012-05-17,2,Punjab Kings,Chennai Super Kings,"Himachal Pradesh Cricket Association Stadium, Dharamsala",123,171.7,8.7775,232.0,116.0,156.5672,7.9745,151.125,7.8241,176.8
548372,2012-05-17,1,Royal Challengers Bengaluru,Delhi Capitals,"Arun Jaitley Stadium, Delhi",215,158.06,8.1694,231.0,95.0,150.8378,7.9233,153.3824,7.8847,163.0
548372,2012-05-17,2,Delhi Capitals,Royal Challengers Bengaluru,"Arun Jaitley Stadium, Delhi",194,158.06,8.1694,231.0,95.0,151.25,8.0424,157.2162,8.0435,159.52
548373,2012-05-18,1,Rajasthan Royals,Deccan Chargers,"Rajiv Gandhi International Stadium, Uppal, Hyderabad",126,164.5938,8.5334,217.0,135.0,148.3286,7.8371,155.7397,8.0634,148.3286
548373,2012-05-18,2,Deccan Chargers,Rajasthan Royals,"Rajiv Gandhi International Stadium, Uppal, Hyderabad",128,164.5938,8.5334,217.0,135.0,153.4658,7.9013,147.8429,7.8399,160.625
548374,2012-05-19,1,Punjab Kings,Delhi Capitals,"Himachal Pradesh Cricket Association Stadium, Dharamsala",141,163.3333,8.4358,232.0,116.0,156.0735,7.9668,154.2754,7.9262,167.8333
548374,2012-05-19,2,Delhi Capitals,Punjab Kings,"Himachal Pradesh Cricket Association Stadium, Dharamsala",145,163.3333,8.4358,232.0,116.0,151.8696,8.0664,157.5147,8.1671,151.8696
548375,2012-05-19,1,Kolkata Knight Riders,Pune Warriors,"Maharashtra Cricket Association Stadium, Pune",136,146.5714,7.5809,177.0,119.0,146.1846,7.5939,148.0714,7.6251,146.1846
548375,2012-05-19,2,Pune Warriors,Kolkata Knight Riders,"Maharashtra Cricket Association Stadium, Pune",102,146.5714,7.5809,177.0,119.0,142.6429,7.364,145.1846,7.7779,144.1429
548376,2012-05-20,1,Deccan Chargers,Royal Challengers Bengaluru,"Rajiv Gandhi International Stadium, Uppal, Hyderabad",132,162.3824,8.4185,217.0,126.0,153.1216,7.8872,157.7067,8.0656,158.7059
548376,2012-05-20,2,Royal Challengers Bengaluru,Deccan Chargers,"Rajiv Gandhi International Stadium, Uppal, Hyderabad",123,162.3824,8.4185,217.0,126.0,151.6933,7.961,155.3378,8.0396,151.6933
548377,2012-05-20,1,Rajasthan Royals,Mumbai Indians,"Sawai Mansingh Stadium, Jaipur",162,149.125,7.853,197.0,94.0,148.0141,7.8155,145.6622,7.6343,150.5417
548377,2012-05-20,2,Mumbai Indians,Rajasthan Royals,"Sawai Mansingh Stadium, Jaipur",163,149.125,7.853,197.0,94.0,150.7162,7.8785,147.5634,7.8261,137.6667
548378,2012-05-22,1,Kolkata Knight Riders,Delhi Capitals,"Maharashtra Cricket Association Stadium, Pune",162,143.125,7.3771,177.0,102.0,146.0303,7.5819,154.0857,7.9137,146.0303
548378,2012-05-22,2,Delhi Capitals,Kolkata Knight Riders,"Maharashtra Cricket Association Stadium, Pune",144,143.125,7.3771,177.0,102.0,151.7714,8.0642,144.5303,7.7373,151.7714
548379,2012-05-23,1,Chennai Super Kings,Mumbai Indians,"M Chinnaswamy Stadium, Bengaluru",187,155.2308,8.1117,222.0,82.0,159.6301,8.1564,145.88,7.6406,147.0
548379,2012-05-23,2,Mumbai Indians,Chennai Super Kings,"M Chinnaswamy Stadium, Bengaluru",149,155.2308,8.1117,222.0,82.0,150.88,7.8942,150.7397,7.8191,158.25
548380,2012-05-25,1,Chennai Super Kings,Delhi Capitals,"MA Chidambaram Stadium, Chepauk, Chennai",222,157.3226,8.0346,246.0,112.0,160.0,8.1725,154.1972,7.9163,160.3
548380,2012-05-25,2,Delhi Capitals,Chennai Super Kings,"MA Chidambaram Stadium, Chepauk, Chennai",136,157.3226,8.0346,246.0,112.0,151.662,8.052,150.7162,7.8141,139.25
548381,2012-05-27,1,Chennai Super Kings,Kolkata Knight Riders,"MA Chidambaram Stadium, Chepauk, Chennai",190,158.0,8.0832,246.0,112.0,160.8267,8.2115,144.5224,7.7293,162.2903
548381,2012-05-27,2,Kolkata Knight Riders,Chennai Super Kings,"MA Chidambaram Stadium, Chepauk, Chennai",192,158.0,8.0832,246.0,112.0,146.2687,7.5896,150.52,7.8176,144.25
597998,2013-04-03,1,Delhi Capitals,Kolkata Knight Riders,"Eden Gardens, Kolkata",128,144.1731,7.6509,204.0,81.0,151.4444,8.0524,145.1912,7.7553,125.6667
597998,2013-04-03,2,Kolkata Knight Riders,Delhi Capitals,"Eden Gardens, Kolkata",129,144.1731,7.6509,204.0,81.0,146.9412,7.6216,155.1389,7.9605,144.8846
597999,2013-04-04,1,Royal Challengers Bengaluru,Mumbai Indians,"M Chinnaswamy Stadium, Bengaluru",156,155.7037,8.1224,222.0,82.0,151.3158,7.9372,146.4211,7.663,152.0385
597999,2013-04-04,2,Mumbai Indians,Royal Challengers Bengaluru,"M Chinnaswamy Stadium, Bengaluru",154,155.7037,8.1224,222.0,82.0,150.8553,7.8883,157.3684,8.0463,156.4
598000,2013-04-05,1,Sunrisers Hyderabad,Pune Warriors,"Rajiv Gandhi International Stadium, Uppal, Hyderabad",126,160.4444,8.3049,217.0,123.0,151.4762,7.8874,147.6552,7.5967,151.4762
598000,2013-04-05,2,Pune Warriors,Sunrisers Hyderabad,"Rajiv Gandhi International Stadium, Uppal, Hyderabad",104,160.4444,8.3049,217.0,123.0,141.2414,7.2859,151.4762,7.8874,141.2414
598001,2013-04-06,1,Rajasthan Royals,Delhi Capitals,"Arun Jaitley Stadium, Delhi",165,159.8462,8.2484,231.0,95.0,148.2083,7.8194,154.7808,7.9461,133.6667
598001,2013-04-06,2,Delhi Capitals,Rajasthan Royals,"Arun Jaitley Stadium, Delhi",160,159.8462,8.2484,231.0,95.0,151.1233,8.0298,147.7778,7.8432,160.8462
598002,2013-04-06,1,Mumbai Indians,Chennai Super Kings,"MA Chidambaram Stadium, Chepauk, Chennai",148,159.0,8.1301,246.0,112.0,150.8961,7.8859,151.0658,7.8432,150.0
598002,2013-04-06,2,Chennai Super Kings,Mumbai Indians,"MA Chidambaram Stadium, Chepauk, Chennai",139,159.0,8.1301,246.0,112.0,161.2105,8.2285,146.5455,7.6648,163.1562
598003,2013-04-07,1,Pune Warriors,Punjab Kings,"Maharashtra Cricket Association Stadium, Pune",99,144.2222,7.4074,177.0,102.0,140.0,7.2271,157.3333,8.1634,138.875
598003,2013-04-07,2,Punjab Kings,Pune Warriors,"Maharashtra Cricket Association Stadium, Pune",100,144.2222,7.4074,177.0,102.0,155.8551,7.9535,146.9333,7.5534,155.8551
598004,2013-04-07,1,Royal Challengers Bengaluru,Sunrisers Hyderabad,"Rajiv Gandhi International Stadium, Uppal, Hyderabad",130,158.0526,8.1789,217.0,104.0,151.3766,7.9354,104.0,5.5221,145.3333
598004,2013-04-07,2,Sunrisers Hyderabad,Royal Challengers Bengaluru,"Rajiv Gandhi International Stadium, Uppal, Hyderabad",130,158.0526,8.1789,217.0,104.0,126.0,6.3,157.3247,8.0418,126.0
598005,2013-04-08,1,Rajasthan Royals,Kolkata Knight Riders,"Sawai Mansingh Stadium, Jaipur",144,149.66,7.882,197.0,94.0,148.4384,7.8253,144.942,7.7357,151.0
598005,2013-04-08,2,Kolkata Knight Riders,Rajasthan Royals,"Sawai Mansingh Stadium, Jaipur",125,149.66,7.882,197.0,94.0,146.6812,7.6113,147.9452,7.8453,151.0
598006,2013-04-09,1,Mumbai Indians,Delhi Capitals,"Wankhede Stadium, Mumbai",209,142.8913,7.711,197.0,67.0,150.859,7.8797,154.9189,7.9502,143.45
598006,2013-04-09,2,Delhi Capitals,Mumbai Indians,"Wankhede Stadium, Mumbai",165,142.8913,7.711,197.0,67.0,151.2432,8.0294,146.4487,7.6557,108.6667
598048,2013-04-09,1,Sunrisers Hyderabad,Royal Challengers Bengaluru,"M Chinnaswamy Stadium, Bengaluru",161,155.6786,8.1091,222.0,82.0,128.0,6.4,156.9744,8.022,128.0
598048,2013-04-09,2,Royal Challengers Bengaluru,Sunrisers Hyderabad,"M Chinnaswamy Stadium, Bengaluru",162,155.6786,8.1091,222.0,82.0,151.1026,7.917,117.0,6.0111,152.1852
598007,2013-04-10,1,Punjab Kings,Chennai Super Kings,"Punjab Cricket Association IS Bindra Stadium, Mohali",138,162.2045,8.3382,240.0,87.0,155.0571,7.9557,151.026,7.8374,164.4545
598007,2013-04-10,2,Chennai Super Kings,Punjab Kings,"Punjab Cricket Association IS Bindra Stadium, Mohali",139,162.2045,8.3382,240.0,87.0,160.9221,8.2119,156.5,8.1175,160.9221
598008,2013-04-11,1,Kolkata Knight Riders,Royal Challengers Bengaluru,"M Chinnaswamy Stadium, Bengaluru",154,155.8793,8.1264,222.0,82.0,146.3714,7.5965,157.0253,8.0224,182.3333
598008,2013-04-11,2,Royal Challengers Bengaluru,Kolkata Knight Riders,"M Chinnaswamy Stadium, Bengaluru",158,155.8793,8.1264,222.0,82.0,151.2405,7.9329,144.9286,7.728,152.5357
598009,2013-04-11,1,Rajasthan Royals,Pune Warriors,"Maharashtra Cricket Association Stadium, Pune",145,139.75,7.3196,177.0,99.0,148.3784,7.8169,145.4194,7.5713,148.3784
598009,2013-04-11,2,Pune Warriors,Rajasthan Royals,"Maharashtra Cricket Association Stadium, Pune",148,139.75,7.3196,177.0,99.0,138.6774,7.1537,147.6351,7.8282,134.4444
598010,2013-04-12,1,Delhi Capitals,Sunrisers Hyderabad,"Arun Jaitley Stadium, Delhi",114,159.9444,8.2439,231.0,95.0,151.4267,8.0323,132.0,7.064,160.8148
598010,2013-04-12,2,Sunrisers Hyderabad,Delhi Capitals,"Arun Jaitley Stadium, Delhi",115,159.9444,8.2439,231.0,95.0,139.0,6.95,155.64,7.9836,139.0
598011,2013-04-13,1,Mumbai Indians,Pune Warriors,"Wankhede Stadium, Mumbai",183,144.7292,7.7793,209.0,67.0,151.5949,7.9122,145.4062,7.5613,146.5714
598011,2013-04-13,2,Pune Warriors,Mumbai Indians,"Wankhede Stadium, Mumbai",142,144.7292,7.7793,209.0,67.0,138.9688,7.1779,146.6835,7.6632,138.9688
598012,2013-04-13,1,Royal Challengers Bengaluru,Chennai Super Kings,"MA Chidambaram Stadium, Chepauk, Chennai",165,158.5441,8.102,246.0,112.0,151.325,7.9466,150.859,7.8262,164.3333
598012,2013-04-13,2,Chennai Super Kings,Royal Challengers Bengaluru,"MA Chidambaram Stadium, Chepauk, Chennai",166,158.5441,8.102,246.0,112.0,160.641,8.2094,156.9875,8.0183,162.4242
598013,2013-04-14,1,Kolkata Knight Riders,Sunrisers Hyderabad,"Eden Gardens, Kolkata",180,143.5926,7.6141,204.0,81.0,146.4789,7.598,127.5,6.723,144.2963
598013,2013-04-14,2,Sunrisers Hyderabad,Kolkata Knight Riders,"Eden Gardens, Kolkata",132,143.5926,7.6141,204.0,81.0,133.0,6.6996,145.1127,7.7464,133.0
598014,2013-04-14,1,Punjab Kings,Rajasthan Royals,"Sawai Mansingh Stadium, Jaipur",124,149.0769,7.8439,197.0,94.0,154.8169,7.9417,147.64,7.8295,159.6667
598014,2013-04-14,2,Rajasthan Royals,Punjab Kings,"Sawai Mansingh Stadium, Jaipur",126,149.0769,7.8439,197.0,94.0,148.3333,7.8093,156.2535,8.1161,150.7308
598015,2013-04-15,1,Pune Warriors,Chennai Super Kings,"MA Chidambaram Stadium, Chepauk, Chennai",159,158.7429,8.108,246.0,112.0,139.0606,7.1755,151.038,7.8315,139.0606
598015,2013-04-15,2,Chennai Super Kings,Pune Warriors,"MA Chidambaram Stadium, Chepauk, Chennai",135,158.7429,8.108,246.0,112.0,160.7089,8.2114,146.5455,7.6094,162.5294
598016,2013-04-16,1,Punjab Kings,Kolkata Knight Riders,"Punjab Cricket Association IS Bindra Stadium, Mohali",157,161.1739,8.3013,240.0,87.0,154.3889,7.9228,144.9306,7.7304,163.3043
598016,2013-04-16,2,Kolkata Knight Riders,Punjab Kings,"Punjab Cricket Association IS Bindra Stadium, Mohali",153,161.1739,8.3013,240.0,87.0,146.9444,7.6175,155.8333,8.0939,159.6667
598017,2013-04-16,1,Delhi Capitals,Royal Challengers Bengaluru,"M Chinnaswamy Stadium, Bengaluru",152,155.8833,8.1343,222.0,82.0,150.9342,8.0016,157.0988,8.0227,159.3333
598017,2013-04-16,2,Royal Challengers Bengaluru,Delhi Capitals,"M Chinnaswamy Stadium, Bengaluru",152,155.8833,8.1343,222.0,82.0,151.4938,7.9503,155.1053,7.9568,152.7241
598018,2013-04-17,1,Sunrisers Hyderabad,Pune Warriors,"Maharashtra Cricket Association Stadium, Pune",119,140.3636,7.3441,177.0,99.0,132.8,6.6797,146.2059,7.5842,132.8
598018,2013-04-17,2,Pune Warriors,Sunrisers Hyderabad,"Maharashtra Cricket Association Stadium, Pune",108,140.3636,7.3441,177.0,99.0,139.6471,7.1983,138.0,7.1784,135.8
598019,2013-04-17,1,Rajasthan Royals,Mumbai Indians,"Sawai Mansingh Stadium, Jaipur",179,148.1852,7.796,197.0,94.0,148.0395,7.7923,146.625,7.6561,149.8148
598019,2013-04-17,2,Mumbai Indians,Rajasthan Royals,"Sawai Mansingh Stadium, Jaipur",92,148.1852,7.796,197.0,94.0,151.9875,7.9277,147.3289,7.8131,144.0
598020,2013-04-18,1,Chennai Super Kings,Delhi Capitals,"Arun Jaitley Stadium, Delhi",169,158.3214,8.1574,231.0,95.0,160.3875,8.1932,155.0649,7.9522,162.6667
598020,2013-04-18,2,Delhi Capitals,Chennai Super Kings,"Arun Jaitley Stadium, Delhi",83,158.3214,8.1574,231.0,95.0,150.9481,7.9964,151.1375,7.833,159.1429
598021,2013-04-19,1,Punjab Kings,Sunrisers Hyderabad,"Rajiv Gandhi International Stadium, Uppal, Hyderabad",123,156.65,8.095,217.0,104.0,154.4247,7.9218,133.0,6.9294,167.6667
598021,2013-04-19,2,Sunrisers Hyderabad,Punjab Kings,"Rajiv Gandhi International Stadium, Uppal, Hyderabad",127,156.65,8.095,217.0,104.0,130.5,6.558,155.7945,8.0878,130.5
598022,2013-04-20,1,Kolkata Knight Riders,Chennai Super Kings,"Eden Gardens, Kolkata",119,144.0357,7.6207,204.0,81.0,147.0274,7.6179,150.2963,7.7949,145.5714
598022,2013-04-20,2,Chennai Super Kings,Kolkata Knight Riders,"Eden Gardens, Kolkata",124,144.0357,7.6207,204.0,81.0,160.4938,8.1963,145.0959,7.7321,160.4938
598023,2013-04-20,1,Rajasthan Royals,Royal Challengers Bengaluru,"M Chinnaswamy Stadium, Bengaluru",117,155.7581,8.1171,222.0,82.0,148.4416,7.8074,157.0366,8.0175,141.6667
598023,2013-04-20,2,Royal Challengers Bengaluru,Rajasthan Royals,"M Chinnaswamy Stadium, Bengaluru",123,155.7581,8.1171,222.0,82.0,151.5,7.946,146.6104,7.7768,152.7
598024,2013-04-21,1,Mumbai Indians,Delhi Capitals,"Arun Jaitley Stadium, Delhi",161,157.2069,8.1036,231.0,83.0,151.2469,7.8917,155.2436,7.9585,165.75
598024,2013-04-21,2,Delhi Capitals,Mumbai Indians,"Arun Jaitley Stadium, Delhi",165,157.2069,8.1036,231.0,83.0,150.0769,7.9547,147.0247,7.6721,156.5172
598025,2013-04-21,1,Pune Warriors,Punjab Kings,"Punjab Cricket Association IS Bindra Stadium, Mohali",185,160.9167,8.2783,240.0,87.0,138.7429,7.1551,155.4054,8.0696,138.7429
598025,2013-04-21,2,Punjab Kings,Pune Warriors,"Punjab Cricket Association IS Bindra Stadium, Mohali",186,160.9167,8.2783,240.0,87.0,154.0,7.8979,145.4286,7.5375,163.0417
598026,2013-04-22,1,Rajasthan Royals,Chennai Super Kings,"MA Chidambaram Stadium, Chepauk, Chennai",185,158.4167,8.0869,246.0,112.0,148.0385,7.7835,149.9146,7.7724,181.75
598026,2013-04-22,2,Chennai Super Kings,Rajasthan Royals,"MA Chidambaram Stadium, Chepauk, Chennai",186,158.4167,8.0869,246.0,112.0,160.0488,8.1753,146.3077,7.7656,161.7429
598027,2013-04-23,1,Royal Challengers Bengaluru,Pune Warriors,"M Chinnaswamy Stadium, Bengaluru",263,154.6406,8.0641,222.0,82.0,151.1566,7.9334,146.5556,7.5886,151.7419
598027,2013-04-23,2,Pune Warriors,Royal Challengers Bengaluru,"M Chinnaswamy Stadium, Bengaluru",133,154.6406,8.0641,222.0,82.0,140.0278,7.2133,156.5542,7.9926,140.0278
598059,2013-04-23,1,Delhi Capitals,Punjab Kings,"Arun Jaitley Stadium, Delhi",120,157.4,8.1294,231.0,83.0,150.2658,7.9768,155.8,8.0854,156.8
598059,2013-04-23,2,Punjab Kings,Delhi Capitals,"Arun Jaitley Stadium, Delhi",121,157.4,8.1294,231.0,83.0,154.4267,7.9176,155.3165,7.9597,150.0
598029,2013-04-24,1,Kolkata Knight Riders,Mumbai Indians,"Eden Gardens, Kolkata",159,143.2586,7.5721,204.0,81.0,146.6486,7.5954,147.2439,7.6969,144.6552
598029,2013-04-24,2,Mumbai Indians,Kolkata Knight Riders,"Eden Gardens, Kolkata",162,143.2586,7.5721,204.0,81.0,151.3659,7.8937,144.8108,7.715,157.75
598030,2013-04-25,1,Sunrisers Hyderabad,Chennai Super Kings,"MA Chidambaram Stadium, Chepauk, Chennai",159,159.1486,8.1201,246.0,112.0,130.0,6.5845,150.3373,7.7902,130.0
598030,2013-04-25,2,Chennai Super Kings,Sunrisers Hyderabad,"MA Chidambaram Stadium, Chepauk, Chennai",160,159.1486,8.1201,246.0,112.0,160.3614,8.1898,131.5714,6.818,162.4167
598031,2013-04-26,1,Punjab Kings,Kolkata Knight Riders,"Eden Gardens, Kolkata",149,143.8333,7.5883,204.0,81.0,153.9868,7.9071,145.04,7.7211,157.75
598031,2013-04-26,2,Kolkata Knight Riders,Punjab Kings,"Eden Gardens, Kolkata",150,143.8333,7.5883,204.0,81.0,146.8133,7.6001,155.3289,8.0579,145.1333
598032,2013-04-27,1,Sunrisers Hyderabad,Rajasthan Royals,"Sawai Mansingh Stadium, Jaipur",144,147.7321,7.767,197.0,92.0,133.625,6.7552,146.8101,7.786,133.625
598032,2013-04-27,2,Rajasthan Royals,Sunrisers Hyderabad,"Sawai Mansingh Stadium, Jaipur",146,147.7321,7.767,197.0,92.0,148.5063,7.8021,135.125,6.9827,150.8571
598033,2013-04-27,1,Mumbai Indians,Royal Challengers Bengaluru,"Wankhede Stadium, Mumbai",194,145.44,7.7931,209.0,67.0,151.494,7.897,156.2738,7.9766,148.2273
598033,2013-04-27,2,Royal Challengers Bengaluru,Mumbai Indians,"Wankhede Stadium, Mumbai",136,145.44,7.7931,209.0,67.0,152.4881,7.9955,147.3855,7.7,161.0
598034,2013-04-28,1,Chennai Super Kings,Kolkata Knight Riders,"MA Chidambaram Stadium, Chepauk, Chennai",200,159.1579,8.1181,246.0,112.0,160.3571,8.1891,145.0921,7.7175,162.3514
598034,2013-04-28,2,Kolkata Knight Riders,Chennai Super Kings,"MA Chidambaram Stadium, Chepauk, Chennai",186,159.1579,8.1181,246.0,112.0,146.8553,7.6077,150.4405,7.7921,153.8
598035,2013-04-28,1,Delhi Capitals,Pune Warriors,Shaheed Veer Narayan Singh International Stadium,164,150.9729,7.8533,263.0,58.0,149.8875,7.9521,149.7027,7.7389,149.8875
598035,2013-04-28,2,Pune Warriors,Delhi Capitals,Shaheed Veer Narayan Singh International Stadium,149,150.9729,7.8533,263.0,58.0,139.8378,7.198,154.8875,7.9492,139.8378
598036,2013-04-29,1,Royal Challengers Bengaluru,Rajasthan Royals,"Sawai Mansingh Stadium, Jaipur",171,147.6379,7.7644,197.0,92.0,152.2941,7.9814,146.775,7.7787,151.0
598036,2013-04-29,2,Rajasthan Royals,Royal Challengers Bengaluru,"Sawai Mansingh Stadium, Jaipur",173,147.6379,7.7644,197.0,92.0,148.475,7.8069,156.7176,7.9969,150.6897
598037,2013-04-29,1,Mumbai Indians,Punjab Kings,"Wankhede Stadium, Mumbai",174,146.1923,7.8107,209.0,67.0,152.0,7.9184,155.2597,8.0595,150.2174
598037,2013-04-29,2,Punjab Kings,Mumbai Indians,"Wankhede Stadium, Mumbai",170,146.1923,7.8107,209.0,67.0,153.9221,7.9012,147.25,7.6893,150.25
598038,2013-04-30,1,Chennai Super Kings,Pune Warriors,"Maharashtra Cricket Association Stadium, Pune",164,138.125,7.2168,177.0,99.0,160.8235,8.2104,150.0789,7.751,160.8235
598038,2013-04-30,2,Pune Warriors,Chennai Super Kings,"Maharashtra Cricket Association Stadium, Pune",127,138.125,7.2168,177.0,99.0,140.0789,7.2047,150.8588,7.8098,133.2727
598039,2013-05-01,1,Mumbai Indians,Sunrisers Hyderabad,"Rajiv Gandhi International Stadium, Uppal, Hyderabad",129,155.1429,8.0165,217.0,104.0,152.2588,7.9276,136.3333,7.1165,152.2588
598039,2013-05-01,2,Sunrisers Hyderabad,Mumbai Indians,"Rajiv Gandhi International Stadium, Uppal, Hyderabad",130,155.1429,8.0165,217.0,104.0,134.7778,6.8046,147.5176,7.6988,127.6667
598040,2013-05-01,1,Kolkata Knight Riders,Delhi Capitals,Shaheed Veer Narayan Singh International Stadium,136,156.5,7.825,164.0,149.0,147.3636,7.6297,154.8148,7.943,147.3636
598040,2013-05-01,2,Delhi Capitals,Kolkata Knight Riders,Shaheed Veer Narayan Singh International Stadium,137,156.5,7.825,164.0,149.0,150.0617,7.9552,145.8052,7.7471,150.0617
598041,2013-05-02,1,Chennai Super Kings,Punjab Kings,"MA Chidambaram Stadium, Chepauk, Chennai",186,160.0256,8.1573,246.0,112.0,160.8605,8.2103,155.5,8.0678,163.3421
598041,2013-05-02,2,Punjab Kings,Chennai Super Kings,"MA Chidambaram Stadium, Chepauk, Chennai",171,160.0256,8.1573,246.0,112.0,154.1282,7.9088,150.5814,7.7928,151.6667
598042,2013-05-02,1,Royal Challengers Bengaluru,Pune Warriors,"Maharashtra Cricket Association Stadium, Pune",187,138.6923,7.2213,177.0,99.0,152.5116,7.9881,150.4359,7.7626,152.5116
598042,2013-05-02,2,Pune Warriors,Royal Challengers Bengaluru,"Maharashtra Cricket Association Stadium, Pune",170,138.6923,7.2213,177.0,99.0,139.7436,7.1827,156.907,8.0053,132.75
598043,2013-05-03,1,Rajasthan Royals,Kolkata Knight Riders,"Eden Gardens, Kolkata",132,144.0161,7.5956,204.0,81.0,148.7778,7.8182,145.6923,7.7463,123.5
598043,2013-05-03,2,Kolkata Knight Riders,Rajasthan Royals,"Eden Gardens, Kolkata",133,144.0161,7.5956,204.0,81.0,147.2179,7.6191,147.0741,7.7882,145.2903
598044,2013-05-04,1,Delhi Capitals,Sunrisers Hyderabad,"Rajiv Gandhi International Stadium, Uppal, Hyderabad",80,153.9773,7.9628,217.0,104.0,149.9024,7.9519,135.6,7.0499,171.6667
598044,2013-05-04,2,Sunrisers Hyderabad,Delhi Capitals,"Rajiv Gandhi International Stadium, Uppal, Hyderabad",81,153.9773,7.9628,217.0,104.0,134.3,6.8464,154.5854,7.9291,128.25
598046,2013-05-05,1,Mumbai Indians,Chennai Super Kings,"Wankhede Stadium, Mumbai",139,147.1481,7.8399,209.0,67.0,151.9884,7.9105,150.8161,7.8015,151.2083
598046,2013-05-05,2,Chennai Super Kings,Mumbai Indians,"Wankhede Stadium, Mumbai",79,147.1481,7.8399,209.0,67.0,161.1494,8.2228,147.314,7.6933,155.6
598047,2013-05-05,1,Pune Warriors,Rajasthan Royals,"Sawai Mansingh Stadium, Jaipur",178,148.45,7.7935,197.0,92.0,140.5,7.2157,146.9024,7.7868,140.5
598047,2013-05-05,2,Rajasthan Royals,Pune Warriors,"Sawai Mansingh Stadium, Jaipur",182,148.45,7.7935,197.0,92.0,148.5732,7.8034,151.35,7.8022,151.4333
598064,2013-05-06,1,Royal Challengers Bengaluru,Punjab Kings,"Punjab Cricket Association IS Bindra Stadium, Mohali",190,161.9,8.3197,240.0,87.0,152.908,8.0037,155.8861,8.0834,164.3333
598064,2013-05-06,2,Punjab Kings,Royal Challengers Bengaluru,"Punjab Cricket Association IS Bindra Stadium, Mohali",194,161.9,8.3197,240.0,87.0,154.3418,7.917,157.0575,8.011,163.96
598049,2013-05-07,1,Delhi Capitals,Rajasthan Royals,"Sawai Mansingh Stadium, Jaipur",154,149.4677,7.8336,197.0,92.0,149.0602,7.9064,147.2771,7.8002,150.3333
598049,2013-05-07,2,Rajasthan Royals,Delhi Capitals,"Sawai Mansingh Stadium, Jaipur",155,149.4677,7.8336,197.0,92.0,148.9759,7.8199,153.6988,7.9041,152.4194
598050,2013-05-07,1,Mumbai Indians,Kolkata Knight Riders,"Wankhede Stadium, Mumbai",170,145.7857,7.776,209.0,67.0,151.8391,7.8994,145.519,7.7318,150.72
598050,2013-05-07,2,Kolkata Knight Riders,Mumbai Indians,"Wankhede Stadium, Mumbai",105,145.7857,7.776,209.0,67.0,147.038,7.6198,146.5287,7.664,118.0
598051,2013-05-08,1,Chennai Super Kings,Sunrisers Hyderabad,"Rajiv Gandhi International Stadium, Uppal, Hyderabad",223,150.7826,7.8347,217.0,80.0,160.2159,8.1879,130.5455,6.7884,160.2159
598051,2013-05-08,2,Sunrisers Hyderabad,Chennai Super Kings,"Rajiv Gandhi International Stadium, Uppal, Hyderabad",146,150.7826,7.8347,217.0,80.0,129.4545,6.7563,150.6818,7.7919,118.8
598052,2013-05-09,1,Punjab Kings,Rajasthan Royals,"Punjab Cricket Association IS Bindra Stadium, Mohali",145,163.0577,8.3897,240.0,87.0,154.8375,7.9527,147.3571,7.799,165.1154
598052,2013-05-09,2,Rajasthan Royals,Punjab Kings,"Punjab Cricket Association IS Bindra Stadium, Mohali",147,163.0577,8.3897,240.0,87.0,149.0476,7.8303,156.3125,8.1011,171.75
598053,2013-05-09,1,Kolkata Knight Riders,Pune Warriors,"Maharashtra Cricket Association Stadium, Pune",152,141.5357,7.343,187.0,99.0,146.5125,7.5961,152.0976,7.8358,146.5125
598053,2013-05-09,2,Pune Warriors,Kolkata Knight Riders,"Maharashtra Cricket Association Stadium, Pune",106,141.5357,7.343,187.0,99.0,141.4146,7.2568,145.825,7.7414,135.6154
598054,2013-05-10,1,Royal Challengers Bengaluru,Delhi Capitals,"Arun Jaitley Stadium, Delhi",183,156.2097,8.0788,231.0,83.0,153.3295,8.0207,153.7143,7.9135,176.0
598054,2013-05-10,2,Delhi Capitals,Royal Challengers Bengaluru,"Arun Jaitley Stadium, Delhi",179,156.2097,8.0788,231.0,83.0,149.119,7.9039,157.4773,8.0425,155.6129
598055,2013-05-11,1,Pune Warriors,Mumbai Indians,"Maharashtra Cricket Association Stadium, Pune",112,140.7,7.288,187.0,99.0,140.5714,7.2134,146.0568,7.642,133.5
598055,2013-05-11,2,Mumbai Indians,Pune Warriors,"Maharashtra Cricket Association Stadium, Pune",116,140.7,7.288,187.0,99.0,152.0455,7.9062,152.0952,7.8301,152.0455
598056,2013-05-11,1,Sunrisers Hyderabad,Punjab Kings,"Punjab Cricket Association IS Bindra Stadium, Mohali",150,162.4259,8.3565,240.0,87.0,130.8333,6.8016,156.1975,8.0966,130.8333
598056,2013-05-11,2,Punjab Kings,Sunrisers Hyderabad,"Punjab Cricket Association IS Bindra Stadium, Mohali",120,162.4259,8.3565,240.0,87.0,154.716,7.944,138.25,7.1519,164.3704
598057,2013-05-12,1,Royal Challengers Bengaluru,Kolkata Knight Riders,JSCA International Stadium Complex,115,151.0161,7.85,263.0,58.0,153.6629,8.0334,145.3333,7.7129,153.6629
598057,2013-05-12,2,Kolkata Knight Riders,Royal Challengers Bengaluru,JSCA International Stadium Complex,116,151.0161,7.85,263.0,58.0,146.5802,7.5962,157.7191,8.0527,146.5802
598058,2013-05-12,1,Chennai Super Kings,Rajasthan Royals,"Sawai Mansingh Stadium, Jaipur",141,149.625,7.845,197.0,92.0,160.9213,8.2212,147.3294,7.7925,144.0
598058,2013-05-12,2,Rajasthan Royals,Chennai Super Kings,"Sawai Mansingh Stadium, Jaipur",144,149.625,7.845,197.0,92.0,149.0235,7.8292,150.6292,7.7863,152.5
598060,2013-05-13,1,Sunrisers Hyderabad,Mumbai Indians,"Wankhede Stadium, Mumbai",178,145.5,7.7532,209.0,67.0,132.3077,6.8553,145.6742,7.6191,132.3077
598060,2013-05-13,2,Mumbai Indians,Sunrisers Hyderabad,"Wankhede Stadium, Mumbai",184,145.5,7.7532,209.0,67.0,151.6404,7.8866,136.8462,7.0633,151.4615
598045,2013-05-14,1,Royal Challengers Bengaluru,Punjab Kings,"M Chinnaswamy Stadium, Bengaluru",174,155.9545,8.1198,263.0,82.0,153.2333,8.008,156.122,8.0893,155.2188
598045,2013-05-14,2,Punjab Kings,Royal Challengers Bengaluru,"M Chinnaswamy Stadium, Bengaluru",176,155.9545,8.1198,263.0,82.0,154.2927,7.9203,157.2556,8.0298,153.25
598062,2013-05-14,1,Chennai Super Kings,Delhi Capitals,"MA Chidambaram Stadium, Chepauk, Chennai",168,160.4875,8.1765,246.0,112.0,160.7,8.2082,154.0588,7.928,163.9231
598062,2013-05-14,2,Delhi Capitals,Chennai Super Kings,"MA Chidambaram Stadium, Chepauk, Chennai",135,160.4875,8.1765,246.0,112.0,149.4706,7.9162,150.5556,7.793,138.6
598061,2013-05-15,1,Pune Warriors,Kolkata Knight Riders,JSCA International Stadium Complex,170,115.5,5.875,116.0,115.0,139.907,7.1759,144.9634,7.689,139.907
598061,2013-05-15,2,Kolkata Knight Riders,Pune Warriors,JSCA International Stadium Complex,163,115.5,5.875,116.0,115.0,146.2073,7.5767,151.2558,7.7913,146.2073
598063,2013-05-15,1,Mumbai Indians,Rajasthan Royals,"Wankhede Stadium, Mumbai",166,146.6833,7.8004,209.0,67.0,152.0,7.9038,147.2558,7.7839,152.6667
598063,2013-05-15,2,Rajasthan Royals,Mumbai Indians,"Wankhede Stadium, Mumbai",152,146.6833,7.8004,209.0,67.0,148.9651,7.8357,146.0333,7.6333,165.3333
598028,2013-05-16,1,Punjab Kings,Delhi Capitals,"Himachal Pradesh Cricket Association Stadium, Dharamsala",171,160.4286,8.2992,232.0,116.0,154.5542,7.9416,154.2209,7.9335,164.0
598028,2013-05-16,2,Delhi Capitals,Punjab Kings,"Himachal Pradesh Cricket Association Stadium, Dharamsala",164,160.4286,8.2992,232.0,116.0,149.3023,7.9026,156.3373,8.0967,149.3023
598065,2013-05-17,1,Sunrisers Hyderabad,Rajasthan Royals,"Rajiv Gandhi International Stadium, Uppal, Hyderabad",136,152.1875,7.8926,223.0,80.0,135.5714,7.0014,147.4713,7.7898,123.3333
598065,2013-05-17,2,Rajasthan Royals,Sunrisers Hyderabad,"Rajiv Gandhi International Stadium, Uppal, Hyderabad",113,152.1875,7.8926,223.0,80.0,149.0,7.833,140.2143,7.2327,161.3333
598066,2013-05-18,1,Punjab Kings,Mumbai Indians,"Himachal Pradesh Cricket Association Stadium, Dharamsala",183,161.3125,8.3087,232.0,116.0,154.75,7.9489,146.0989,7.633,164.875
598066,2013-05-18,2,Mumbai Indians,Punjab Kings,"Himachal Pradesh Cricket Association Stadium, Dharamsala",133,161.3125,8.3087,232.0,116.0,152.1538,7.9082,156.4286,8.0979,152.1538
598068,2013-05-18,1,Royal Challengers Bengaluru,Chennai Super Kings,"M Chinnaswamy Stadium, Bengaluru",106,156.5147,8.1514,263.0,82.0,153.4615,8.0156,150.3846,7.7816,155.7879
598068,2013-05-18,2,Chennai Super Kings,Royal Challengers Bengaluru,"M Chinnaswamy Stadium, Bengaluru",82,156.5147,8.1514,263.0,82.0,160.7802,8.2103,157.4615,8.0481,157.0
598067,2013-05-19,1,Pune Warriors,Delhi Capitals,"Maharashtra Cricket Association Stadium, Pune",172,139.0312,7.2,187.0,99.0,140.5909,7.206,154.4138,7.9406,132.0667
598067,2013-05-19,2,Delhi Capitals,Pune Warriors,"Maharashtra Cricket Association Stadium, Pune",134,139.0312,7.2,187.0,99.0,149.4713,7.9061,151.5227,7.7994,149.4713
598069,2013-05-19,1,Kolkata Knight Riders,Sunrisers Hyderabad,"Rajiv Gandhi International Stadium, Uppal, Hyderabad",130,151.08,7.8259,223.0,80.0,146.4096,7.5836,138.4,7.1272,146.4096
598069,2013-05-19,2,Sunrisers Hyderabad,Kolkata Knight Riders,"Rajiv Gandhi International Stadium, Uppal, Hyderabad",132,151.08,7.8259,223.0,80.0,135.6,6.988,145.2651,7.6988,125.1429
598070,2013-05-21,1,Chennai Super Kings,Mumbai Indians,"Arun Jaitley Stadium, Delhi",192,156.9844,8.1091,231.0,83.0,159.9239,8.2325,146.5,7.6494,164.25
598070,2013-05-21,2,Mumbai Indians,Chennai Super Kings,"Arun Jaitley Stadium, Delhi",144,156.9844,8.1091,231.0,83.0,151.9457,7.8976,149.9022,7.841,164.8
598071,2013-05-22,1,Sunrisers Hyderabad,Rajasthan Royals,"Arun Jaitley Stadium, Delhi",132,157.3182,8.1257,231.0,83.0,135.375,6.9893,147.3409,7.7786,135.375
598071,2013-05-22,2,Rajasthan Royals,Sunrisers Hyderabad,"Arun Jaitley Stadium, Delhi",135,157.3182,8.1257,231.0,83.0,148.5909,7.8082,137.875,7.088,141.5
598072,2013-05-24,1,Rajasthan Royals,Mumbai Indians,"Eden Gardens, Kolkata",165,143.6562,7.5813,204.0,81.0,148.4382,7.7989,146.9892,7.6704,125.2
598072,2013-05-24,2,Mumbai Indians,Rajasthan Royals,"Eden Gardens, Kolkata",169,143.6562,7.5813,204.0,81.0,151.8602,7.8957,147.1685,7.7653,158.6
598073,2013-05-26,1,Mumbai Indians,Chennai Super Kings,"Eden Gardens, Kolkata",148,144.3636,7.6057,204.0,81.0,152.0426,7.9023,149.8387,7.8396,160.3333
598073,2013-05-26,2,Chennai Super Kings,Mumbai Indians,"Eden Gardens, Kolkata",125,144.3636,7.6057,204.0,81.0,160.2688,8.2472,147.1809,7.6766,149.3333
729279,2014-04-16,1,Kolkata Knight Riders,Mumbai Indians,"Zayed Cricket Stadium, Abu Dhabi",163,150.9049,7.8546,263.0,58.0,146.2143,7.5707,146.9474,7.6616,146.2143
729279,2014-04-16,2,Mumbai Indians,Kolkata Knight Riders,"Zayed Cricket Stadium, Abu Dhabi",122,150.9049,7.8546,263.0,58.0,152.0,7.897,145.1071,7.6906,152.0
729281,2014-04-17,1,Delhi Capitals,Royal Challengers Bengaluru,Sharjah Cricket Stadium,145,150.8833,7.8528,263.0,58.0,149.2955,7.8924,156.6413,8.072,149.2955
729281,2014-04-17,2,Royal Challengers Bengaluru,Delhi Capitals,Sharjah Cricket Stadium,146,150.8833,7.8528,263.0,58.0,152.9457,8.0725,154.6136,7.9481,152.9457
729283,2014-04-18,1,Chennai Super Kings,Punjab Kings,"Zayed Cricket Stadium, Abu Dhabi",205,142.5,7.125,163.0,122.0,159.8936,8.2259,156.1529,8.0842,159.8936
729283,2014-04-18,2,Punjab Kings,Chennai Super Kings,"Zayed Cricket Stadium, Abu Dhabi",206,142.5,7.125,163.0,122.0,155.0824,7.963,149.8191,7.835,155.0824
729285,2014-04-18,1,Sunrisers Hyderabad,Rajasthan Royals,"Zayed Cricket Stadium, Abu Dhabi",133,142.5,7.125,163.0,122.0,135.1765,6.9664,147.4111,7.7737,135.1765
729285,2014-04-18,2,Rajasthan Royals,Sunrisers Hyderabad,"Zayed Cricket Stadium, Abu Dhabi",135,142.5,7.125,163.0,122.0,148.6222,7.8039,137.7059,7.0818,148.6222
729287,2014-04-19,1,Mumbai Indians,Royal Challengers Bengaluru,Dubai International Cricket Stadium,115,150.9656,7.8574,263.0,58.0,151.6875,7.8783,156.5161,8.0632,151.6875
729287,2014-04-19,2,Royal Challengers Bengaluru,Mumbai Indians,Dubai International Cricket Stadium,116,150.9656,7.8574,263.0,58.0,152.871,8.0799,147.1146,7.6667,152.871
729289,2014-04-19,1,Kolkata Knight Riders,Delhi Capitals,Dubai International Cricket Stadium,166,150.9656,7.8574,263.0,58.0,146.4118,7.5775,154.5169,7.9572,146.4118
729289,2014-04-19,2,Delhi Capitals,Kolkata Knight Riders,Dubai International Cricket Stadium,167,150.9656,7.8574,263.0,58.0,149.2472,7.8851,144.8353,7.6718,149.2472
729291,2014-04-20,1,Rajasthan Royals,Punjab Kings,Sharjah Cricket Stadium,191,145.5,8.005,146.0,145.0,148.4725,7.7942,156.7209,8.1094,148.4725
729291,2014-04-20,2,Punjab Kings,Rajasthan Royals,Sharjah Cricket Stadium,193,145.5,8.005,146.0,145.0,155.6744,7.9976,147.2527,7.7614,155.6744
729293,2014-04-21,1,Chennai Super Kings,Delhi Capitals,"Zayed Cricket Stadium, Abu Dhabi",177,160.6667,8.1685,206.0,122.0,160.3684,8.2472,154.6444,7.961,160.3684
729293,2014-04-21,2,Delhi Capitals,Chennai Super Kings,"Zayed Cricket Stadium, Abu Dhabi",84,160.6667,8.1685,206.0,122.0,149.4444,7.8927,150.4105,7.8676,149.4444
729295,2014-04-22,1,Punjab Kings,Sunrisers Hyderabad,Sharjah Cricket Stadium,193,168.75,8.9748,193.0,145.0,156.1034,8.0245,137.5556,7.073,156.1034
729295,2014-04-22,2,Sunrisers Hyderabad,Punjab Kings,Sharjah Cricket Stadium,121,168.75,8.9748,193.0,145.0,135.0556,6.9488,157.1149,8.126,135.0556
729297,2014-04-23,1,Chennai Super Kings,Rajasthan Royals,Dubai International Cricket Stadium,140,141.0,7.3107,167.0,115.0,160.5417,8.2535,147.75,7.7894,160.5417
729297,2014-04-23,2,Rajasthan Royals,Chennai Super Kings,Dubai International Cricket Stadium,133,141.0,7.3107,167.0,115.0,148.9348,7.8133,149.7188,7.8415,148.9348
729299,2014-04-24,1,Kolkata Knight Riders,Royal Challengers Bengaluru,Sharjah Cricket Stadium,150,164.8333,8.6347,193.0,121.0,146.6395,7.5859,156.0745,8.0386,146.6395
729299,2014-04-24,2,Royal Challengers Bengaluru,Kolkata Knight Riders,Sharjah Cricket Stadium,148,164.8333,8.6347,193.0,121.0,152.4787,8.0645,145.093,7.6822,152.4787
729301,2014-04-25,1,Sunrisers Hyderabad,Delhi Capitals,Dubai International Cricket Stadium,184,139.5,7.1581,167.0,115.0,134.3158,6.9125,154.8901,7.9708,134.3158
729301,2014-04-25,2,Delhi Capitals,Sunrisers Hyderabad,Dubai International Cricket Stadium,180,139.5,7.1581,167.0,115.0,148.7253,7.8649,140.4737,7.2086,148.7253
729303,2014-04-25,1,Mumbai Indians,Chennai Super Kings,Dubai International Cricket Stadium,141,139.5,7.1581,167.0,115.0,151.3093,7.8564,149.5464,7.8298,151.3093
729303,2014-04-25,2,Chennai Super Kings,Mumbai Indians,Dubai International Cricket Stadium,142,139.5,7.1581,167.0,115.0,160.3299,8.2406,146.7938,7.656,160.3299
729305,2014-04-26,1,Royal Challengers Bengaluru,Rajasthan Royals,"Zayed Cricket Stadium, Abu Dhabi",70,153.125,7.9029,206.0,84.0,152.4316,8.0575,147.6667,7.7809,152.4316
729305,2014-04-26,2,Rajasthan Royals,Royal Challengers Bengaluru,"Zayed Cricket Stadium, Abu Dhabi",71,153.125,7.9029,206.0,84.0,148.7634,7.8014,156.0105,8.0329,148.7634
729307,2014-04-26,1,Punjab Kings,Kolkata Knight Riders,"Zayed Cricket Stadium, Abu Dhabi",132,153.125,7.9029,206.0,84.0,156.5227,8.043,145.1264,7.679,156.5227
729307,2014-04-26,2,Kolkata Knight Riders,Punjab Kings,"Zayed Cricket Stadium, Abu Dhabi",109,153.125,7.9029,206.0,84.0,146.6782,7.5849,156.7045,8.1048,146.6782
729309,2014-04-27,1,Mumbai Indians,Delhi Capitals,Sharjah Cricket Stadium,125,160.875,8.3385,193.0,121.0,151.2041,7.8482,155.2065,7.9841,151.2041
729309,2014-04-27,2,Delhi Capitals,Mumbai Indians,Sharjah Cricket Stadium,126,160.875,8.3385,193.0,121.0,149.0652,7.8772,146.7449,7.6541,149.0652
729311,2014-04-27,1,Sunrisers Hyderabad,Chennai Super Kings,Sharjah Cricket Stadium,145,160.875,8.3385,193.0,121.0,136.8,7.0268,149.4592,7.8219,136.8
729311,2014-04-27,2,Chennai Super Kings,Sunrisers Hyderabad,Sharjah Cricket Stadium,146,160.875,8.3385,193.0,121.0,160.1429,8.2328,142.45,7.2982,160.1429
729313,2014-04-28,1,Royal Challengers Bengaluru,Punjab Kings,Dubai International Cricket Stadium,124,148.4,7.5672,184.0,115.0,151.5729,8.0222,156.1685,8.0805,151.5729
729313,2014-04-28,2,Punjab Kings,Royal Challengers Bengaluru,Dubai International Cricket Stadium,127,148.4,7.5672,184.0,115.0,156.2472,8.0268,155.125,8.0061,156.2472
729315,2014-04-29,1,Rajasthan Royals,Kolkata Knight Riders,"Zayed Cricket Stadium, Abu Dhabi",152,133.9167,7.158,206.0,70.0,147.9362,7.7765,144.9773,7.6667,147.9362
729315,2014-04-29,2,Kolkata Knight Riders,Rajasthan Royals,"Zayed Cricket Stadium, Abu Dhabi",152,133.9167,7.158,206.0,70.0,146.25,7.5663,146.8404,7.7478,146.25
729317,2014-04-30,1,Sunrisers Hyderabad,Mumbai Indians,Dubai International Cricket Stadium,172,144.5833,7.3846,184.0,115.0,137.1905,7.0375,146.5354,7.6444,137.1905
729317,2014-04-30,2,Mumbai Indians,Sunrisers Hyderabad,Dubai International Cricket Stadium,157,144.5833,7.3846,184.0,115.0,150.9394,7.832,142.619,7.3072,150.9394
733971,2014-05-02,1,Chennai Super Kings,Kolkata Knight Riders,JSCA International Stadium Complex,148,141.0,7.1,170.0,115.0,160.0,8.2252,145.0562,7.666,160.0
733971,2014-05-02,2,Kolkata Knight Riders,Chennai Super Kings,JSCA International Stadium Complex,114,141.0,7.1,170.0,115.0,146.3146,7.5667,149.4141,7.8161,146.3146
733973,2014-05-03,1,Punjab Kings,Mumbai Indians,"Wankhede Stadium, Mumbai",168,147.0806,7.8052,209.0,67.0,155.9222,8.0125,146.79,7.6539,154.2
733973,2014-05-03,2,Mumbai Indians,Punjab Kings,"Wankhede Stadium, Mumbai",170,147.0806,7.8052,209.0,67.0,151.0,7.8322,155.8111,8.0596,153.1429
733975,2014-05-03,1,Delhi Capitals,Rajasthan Royals,"Arun Jaitley Stadium, Delhi",152,156.6176,8.0865,231.0,83.0,148.8172,7.8644,146.8947,7.7462,156.3438
733975,2014-05-03,2,Rajasthan Royals,Delhi Capitals,"Arun Jaitley Stadium, Delhi",156,156.6176,8.0865,231.0,83.0,147.9789,7.7747,154.8817,7.9655,140.2
733977,2014-05-04,1,Sunrisers Hyderabad,Royal Challengers Bengaluru,"M Chinnaswamy Stadium, Bengaluru",155,154.7286,8.2542,263.0,82.0,138.7727,7.1085,154.8351,7.9931,138.7727
733977,2014-05-04,2,Royal Challengers Bengaluru,Sunrisers Hyderabad,"M Chinnaswamy Stadium, Bengaluru",158,154.7286,8.2542,263.0,82.0,151.2887,8.0034,143.2727,7.3319,154.3235
733979,2014-05-05,1,Rajasthan Royals,Kolkata Knight Riders,"Sardar Patel Stadium, Motera",170,152.625,8.0388,177.0,134.0,148.0625,7.7815,145.0889,7.6775,159.25
733979,2014-05-05,2,Kolkata Knight Riders,Rajasthan Royals,"Sardar Patel Stadium, Motera",160,152.625,8.0388,177.0,134.0,145.9556,7.5571,146.9479,7.7447,145.9556
733981,2014-05-05,1,Delhi Capitals,Chennai Super Kings,"Arun Jaitley Stadium, Delhi",178,156.5429,8.0845,231.0,83.0,148.8511,7.8616,149.06,7.805,156.2121
733981,2014-05-05,2,Chennai Super Kings,Delhi Capitals,"Arun Jaitley Stadium, Delhi",181,156.5429,8.0845,231.0,83.0,159.88,8.2301,154.8936,7.9705,169.8
733983,2014-05-06,1,Mumbai Indians,Royal Challengers Bengaluru,"Wankhede Stadium, Mumbai",187,147.7656,7.8311,209.0,67.0,151.1881,7.8425,154.8367,7.9906,153.7241
733983,2014-05-06,2,Royal Challengers Bengaluru,Mumbai Indians,"Wankhede Stadium, Mumbai",168,147.7656,7.8311,209.0,67.0,151.3571,8.003,147.0,7.6613,154.75
733985,2014-05-07,1,Delhi Capitals,Kolkata Knight Riders,"Arun Jaitley Stadium, Delhi",160,157.1806,8.1113,231.0,83.0,149.1579,7.8726,145.3626,7.6866,156.8529
733985,2014-05-07,2,Kolkata Knight Riders,Delhi Capitals,"Arun Jaitley Stadium, Delhi",161,157.1806,8.1113,231.0,83.0,146.1099,7.562,155.1684,7.9834,146.3333
733987,2014-05-07,1,Punjab Kings,Chennai Super Kings,Barabati Stadium,231,159.75,8.0293,186.0,126.0,156.0549,8.0168,149.3465,7.8158,156.0549
733987,2014-05-07,2,Chennai Super Kings,Punjab Kings,Barabati Stadium,187,159.75,8.0293,186.0,126.0,160.0891,8.2397,155.967,8.0685,160.0891
733989,2014-05-08,1,Sunrisers Hyderabad,Rajasthan Royals,"Sardar Patel Stadium, Motera",134,155.1,8.081,177.0,134.0,139.4783,7.1364,147.0825,7.7473,139.4783
733989,2014-05-08,2,Rajasthan Royals,Sunrisers Hyderabad,"Sardar Patel Stadium, Motera",102,155.1,8.081,177.0,134.0,148.2887,7.7889,143.913,7.3595,161.4
733991,2014-05-09,1,Punjab Kings,Royal Challengers Bengaluru,"M Chinnaswamy Stadium, Bengaluru",198,154.7778,8.2432,263.0,82.0,156.8696,8.0552,155.1616,8.0043,157.8
733991,2014-05-09,2,Royal Challengers Bengaluru,Punjab Kings,"M Chinnaswamy Stadium, Bengaluru",166,154.7778,8.2432,263.0,82.0,151.5253,8.007,156.3043,8.0824,154.4286
733995,2014-05-10,1,Mumbai Indians,Chennai Super Kings,"Wankhede Stadium, Mumbai",157,148.6667,7.8627,209.0,67.0,151.5392,7.8572,150.1471,7.8524,154.8333
733995,2014-05-10,2,Chennai Super Kings,Mumbai Indians,"Wankhede Stadium, Mumbai",160,148.6667,7.8627,209.0,67.0,160.3529,8.2506,147.2059,7.6685,142.8333
733997,2014-05-11,1,Punjab Kings,Kolkata Knight Riders,Barabati Stadium,149,169.6,8.5134,231.0,126.0,157.3118,8.075,145.5217,7.69,157.3118
733997,2014-05-11,2,Kolkata Knight Riders,Punjab Kings,Barabati Stadium,150,169.6,8.5134,231.0,126.0,146.2717,7.5752,156.4086,8.0848,146.2717
733999,2014-05-11,1,Royal Challengers Bengaluru,Rajasthan Royals,"M Chinnaswamy Stadium, Bengaluru",190,155.5135,8.2664,263.0,82.0,151.67,8.0099,146.949,7.7367,154.75
733999,2014-05-11,2,Rajasthan Royals,Royal Challengers Bengaluru,"M Chinnaswamy Stadium, Bengaluru",191,155.5135,8.2664,263.0,82.0,147.8163,7.7619,155.59,8.0233,135.5
734001,2014-05-12,1,Sunrisers Hyderabad,Mumbai Indians,"Rajiv Gandhi International Stadium, Uppal, Hyderabad",157,150.3077,7.7847,223.0,80.0,139.25,7.1182,147.3301,7.6738,126.0
734001,2014-05-12,2,Mumbai Indians,Sunrisers Hyderabad,"Rajiv Gandhi International Stadium, Uppal, Hyderabad",160,150.3077,7.7847,223.0,80.0,151.5922,7.8572,142.1667,7.2671,159.6667
734003,2014-05-13,1,Rajasthan Royals,Chennai Super Kings,JSCA International Stadium Complex,148,137.6667,7.302,170.0,114.0,148.2525,7.786,150.2136,7.8524,148.2525
734003,2014-05-13,2,Chennai Super Kings,Rajasthan Royals,JSCA International Stadium Complex,149,137.6667,7.302,170.0,114.0,160.3495,8.2501,147.3838,7.7545,160.3495
734005,2014-05-13,1,Royal Challengers Bengaluru,Delhi Capitals,"M Chinnaswamy Stadium, Bengaluru",186,156.4342,8.3073,263.0,82.0,152.0495,8.0247,155.2292,7.9918,155.7027
734005,2014-05-13,2,Delhi Capitals,Royal Challengers Bengaluru,"M Chinnaswamy Stadium, Bengaluru",170,156.4342,8.3073,263.0,82.0,149.2708,7.8739,155.9406,8.0443,157.5
734007,2014-05-14,1,Sunrisers Hyderabad,Punjab Kings,"Rajiv Gandhi International Stadium, Uppal, Hyderabad",205,150.6111,7.8005,223.0,80.0,139.96,7.1475,156.3404,8.0874,129.4444
734007,2014-05-14,2,Punjab Kings,Sunrisers Hyderabad,"Rajiv Gandhi International Stadium, Uppal, Hyderabad",211,150.6111,7.8005,223.0,80.0,157.2234,8.0684,142.88,7.3193,156.5
734009,2014-05-14,1,Mumbai Indians,Kolkata Knight Riders,Barabati Stadium,141,166.25,8.4098,231.0,126.0,151.6731,7.864,145.5591,7.6874,151.6731
734009,2014-05-14,2,Kolkata Knight Riders,Mumbai Indians,Barabati Stadium,142,166.25,8.4098,231.0,126.0,146.3118,7.5834,147.4231,7.6754,146.3118
734011,2014-05-15,1,Rajasthan Royals,Delhi Capitals,"Sardar Patel Stadium, Motera",201,148.9167,7.7211,177.0,102.0,148.25,7.7821,155.5464,8.0052,151.5
734011,2014-05-15,2,Delhi Capitals,Rajasthan Royals,"Sardar Patel Stadium, Motera",139,148.9167,7.7211,177.0,102.0,149.4845,7.8803,147.4,7.7527,149.4845
734013,2014-05-18,1,Chennai Super Kings,Royal Challengers Bengaluru,JSCA International Stadium Complex,138,140.375,7.3485,170.0,114.0,160.2404,8.2437,156.0784,8.0487,160.2404
734013,2014-05-18,2,Royal Challengers Bengaluru,Chennai Super Kings,JSCA International Stadium Complex,142,140.375,7.3485,170.0,114.0,152.3824,8.0372,150.1923,7.8481,152.3824
734015,2014-05-18,1,Sunrisers Hyderabad,Kolkata Knight Riders,"Rajiv Gandhi International Stadium, Uppal, Hyderabad",142,152.6607,7.9068,223.0,80.0,142.4615,7.2668,145.5106,7.6806,137.0
734015,2014-05-18,2,Kolkata Knight Riders,Sunrisers Hyderabad,"Rajiv Gandhi International Stadium, Uppal, Hyderabad",146,152.6607,7.9068,223.0,80.0,146.266,7.5836,145.5,7.4725,167.6667
734017,2014-05-19,1,Mumbai Indians,Rajasthan Royals,"Sardar Patel Stadium, Motera",178,151.9286,7.8324,201.0,102.0,151.5714,7.8563,147.3168,7.7447,151.5714
734017,2014-05-19,2,Rajasthan Royals,Mumbai Indians,"Sardar Patel Stadium, Motera",153,151.9286,7.8324,201.0,102.0,148.7723,7.8045,147.3714,7.6748,158.5714
734019,2014-05-19,1,Delhi Capitals,Punjab Kings,"Arun Jaitley Stadium, Delhi",164,157.2703,8.1189,231.0,83.0,149.3776,7.8708,156.8526,8.1102,156.9429
734019,2014-05-19,2,Punjab Kings,Delhi Capitals,"Arun Jaitley Stadium, Delhi",165,157.2703,8.1189,231.0,83.0,157.7895,8.1024,156.0102,8.0261,142.75
734021,2014-05-20,1,Royal Challengers Bengaluru,Sunrisers Hyderabad,"Rajiv Gandhi International Stadium, Uppal, Hyderabad",160,152.3621,7.8845,223.0,80.0,152.2816,8.0287,145.5185,7.4707,141.5
734021,2014-05-20,2,Sunrisers Hyderabad,Royal Challengers Bengaluru,"Rajiv Gandhi International Stadium, Uppal, Hyderabad",161,152.3621,7.8845,223.0,80.0,142.4444,7.2606,155.9029,8.0376,137.4545
734023,2014-05-20,1,Chennai Super Kings,Kolkata Knight Riders,"Eden Gardens, Kolkata",154,144.1324,7.5827,204.0,81.0,160.0286,8.2309,145.4737,7.6745,143.25
734023,2014-05-20,2,Kolkata Knight Riders,Chennai Super Kings,"Eden Gardens, Kolkata",156,144.1324,7.5827,204.0,81.0,146.2632,7.582,150.1143,7.8415,144.9062
734025,2014-05-21,1,Punjab Kings,Mumbai Indians,"Punjab Cricket Association IS Bindra Stadium, Mohali",156,161.4464,8.2991,240.0,87.0,157.8646,8.1054,147.4245,7.6746,162.7857
734025,2014-05-21,2,Mumbai Indians,Punjab Kings,"Punjab Cricket Association IS Bindra Stadium, Mohali",159,161.4464,8.2991,240.0,87.0,151.8208,7.8661,156.9271,8.1111,132.0
734027,2014-05-22,1,Kolkata Knight Riders,Royal Challengers Bengaluru,"Eden Gardens, Kolkata",195,144.4429,7.5999,204.0,81.0,146.3646,7.5933,155.9519,8.039,145.2424
734027,2014-05-22,2,Royal Challengers Bengaluru,Kolkata Knight Riders,"Eden Gardens, Kolkata",165,144.4429,7.5999,204.0,81.0,152.3558,8.0284,145.5625,7.6748,144.25
734029,2014-05-22,1,Chennai Super Kings,Sunrisers Hyderabad,JSCA International Stadium Complex,185,140.3,7.2848,170.0,114.0,159.9717,8.2259,146.0357,7.4896,145.0
734029,2014-05-22,2,Sunrisers Hyderabad,Chennai Super Kings,JSCA International Stadium Complex,189,140.3,7.2848,170.0,114.0,143.1071,7.2937,150.1698,7.8493,143.1071
734031,2014-05-23,1,Mumbai Indians,Delhi Capitals,"Wankhede Stadium, Mumbai",173,148.9559,7.8676,209.0,67.0,151.8879,7.8708,156.101,8.0298,154.9032
734031,2014-05-23,2,Delhi Capitals,Mumbai Indians,"Wankhede Stadium, Mumbai",158,148.9559,7.8676,209.0,67.0,149.5253,7.8742,147.5047,7.6757,122.75
734033,2014-05-23,1,Punjab Kings,Rajasthan Royals,"Punjab Cricket Association IS Bindra Stadium, Mohali",179,161.3103,8.2917,240.0,87.0,157.8454,8.1023,147.6176,7.7561,162.5517
734033,2014-05-23,2,Rajasthan Royals,Punjab Kings,"Punjab Cricket Association IS Bindra Stadium, Mohali",163,161.3103,8.2917,240.0,87.0,148.8137,7.803,156.9485,8.1138,166.8
734035,2014-05-24,1,Royal Challengers Bengaluru,Chennai Super Kings,"M Chinnaswamy Stadium, Bengaluru",154,156.9872,8.3225,263.0,82.0,152.4762,8.0305,150.5327,7.8657,156.5
734035,2014-05-24,2,Chennai Super Kings,Royal Challengers Bengaluru,"M Chinnaswamy Stadium, Bengaluru",160,156.9872,8.3225,263.0,82.0,160.2056,8.2354,156.3238,8.0553,142.0
734037,2014-05-24,1,Sunrisers Hyderabad,Kolkata Knight Riders,"Eden Gardens, Kolkata",160,145.4306,7.6388,204.0,81.0,144.6897,7.3736,145.7629,7.6807,144.6897
734037,2014-05-24,2,Kolkata Knight Riders,Sunrisers Hyderabad,"Eden Gardens, Kolkata",161,145.4306,7.6388,204.0,81.0,146.866,7.6155,147.3793,7.5503,146.7059
734039,2014-05-25,1,Delhi Capitals,Punjab Kings,"Punjab Cricket Association IS Bindra Stadium, Mohali",115,161.6333,8.3003,240.0,87.0,149.61,7.8744,157.0102,8.1141,149.61
734039,2014-05-25,2,Punjab Kings,Delhi Capitals,"Punjab Cricket Association IS Bindra Stadium, Mohali",119,161.6333,8.3003,240.0,87.0,158.0612,8.1109,156.27,8.0382,163.1
734041,2014-05-25,1,Rajasthan Royals,Mumbai Indians,"Wankhede Stadium, Mumbai",189,149.4286,7.8824,209.0,67.0,148.9515,7.8064,147.6019,7.6778,162.0
734041,2014-05-25,2,Mumbai Indians,Rajasthan Royals,"Wankhede Stadium, Mumbai",195,149.4286,7.8824,209.0,67.0,152.0833,7.8801,147.9223,7.7677,155.4688
734043,2014-05-27,1,Kolkata Knight Riders,Punjab Kings,"Eden Gardens, Kolkata",163,145.8378,7.6922,204.0,81.0,147.0102,7.6524,156.5859,8.0961,147.1143
734043,2014-05-27,2,Punjab Kings,Kolkata Knight Riders,"Eden Gardens, Kolkata",135,145.8378,7.6922,204.0,81.0,157.6667,8.1159,145.9082,7.6839,156.0
734045,2014-05-28,1,Mumbai Indians,Chennai Super Kings,"Brabourne Stadium, Mumbai",173,167.5,8.5306,212.0,115.0,152.4771,7.9298,150.5648,7.8642,175.0
734045,2014-05-28,2,Chennai Super Kings,Mumbai Indians,"Brabourne Stadium, Mumbai",176,167.5,8.5306,212.0,115.0,160.2037,8.243,147.9817,7.6941,160.2037
734047,2014-05-30,1,Punjab Kings,Chennai Super Kings,"Wankhede Stadium, Mumbai",226,150.6111,7.9794,209.0,67.0,157.44,8.1022,150.7706,7.8714,156.5
734047,2014-05-30,2,Chennai Super Kings,Punjab Kings,"Wankhede Stadium, Mumbai",202,150.6111,7.9794,209.0,67.0,160.3486,8.2539,156.65,8.0967,145.2857
734049,2014-06-01,1,Punjab Kings,Kolkata Knight Riders,"M Chinnaswamy Stadium, Bengaluru",199,156.9875,8.3239,263.0,82.0,158.1188,8.1339,145.798,7.6745,164.5
734049,2014-06-01,2,Kolkata Knight Riders,Punjab Kings,"M Chinnaswamy Stadium, Bengaluru",200,156.9875,8.3239,263.0,82.0,147.1717,7.6574,157.099,8.1165,175.25
829705,2015-04-08,1,Mumbai Indians,Kolkata Knight Riders,"Eden Gardens, Kolkata",168,145.9211,7.6858,204.0,81.0,152.6636,7.9363,146.33,7.6973,158.5714
829705,2015-04-08,2,Kolkata Knight Riders,Mumbai Indians,"Eden Gardens, Kolkata",170,145.9211,7.6858,204.0,81.0,147.7,7.6834,148.2364,7.7098,147.5556
829707,2015-04-09,1,Chennai Super Kings,Delhi Capitals,"MA Chidambaram Stadium, Chepauk, Chennai",150,160.2683,8.1619,246.0,112.0,160.7273,8.2707,155.901,8.0438,164.025
829707,2015-04-09,2,Delhi Capitals,Chennai Super Kings,"MA Chidambaram Stadium, Chepauk, Chennai",149,160.2683,8.1619,246.0,112.0,149.2673,7.8591,151.4545,7.9026,138.0
829709,2015-04-10,1,Rajasthan Royals,Punjab Kings,"Maharashtra Cricket Association Stadium, Pune",162,139.8529,7.2265,187.0,99.0,149.3365,7.8222,157.5196,8.1375,149.3365
829709,2015-04-10,2,Punjab Kings,Rajasthan Royals,"Maharashtra Cricket Association Stadium, Pune",136,139.8529,7.2265,187.0,99.0,158.5196,8.1517,148.375,7.8208,158.5196
829711,2015-04-11,1,Chennai Super Kings,Sunrisers Hyderabad,"MA Chidambaram Stadium, Chepauk, Chennai",209,160.0119,8.1455,246.0,112.0,160.6306,8.2637,147.8333,7.6731,163.6829
829711,2015-04-11,2,Sunrisers Hyderabad,Chennai Super Kings,"MA Chidambaram Stadium, Chepauk, Chennai",164,160.0119,8.1455,246.0,112.0,145.2,7.3944,151.4324,7.8985,145.2
829713,2015-04-11,1,Kolkata Knight Riders,Royal Challengers Bengaluru,"Eden Gardens, Kolkata",177,146.5128,7.7143,204.0,81.0,147.9208,7.6983,156.3585,8.0648,148.1622
829713,2015-04-11,2,Royal Challengers Bengaluru,Kolkata Knight Riders,"Eden Gardens, Kolkata",179,146.5128,7.7143,204.0,81.0,152.4906,8.0274,146.5446,7.7042,148.4
829715,2015-04-12,1,Delhi Capitals,Rajasthan Royals,"Arun Jaitley Stadium, Delhi",184,157.4605,8.1235,231.0,83.0,149.2647,7.8551,148.2571,7.8111,157.1389
829715,2015-04-12,2,Rajasthan Royals,Delhi Capitals,"Arun Jaitley Stadium, Delhi",186,157.4605,8.1235,231.0,83.0,149.4571,7.8249,155.8431,8.0385,142.8333
829717,2015-04-12,1,Punjab Kings,Mumbai Indians,"Wankhede Stadium, Mumbai",177,152.3243,8.0529,226.0,67.0,158.301,8.1386,148.4324,7.7232,166.4286
829717,2015-04-12,2,Mumbai Indians,Punjab Kings,"Wankhede Stadium, Mumbai",159,152.3243,8.0529,226.0,67.0,152.8018,7.9405,157.5631,8.1371,156.6667
829719,2015-04-13,1,Royal Challengers Bengaluru,Sunrisers Hyderabad,"M Chinnaswamy Stadium, Bengaluru",166,158.0244,8.3673,263.0,82.0,152.7383,8.0404,149.8065,7.7626,156.4359
829719,2015-04-13,2,Sunrisers Hyderabad,Royal Challengers Bengaluru,"M Chinnaswamy Stadium, Bengaluru",172,158.0244,8.3673,263.0,82.0,145.8065,7.4204,156.5514,8.0721,145.8065
829721,2015-04-14,1,Mumbai Indians,Rajasthan Royals,"Sardar Patel Stadium, Motera",164,153.625,7.8877,201.0,102.0,152.8571,7.9406,148.5943,7.8242,152.8571
829721,2015-04-14,2,Rajasthan Royals,Mumbai Indians,"Sardar Patel Stadium, Motera",165,153.625,7.8877,201.0,102.0,149.8019,7.8388,148.6875,7.7332,157.875
829725,2015-04-15,1,Punjab Kings,Delhi Capitals,"Maharashtra Cricket Association Stadium, Pune",165,140.3611,7.2389,187.0,99.0,158.4808,8.1454,156.1359,8.0507,126.6667
829725,2015-04-15,2,Delhi Capitals,Punjab Kings,"Maharashtra Cricket Association Stadium, Pune",169,140.3611,7.2389,187.0,99.0,149.6019,7.8682,157.5769,8.1353,142.0
829727,2015-04-16,1,Sunrisers Hyderabad,Rajasthan Royals,"Dr. Y.S. Rajasekhara Reddy ACA-VDCA Cricket Stadium, Visakhapatnam",127,148.0,7.6455,193.0,119.0,146.625,7.4986,148.7383,7.8277,146.625
829727,2015-04-16,2,Rajasthan Royals,Sunrisers Hyderabad,"Dr. Y.S. Rajasekhara Reddy ACA-VDCA Cricket Stadium, Visakhapatnam",131,148.0,7.6455,193.0,119.0,149.9439,7.846,150.3125,7.7816,149.9439
829729,2015-04-17,1,Mumbai Indians,Chennai Super Kings,"Wankhede Stadium, Mumbai",183,152.7368,8.062,226.0,67.0,152.9558,7.9429,151.5446,7.9012,156.7353
829729,2015-04-17,2,Chennai Super Kings,Mumbai Indians,"Wankhede Stadium, Mumbai",189,152.7368,8.062,226.0,67.0,161.0625,8.2833,148.8319,7.741,152.375
829731,2015-04-18,1,Delhi Capitals,Sunrisers Hyderabad,"Dr. Y.S. Rajasekhara Reddy ACA-VDCA Cricket Stadium, Visakhapatnam",167,141.6667,7.247,193.0,119.0,149.7885,7.8745,149.7273,7.7443,149.7885
829731,2015-04-18,2,Sunrisers Hyderabad,Delhi Capitals,"Dr. Y.S. Rajasekhara Reddy ACA-VDCA Cricket Stadium, Visakhapatnam",163,141.6667,7.247,193.0,119.0,146.0303,7.4638,156.2212,8.0526,146.0303
829733,2015-04-18,1,Punjab Kings,Kolkata Knight Riders,"Maharashtra Cricket Association Stadium, Pune",155,141.7632,7.2992,187.0,99.0,158.5429,8.1464,146.8627,7.7211,136.25
829733,2015-04-18,2,Kolkata Knight Riders,Punjab Kings,"Maharashtra Cricket Association Stadium, Pune",159,141.7632,7.2992,187.0,99.0,148.2059,7.7096,157.6857,8.139,150.0
829735,2015-04-19,1,Chennai Super Kings,Rajasthan Royals,"Sardar Patel Stadium, Motera",156,154.8333,7.9451,201.0,102.0,161.3097,8.3103,148.537,7.814,161.3097
829735,2015-04-19,2,Rajasthan Royals,Chennai Super Kings,"Sardar Patel Stadium, Motera",157,154.8333,7.9451,201.0,102.0,149.7685,7.834,151.823,7.9123,158.6667
829737,2015-04-19,1,Mumbai Indians,Royal Challengers Bengaluru,"M Chinnaswamy Stadium, Bengaluru",209,158.2857,8.3858,263.0,82.0,153.2193,7.9535,156.6944,8.0892,156.0
829737,2015-04-19,2,Royal Challengers Bengaluru,Mumbai Indians,"M Chinnaswamy Stadium, Bengaluru",191,158.2857,8.3858,263.0,82.0,152.8611,8.0435,149.1842,7.7725,156.675
829739,2015-04-20,1,Delhi Capitals,Kolkata Knight Riders,"Arun Jaitley Stadium, Delhi",146,158.1667,8.1524,231.0,83.0,149.9524,7.879,146.9417,7.7213,157.8649
829739,2015-04-20,2,Kolkata Knight Riders,Delhi Capitals,"Arun Jaitley Stadium, Delhi",147,158.1667,8.1524,231.0,83.0,148.3107,7.7213,156.2857,8.0535,150.0
829741,2015-04-21,1,Rajasthan Royals,Punjab Kings,"Sardar Patel Stadium, Motera",191,155.0,7.9688,201.0,102.0,149.8349,7.8407,157.6981,8.1463,158.5
829741,2015-04-21,2,Punjab Kings,Rajasthan Royals,"Sardar Patel Stadium, Motera",191,155.0,7.9688,201.0,102.0,158.5094,8.1427,148.6055,7.8139,158.5094
829745,2015-04-22,1,Chennai Super Kings,Royal Challengers Bengaluru,"M Chinnaswamy Stadium, Bengaluru",181,159.2558,8.4233,263.0,82.0,161.2632,8.3058,157.1743,8.1109,145.0
829745,2015-04-22,2,Royal Challengers Bengaluru,Chennai Super Kings,"M Chinnaswamy Stadium, Bengaluru",154,159.2558,8.4233,263.0,82.0,153.211,8.0573,151.8684,7.918,157.5122
829747,2015-04-23,1,Delhi Capitals,Mumbai Indians,"Arun Jaitley Stadium, Delhi",190,157.875,8.141,231.0,83.0,149.9151,7.8735,149.5478,7.788,157.5526
829747,2015-04-23,2,Mumbai Indians,Delhi Capitals,"Arun Jaitley Stadium, Delhi",153,157.875,8.141,231.0,83.0,153.7043,7.9752,156.1981,8.0539,161.3333
829749,2015-04-24,1,Rajasthan Royals,Royal Challengers Bengaluru,"Sardar Patel Stadium, Motera",130,158.2727,8.1125,201.0,102.0,150.2091,7.8562,157.3909,8.1194,161.4545
829749,2015-04-24,2,Royal Challengers Bengaluru,Rajasthan Royals,"Sardar Patel Stadium, Motera",134,158.2727,8.1125,201.0,102.0,153.2182,8.054,148.9909,7.8297,153.2182
829751,2015-04-25,1,Mumbai Indians,Sunrisers Hyderabad,"Wankhede Stadium, Mumbai",157,153.5897,8.118,226.0,67.0,153.6983,7.9724,150.2353,7.7621,157.4857
829751,2015-04-25,2,Sunrisers Hyderabad,Mumbai Indians,"Wankhede Stadium, Mumbai",137,153.5897,8.118,226.0,67.0,146.5294,7.484,149.8966,7.8028,146.5294
829753,2015-04-25,1,Chennai Super Kings,Punjab Kings,"MA Chidambaram Stadium, Chepauk, Chennai",192,160.6279,8.1729,246.0,112.0,161.4348,8.3123,158.0093,8.1594,164.7619
829753,2015-04-25,2,Punjab Kings,Chennai Super Kings,"MA Chidambaram Stadium, Chepauk, Chennai",95,160.6279,8.1729,246.0,112.0,158.8131,8.1558,151.887,7.9161,156.5
829757,2015-04-26,1,Delhi Capitals,Royal Challengers Bengaluru,"Arun Jaitley Stadium, Delhi",95,158.2073,8.1516,231.0,83.0,150.2897,7.8887,157.1441,8.1048,158.3846
829757,2015-04-26,2,Royal Challengers Bengaluru,Delhi Capitals,"Arun Jaitley Stadium, Delhi",99,158.2073,8.1516,231.0,83.0,153.045,8.0562,156.1682,8.0501,177.4
829759,2015-04-27,1,Sunrisers Hyderabad,Punjab Kings,"Punjab Cricket Association IS Bindra Stadium, Mohali",150,160.1935,8.2734,240.0,87.0,146.2571,7.4659,158.3241,8.1728,146.2571
829759,2015-04-27,2,Punjab Kings,Sunrisers Hyderabad,"Punjab Cricket Association IS Bindra Stadium, Mohali",130,160.1935,8.2734,240.0,87.0,158.2222,8.1243,150.4286,7.7646,161.6774
829765,2015-04-28,1,Chennai Super Kings,Kolkata Knight Riders,"MA Chidambaram Stadium, Chepauk, Chennai",134,160.2386,8.1503,246.0,95.0,161.6983,8.3234,146.9327,7.7173,165.3953
829765,2015-04-28,2,Kolkata Knight Riders,Chennai Super Kings,"MA Chidambaram Stadium, Chepauk, Chennai",132,160.2386,8.1503,246.0,95.0,148.2981,7.7249,151.3966,7.8888,159.1667
829723,2015-04-30,1,Chennai Super Kings,Kolkata Knight Riders,"Eden Gardens, Kolkata",165,147.3,7.7498,204.0,81.0,161.4615,8.3095,146.8095,7.7076,145.4
829723,2015-04-30,2,Kolkata Knight Riders,Chennai Super Kings,"Eden Gardens, Kolkata",169,147.3,7.7498,204.0,81.0,148.1429,7.7142,151.2308,7.8778,148.9211
829767,2015-05-01,1,Punjab Kings,Delhi Capitals,"Arun Jaitley Stadium, Delhi",118,156.75,8.1314,231.0,83.0,157.9633,8.1094,155.6389,8.0629,147.2
829767,2015-05-01,2,Delhi Capitals,Punjab Kings,"Arun Jaitley Stadium, Delhi",119,156.75,8.1314,231.0,83.0,149.7778,7.8637,158.2477,8.1666,156.8
829769,2015-05-01,1,Mumbai Indians,Rajasthan Royals,"Wankhede Stadium, Mumbai",187,153.425,8.0988,226.0,67.0,153.7265,7.9713,148.8559,7.8338,157.4722
829769,2015-05-01,2,Rajasthan Royals,Mumbai Indians,"Wankhede Stadium, Mumbai",179,153.425,8.0988,226.0,67.0,150.027,7.844,149.7863,7.7946,167.4
829771,2015-05-02,1,Kolkata Knight Riders,Royal Challengers Bengaluru,"M Chinnaswamy Stadium, Bengaluru",111,159.4432,8.4222,263.0,82.0,148.3396,7.7218,156.5893,8.0787,180.2
829771,2015-05-02,2,Royal Challengers Bengaluru,Kolkata Knight Riders,"M Chinnaswamy Stadium, Bengaluru",115,159.4432,8.4222,263.0,82.0,152.5625,8.0684,146.9811,7.7127,157.4286
829773,2015-05-02,1,Sunrisers Hyderabad,Chennai Super Kings,"Rajiv Gandhi International Stadium, Uppal, Hyderabad",192,152.6333,7.8915,223.0,80.0,146.3611,7.4668,151.3814,7.8832,139.4167
829773,2015-05-02,2,Chennai Super Kings,Sunrisers Hyderabad,"Rajiv Gandhi International Stadium, Uppal, Hyderabad",170,152.6333,7.8915,223.0,80.0,161.4915,8.309,149.8611,7.7295,161.4915
829775,2015-05-03,1,Mumbai Indians,Punjab Kings,"Punjab Cricket Association IS Bindra Stadium, Mohali",172,159.5625,8.2336,240.0,87.0,154.0085,7.983,157.8909,8.1706,137.4
829775,2015-05-03,2,Punjab Kings,Mumbai Indians,"Punjab Cricket Association IS Bindra Stadium, Mohali",149,159.5625,8.2336,240.0,87.0,157.6,8.0893,150.0339,7.8044,160.6875
829777,2015-05-03,1,Rajasthan Royals,Delhi Capitals,"Brabourne Stadium, Mumbai",189,168.375,8.5942,212.0,115.0,150.2857,7.8539,155.2936,8.0431,150.2857
829777,2015-05-03,2,Delhi Capitals,Rajasthan Royals,"Brabourne Stadium, Mumbai",175,168.375,8.5942,212.0,115.0,149.4954,7.8704,149.1964,7.8473,149.4954
829779,2015-05-04,1,Chennai Super Kings,Royal Challengers Bengaluru,"MA Chidambaram Stadium, Chepauk, Chennai",148,159.6333,8.1169,246.0,95.0,161.563,8.3106,156.1858,8.1055,164.6818
829779,2015-05-04,2,Royal Challengers Bengaluru,Chennai Super Kings,"MA Chidambaram Stadium, Chepauk, Chennai",124,159.6333,8.1169,246.0,95.0,152.2301,8.1023,151.7227,7.8976,164.4286
829781,2015-05-04,1,Kolkata Knight Riders,Sunrisers Hyderabad,"Eden Gardens, Kolkata",167,147.7805,7.7653,204.0,81.0,147.9907,7.7534,150.4054,7.7503,149.4359
829781,2015-05-04,2,Sunrisers Hyderabad,Kolkata Knight Riders,"Eden Gardens, Kolkata",132,147.7805,7.7653,204.0,81.0,147.5946,7.5245,146.6822,7.7518,147.5946
829783,2015-05-05,1,Delhi Capitals,Mumbai Indians,"Wankhede Stadium, Mumbai",152,154.1463,8.1244,226.0,67.0,149.7273,7.8784,150.0252,7.8014,129.8
829783,2015-05-05,2,Mumbai Indians,Delhi Capitals,"Wankhede Stadium, Mumbai",153,154.1463,8.1244,226.0,67.0,154.1597,7.9882,155.6,8.0558,158.2703
829785,2015-05-06,1,Royal Challengers Bengaluru,Punjab Kings,"M Chinnaswamy Stadium, Bengaluru",226,158.4111,8.4906,263.0,82.0,151.9825,8.0865,158.018,8.1744,156.4419
829785,2015-05-06,2,Punjab Kings,Royal Challengers Bengaluru,"M Chinnaswamy Stadium, Bengaluru",88,158.4111,8.4906,263.0,82.0,157.5225,8.0835,156.114,8.0993,169.4286
829761,2015-05-07,1,Kolkata Knight Riders,Delhi Capitals,"Eden Gardens, Kolkata",171,147.8214,7.7584,204.0,81.0,148.1667,7.7589,155.5766,8.054,149.875
829761,2015-05-07,2,Delhi Capitals,Kolkata Knight Riders,"Eden Gardens, Kolkata",158,147.8214,7.7584,204.0,81.0,149.7477,7.8759,146.5463,7.7411,126.25
829787,2015-05-07,1,Sunrisers Hyderabad,Rajasthan Royals,"Brabourne Stadium, Mumbai",201,169.8889,8.6504,212.0,115.0,147.1842,7.5002,149.4248,7.8553,147.1842
829787,2015-05-07,2,Rajasthan Royals,Sunrisers Hyderabad,"Brabourne Stadium, Mumbai",194,169.8889,8.6504,212.0,115.0,150.6283,7.868,150.8421,7.7661,150.6283
829789,2015-05-08,1,Chennai Super Kings,Mumbai Indians,"MA Chidambaram Stadium, Chepauk, Chennai",158,159.1196,8.0894,246.0,95.0,161.45,8.303,150.0417,7.7998,164.3111
829789,2015-05-08,2,Mumbai Indians,Chennai Super Kings,"MA Chidambaram Stadium, Chepauk, Chennai",159,159.1196,8.0894,246.0,95.0,154.15,7.987,151.4917,7.8844,149.6
829791,2015-05-09,1,Punjab Kings,Kolkata Knight Riders,"Eden Gardens, Kolkata",183,148.2093,7.7692,204.0,81.0,156.9018,8.0688,146.6514,7.7426,152.5
829791,2015-05-09,2,Kolkata Knight Riders,Punjab Kings,"Eden Gardens, Kolkata",184,148.2093,7.7692,204.0,81.0,148.3761,7.7661,158.625,8.2023,150.3902
829793,2015-05-09,1,Sunrisers Hyderabad,Delhi Capitals,Shaheed Veer Narayan Singh International Stadium,163,146.5,7.5331,164.0,136.0,148.5641,7.5655,155.7143,8.0584,148.5641
829793,2015-05-09,2,Delhi Capitals,Sunrisers Hyderabad,Shaheed Veer Narayan Singh International Stadium,157,146.5,7.5331,164.0,136.0,149.8214,7.8761,151.9487,7.8157,149.8214
829795,2015-05-10,1,Royal Challengers Bengaluru,Mumbai Indians,"Wankhede Stadium, Mumbai",235,154.1071,8.1149,226.0,67.0,152.6261,8.1145,150.1074,7.8006,157.4
829795,2015-05-10,2,Mumbai Indians,Royal Challengers Bengaluru,"Wankhede Stadium, Mumbai",196,154.1071,8.1149,226.0,67.0,154.1901,7.989,155.5217,8.0849,158.1316
829797,2015-05-10,1,Chennai Super Kings,Rajasthan Royals,"MA Chidambaram Stadium, Chepauk, Chennai",157,159.1064,8.0888,246.0,95.0,161.4215,8.2997,149.8772,7.8746,164.1739
829797,2015-05-10,2,Rajasthan Royals,Chennai Super Kings,"MA Chidambaram Stadium, Chepauk, Chennai",145,159.1064,8.0888,246.0,95.0,151.0088,7.884,151.5537,7.8872,182.4
829799,2015-05-11,1,Sunrisers Hyderabad,Punjab Kings,"Rajiv Gandhi International Stadium, Uppal, Hyderabad",185,153.5484,7.9288,223.0,80.0,148.925,7.5802,158.8496,8.2119,143.4615
829799,2015-05-11,2,Punjab Kings,Sunrisers Hyderabad,"Rajiv Gandhi International Stadium, Uppal, Hyderabad",180,153.5484,7.9288,223.0,80.0,157.1327,8.0784,152.075,7.8165,167.4
829801,2015-05-12,1,Chennai Super Kings,Delhi Capitals,Shaheed Veer Narayan Singh International Stadium,119,151.0,7.6887,164.0,136.0,161.3852,8.296,155.7788,8.0592,161.3852
829801,2015-05-12,2,Delhi Capitals,Chennai Super Kings,Shaheed Veer Narayan Singh International Stadium,120,151.0,7.6887,164.0,136.0,149.885,7.8759,151.5,7.882,152.6667
829803,2015-05-13,1,Punjab Kings,Royal Challengers Bengaluru,"Punjab Cricket Association IS Bindra Stadium, Mohali",106,159.5909,8.2273,240.0,87.0,157.3333,8.0865,155.8707,8.0996,160.3333
829803,2015-05-13,2,Royal Challengers Bengaluru,Punjab Kings,"Punjab Cricket Association IS Bindra Stadium, Mohali",84,159.5909,8.2273,240.0,87.0,153.3362,8.1458,159.0789,8.221,170.75
829805,2015-05-14,1,Mumbai Indians,Kolkata Knight Riders,"Wankhede Stadium, Mumbai",171,155.5349,8.1767,235.0,67.0,154.5328,8.0038,146.9818,7.7554,159.1026
829805,2015-05-14,2,Kolkata Knight Riders,Mumbai Indians,"Wankhede Stadium, Mumbai",166,155.5349,8.1767,235.0,67.0,148.7,7.7799,150.8033,7.833,114.75
829809,2015-05-16,1,Punjab Kings,Chennai Super Kings,"Punjab Cricket Association IS Bindra Stadium, Mohali",130,157.6912,8.2647,240.0,84.0,156.887,8.1084,151.2439,7.8764,158.7353
829809,2015-05-16,2,Chennai Super Kings,Punjab Kings,"Punjab Cricket Association IS Bindra Stadium, Mohali",134,157.6912,8.2647,240.0,84.0,161.0407,8.277,158.4261,8.2225,189.0
829811,2015-05-16,1,Rajasthan Royals,Kolkata Knight Riders,"Brabourne Stadium, Mumbai",199,172.65,8.7729,212.0,115.0,150.9565,7.8785,147.1982,7.7626,197.0
829811,2015-05-16,2,Kolkata Knight Riders,Rajasthan Royals,"Brabourne Stadium, Mumbai",190,172.65,8.7729,212.0,115.0,148.8559,7.7846,149.9391,7.8744,148.8559
829815,2015-05-17,1,Sunrisers Hyderabad,Mumbai Indians,"Rajiv Gandhi International Stadium, Uppal, Hyderabad",113,154.4531,7.9662,223.0,80.0,149.8049,7.6209,150.9268,7.8368,146.4286
829815,2015-05-17,2,Mumbai Indians,Sunrisers Hyderabad,"Rajiv Gandhi International Stadium, Uppal, Hyderabad",114,154.4531,7.9662,223.0,80.0,154.6667,8.0083,152.7561,7.8454,159.75
829817,2015-05-19,1,Mumbai Indians,Chennai Super Kings,"Wankhede Stadium, Mumbai",187,155.8295,8.1824,235.0,67.0,154.3387,8.0101,151.0726,7.8653,159.4
829817,2015-05-19,2,Chennai Super Kings,Mumbai Indians,"Wankhede Stadium, Mumbai",162,155.8295,8.1824,235.0,67.0,160.8226,8.2744,150.621,7.8191,156.4444
829819,2015-05-20,1,Royal Challengers Bengaluru,Rajasthan Royals,"Maharashtra Cricket Association Stadium, Pune",180,142.525,7.3509,187.0,99.0,152.7436,8.148,150.2845,7.8884,152.7436
829819,2015-05-20,2,Rajasthan Royals,Royal Challengers Bengaluru,"Maharashtra Cricket Association Stadium, Pune",109,142.525,7.3509,187.0,99.0,151.3707,7.8964,155.4444,8.121,144.3333
829821,2015-05-22,1,Royal Challengers Bengaluru,Chennai Super Kings,JSCA International Stadium Complex,139,148.0833,7.6423,189.0,114.0,152.9746,8.1552,151.36,7.8772,152.9746
829821,2015-05-22,2,Chennai Super Kings,Royal Challengers Bengaluru,JSCA International Stadium Complex,140,148.0833,7.6423,189.0,114.0,160.832,8.2764,155.0508,8.1008,155.0
829823,2015-05-24,1,Mumbai Indians,Chennai Super Kings,"Eden Gardens, Kolkata",202,149.0114,7.8021,204.0,81.0,154.6,8.0209,151.2619,7.8698,159.75
829823,2015-05-24,2,Chennai Super Kings,Mumbai Indians,"Eden Gardens, Kolkata",161,149.0114,7.8021,204.0,81.0,160.6667,8.2668,150.712,7.8248,148.6667
980901,2016-04-09,1,Mumbai Indians,Rising Pune Supergiant,"Wankhede Stadium, Mumbai",121,156.2444,8.1992,235.0,67.0,154.9762,8.0374,152.6581,7.9501,160.0732
980901,2016-04-09,2,Rising Pune Supergiant,Mumbai Indians,"Wankhede Stadium, Mumbai",126,156.2444,8.1992,235.0,67.0,152.6581,7.9501,150.7937,7.8266,152.6581
980903,2016-04-10,1,Delhi Capitals,Kolkata Knight Riders,"Eden Gardens, Kolkata",98,149.7333,7.8303,204.0,81.0,149.6228,7.87,147.6607,7.7821,132.6
980903,2016-04-10,2,Kolkata Knight Riders,Delhi Capitals,"Eden Gardens, Kolkata",99,149.7333,7.8303,204.0,81.0,149.2232,7.7999,155.4561,8.0407,151.1905
980905,2016-04-11,1,Punjab Kings,Gujarat Lions,"Punjab Cricket Association IS Bindra Stadium, Mohali",161,156.9571,8.2352,240.0,84.0,156.6552,8.0945,152.4931,7.9456,157.9143
980905,2016-04-11,2,Gujarat Lions,Punjab Kings,"Punjab Cricket Association IS Bindra Stadium, Mohali",162,156.9571,8.2352,240.0,84.0,152.4931,7.9456,158.2155,8.2203,152.4931
980907,2016-04-12,1,Royal Challengers Bengaluru,Sunrisers Hyderabad,"M Chinnaswamy Stadium, Bengaluru",227,158.3804,8.4988,263.0,82.0,152.8571,8.1451,151.8333,7.8548,158.0227
980907,2016-04-12,2,Sunrisers Hyderabad,Royal Challengers Bengaluru,"M Chinnaswamy Stadium, Bengaluru",182,158.3804,8.4988,263.0,82.0,148.9286,7.574,154.9244,8.092,162.6667
980909,2016-04-13,1,Kolkata Knight Riders,Mumbai Indians,"Eden Gardens, Kolkata",187,148.6196,7.7964,204.0,81.0,148.7788,7.7927,150.5984,7.8326,149.9767
980909,2016-04-13,2,Mumbai Indians,Kolkata Knight Riders,"Eden Gardens, Kolkata",188,148.6196,7.7964,204.0,81.0,154.7087,8.0217,147.2212,7.7623,164.4444
980911,2016-04-14,1,Rising Pune Supergiant,Gujarat Lions,Saurashtra Cricket Association Stadium,163,152.6821,7.9546,263.0,58.0,126.0,8.5909,161.0,8.05,126.0
980911,2016-04-14,2,Gujarat Lions,Rising Pune Supergiant,Saurashtra Cricket Association Stadium,164,152.6821,7.9546,263.0,58.0,162.0,9.1698,121.0,6.05,162.0
980913,2016-04-15,1,Punjab Kings,Delhi Capitals,"Arun Jaitley Stadium, Delhi",111,155.8605,8.1109,231.0,83.0,156.6923,8.0941,154.9652,8.0315,142.3333
980913,2016-04-15,2,Delhi Capitals,Punjab Kings,"Arun Jaitley Stadium, Delhi",113,155.8605,8.1109,231.0,83.0,149.1739,7.8498,158.2479,8.2284,155.878
980915,2016-04-16,1,Sunrisers Hyderabad,Kolkata Knight Riders,"Rajiv Gandhi International Stadium, Uppal, Hyderabad",142,153.2121,7.9353,223.0,80.0,149.6977,7.6095,147.5789,7.7803,144.2
980915,2016-04-16,2,Kolkata Knight Riders,Sunrisers Hyderabad,"Rajiv Gandhi International Stadium, Uppal, Hyderabad",146,153.2121,7.9353,223.0,80.0,149.114,7.8064,153.5814,7.9361,162.25
980917,2016-04-16,1,Mumbai Indians,Gujarat Lions,"Wankhede Stadium, Mumbai",143,155.5326,8.1801,235.0,67.0,154.9688,8.0357,162.0,8.1,159.1429
980917,2016-04-16,2,Gujarat Lions,Mumbai Indians,"Wankhede Stadium, Mumbai",147,155.5326,8.1801,235.0,67.0,163.0,9.1405,150.8828,7.8444,163.0
980919,2016-04-17,1,Rising Pune Supergiant,Punjab Kings,"Punjab Cricket Association IS Bindra Stadium, Mohali",152,157.0833,8.2456,240.0,84.0,144.5,8.3705,157.8644,8.2296,144.5
980919,2016-04-17,2,Punjab Kings,Rising Pune Supergiant,"Punjab Cricket Association IS Bindra Stadium, Mohali",153,157.0833,8.2456,240.0,84.0,156.3051,8.0725,142.5,7.5806,158.0
980921,2016-04-17,1,Royal Challengers Bengaluru,Delhi Capitals,"M Chinnaswamy Stadium, Bengaluru",191,159.3617,8.5356,263.0,82.0,153.475,8.1718,154.5862,8.0101,159.5556
980921,2016-04-17,2,Delhi Capitals,Royal Challengers Bengaluru,"M Chinnaswamy Stadium, Bengaluru",192,159.3617,8.5356,263.0,82.0,148.8621,7.8543,155.15,8.1004,160.0
980923,2016-04-18,1,Mumbai Indians,Sunrisers Hyderabad,"Rajiv Gandhi International Stadium, Uppal, Hyderabad",142,152.9412,7.9234,223.0,80.0,154.876,8.0288,153.4091,7.9367,150.6
980923,2016-04-18,2,Sunrisers Hyderabad,Mumbai Indians,"Rajiv Gandhi International Stadium, Uppal, Hyderabad",145,152.9412,7.9234,223.0,80.0,149.5227,7.5979,150.8527,7.8406,144.0625
980925,2016-04-19,1,Punjab Kings,Kolkata Knight Riders,"Punjab Cricket Association IS Bindra Stadium, Mohali",138,156.9595,8.2362,240.0,84.0,156.2773,8.0736,147.5304,7.7743,157.8649
980925,2016-04-19,2,Kolkata Knight Riders,Punjab Kings,"Punjab Cricket Association IS Bindra Stadium, Mohali",141,156.9595,8.2362,240.0,84.0,149.087,7.8077,157.8151,8.2243,158.0
980927,2016-04-20,1,Royal Challengers Bengaluru,Mumbai Indians,"Wankhede Stadium, Mumbai",170,155.3085,8.1603,235.0,67.0,153.7851,8.1832,150.8077,7.844,170.3333
980927,2016-04-20,2,Mumbai Indians,Royal Challengers Bengaluru,"Wankhede Stadium, Mumbai",171,155.3085,8.1603,235.0,67.0,154.7769,8.0217,155.4545,8.1163,158.7674
980929,2016-04-21,1,Gujarat Lions,Sunrisers Hyderabad,Saurashtra Cricket Association Stadium,135,163.5,8.6306,164.0,163.0,157.6667,8.5436,153.1556,7.9181,157.6667
980929,2016-04-21,2,Sunrisers Hyderabad,Gujarat Lions,Saurashtra Cricket Association Stadium,137,163.5,8.6306,164.0,163.0,149.4222,7.6132,155.6667,7.7833,149.4222
980931,2016-04-22,1,Royal Challengers Bengaluru,Rising Pune Supergiant,"Maharashtra Cricket Association Stadium, Pune",185,142.619,7.3517,187.0,99.0,153.918,8.1858,146.0,7.7858,180.0
980931,2016-04-22,2,Rising Pune Supergiant,Royal Challengers Bengaluru,"Maharashtra Cricket Association Stadium, Pune",172,142.619,7.3517,187.0,99.0,147.0,8.1136,155.582,8.1276,147.0
980933,2016-04-23,1,Delhi Capitals,Mumbai Indians,"Arun Jaitley Stadium, Delhi",164,154.8636,8.0848,231.0,83.0,149.2308,7.8728,150.9542,7.849,154.8571
980933,2016-04-23,2,Mumbai Indians,Delhi Capitals,"Arun Jaitley Stadium, Delhi",154,154.8636,8.0848,231.0,83.0,154.9008,8.0329,154.8974,8.0233,160.1429
980935,2016-04-23,1,Punjab Kings,Sunrisers Hyderabad,"Rajiv Gandhi International Stadium, Uppal, Hyderabad",143,152.6714,7.9168,223.0,80.0,156.125,8.0638,152.7609,7.8927,169.5
980935,2016-04-23,2,Sunrisers Hyderabad,Punjab Kings,"Rajiv Gandhi International Stadium, Uppal, Hyderabad",146,152.6714,7.9168,223.0,80.0,149.1522,7.6484,157.675,8.2242,144.1176
980937,2016-04-24,1,Royal Challengers Bengaluru,Gujarat Lions,Saurashtra Cricket Association Stadium,180,149.75,8.3118,164.0,135.0,154.1707,8.1944,151.0,8.1465,154.1707
980937,2016-04-24,2,Gujarat Lions,Royal Challengers Bengaluru,Saurashtra Cricket Association Stadium,182,149.75,8.3118,164.0,135.0,152.0,8.0952,155.7154,8.1315,152.0
980939,2016-04-24,1,Rising Pune Supergiant,Kolkata Knight Riders,"Maharashtra Cricket Association Stadium, Pune",160,144.25,7.4233,187.0,99.0,153.25,8.2352,147.4483,7.7668,153.25
980939,2016-04-24,2,Kolkata Knight Riders,Rising Pune Supergiant,"Maharashtra Cricket Association Stadium, Pune",162,144.25,7.4233,187.0,99.0,149.0172,7.8112,155.75,8.1519,152.25
980941,2016-04-25,1,Mumbai Indians,Punjab Kings,"Punjab Cricket Association IS Bindra Stadium, Mohali",189,156.5,8.2183,240.0,84.0,154.8939,8.0304,157.5785,8.2239,143.1667
980941,2016-04-25,2,Punjab Kings,Mumbai Indians,"Punjab Cricket Association IS Bindra Stadium, Mohali",164,156.5,8.2183,240.0,84.0,156.0165,8.0563,151.053,7.8517,157.3421
980945,2016-04-27,1,Gujarat Lions,Delhi Capitals,"Arun Jaitley Stadium, Delhi",172,154.9556,8.0818,231.0,83.0,158.0,8.3429,154.8898,8.0206,158.0
980945,2016-04-27,2,Delhi Capitals,Gujarat Lions,"Arun Jaitley Stadium, Delhi",171,154.9556,8.0818,231.0,83.0,149.3559,7.8755,156.8,8.3172,155.0698
980947,2016-04-28,1,Kolkata Knight Riders,Mumbai Indians,"Wankhede Stadium, Mumbai",174,155.625,8.1778,235.0,67.0,149.1282,7.8155,151.1504,7.8543,125.0
980947,2016-04-28,2,Mumbai Indians,Kolkata Knight Riders,"Wankhede Stadium, Mumbai",178,155.625,8.1778,235.0,67.0,155.1504,8.0411,147.5556,7.7688,159.0455
980949,2016-04-29,1,Rising Pune Supergiant,Gujarat Lions,"Maharashtra Cricket Association Stadium, Pune",195,144.9783,7.455,187.0,99.0,154.6,8.1882,159.1667,8.356,154.6
980949,2016-04-29,2,Gujarat Lions,Rising Pune Supergiant,"Maharashtra Cricket Association Stadium, Pune",196,144.9783,7.455,187.0,99.0,160.3333,8.3857,157.0,8.183,160.3333
980951,2016-04-30,1,Delhi Capitals,Kolkata Knight Riders,"Arun Jaitley Stadium, Delhi",186,155.3152,8.0925,231.0,83.0,149.5378,7.8812,147.8136,7.7868,155.4318
980951,2016-04-30,2,Kolkata Knight Riders,Delhi Capitals,"Arun Jaitley Stadium, Delhi",159,155.3152,8.0925,231.0,83.0,149.339,7.823,155.0336,8.0254,149.4
980953,2016-04-30,1,Sunrisers Hyderabad,Royal Challengers Bengaluru,"Rajiv Gandhi International Stadium, Uppal, Hyderabad",194,152.4444,7.9099,223.0,80.0,149.0851,7.6599,155.9274,8.1412,144.2222
980953,2016-04-30,2,Royal Challengers Bengaluru,Sunrisers Hyderabad,"Rajiv Gandhi International Stadium, Uppal, Hyderabad",179,152.4444,7.9099,223.0,80.0,154.379,8.2009,152.5532,7.8769,145.2
980955,2016-05-01,1,Punjab Kings,Gujarat Lions,Saurashtra Cricket Association Stadium,154,160.1667,8.5967,182.0,135.0,156.082,8.0574,164.2857,8.5551,156.082
980955,2016-05-01,2,Gujarat Lions,Punjab Kings,Saurashtra Cricket Association Stadium,131,160.1667,8.5967,182.0,135.0,165.4286,8.5878,157.8361,8.2339,160.3333
980957,2016-05-01,1,Rising Pune Supergiant,Mumbai Indians,"Maharashtra Cricket Association Stadium, Pune",159,147.0833,7.5517,196.0,99.0,161.3333,8.4485,151.3209,7.8606,175.6667
980957,2016-05-01,2,Mumbai Indians,Rising Pune Supergiant,"Maharashtra Cricket Association Stadium, Pune",161,147.0833,7.5517,196.0,99.0,155.3209,8.0549,163.5,8.4525,155.3209
980959,2016-05-02,1,Royal Challengers Bengaluru,Kolkata Knight Riders,"M Chinnaswamy Stadium, Bengaluru",185,160.0312,8.5616,263.0,82.0,154.576,8.2069,148.1345,7.7995,160.2391
980959,2016-05-02,2,Kolkata Knight Riders,Royal Challengers Bengaluru,"M Chinnaswamy Stadium, Bengaluru",189,160.0312,8.5616,263.0,82.0,149.4202,7.8295,156.232,8.1536,168.6667
980961,2016-05-03,1,Gujarat Lions,Delhi Capitals,Saurashtra Cricket Association Stadium,149,155.75,8.2369,182.0,131.0,161.125,8.333,155.0667,8.0302,153.0
980961,2016-05-03,2,Delhi Capitals,Gujarat Lions,Saurashtra Cricket Association Stadium,150,155.75,8.2369,182.0,131.0,149.8417,7.893,163.0,8.4563,149.8417
980963,2016-05-04,1,Kolkata Knight Riders,Punjab Kings,"Eden Gardens, Kolkata",164,149.4468,7.8343,204.0,81.0,149.75,7.8464,157.6179,8.2203,150.8182
980963,2016-05-04,2,Punjab Kings,Kolkata Knight Riders,"Eden Gardens, Kolkata",157,149.4468,7.8343,204.0,81.0,156.065,8.0551,148.4417,7.8116,156.8571
980965,2016-05-05,1,Delhi Capitals,Rising Pune Supergiant,"Arun Jaitley Stadium, Delhi",162,155.6809,8.1107,231.0,83.0,149.843,7.8993,163.1429,8.4883,156.1111
980965,2016-05-05,2,Rising Pune Supergiant,Delhi Capitals,"Arun Jaitley Stadium, Delhi",166,155.6809,8.1107,231.0,83.0,161.0,8.3773,155.0165,8.0254,161.0
980967,2016-05-06,1,Gujarat Lions,Sunrisers Hyderabad,"Rajiv Gandhi International Stadium, Uppal, Hyderabad",126,153.3649,7.9482,223.0,80.0,159.7778,8.2349,153.1042,7.8993,159.7778
980967,2016-05-06,2,Sunrisers Hyderabad,Gujarat Lions,"Rajiv Gandhi International Stadium, Uppal, Hyderabad",129,153.3649,7.9482,223.0,80.0,150.0208,7.7024,161.5556,8.4783,146.8421
980969,2016-05-07,1,Rising Pune Supergiant,Royal Challengers Bengaluru,"M Chinnaswamy Stadium, Bengaluru",191,160.5816,8.5818,263.0,82.0,161.625,8.4127,156.4921,8.1672,161.625
980969,2016-05-07,2,Royal Challengers Bengaluru,Rising Pune Supergiant,"M Chinnaswamy Stadium, Bengaluru",195,160.5816,8.5818,263.0,82.0,154.8175,8.2152,163.0,8.4397,160.766
980971,2016-05-07,1,Punjab Kings,Delhi Capitals,"Punjab Cricket Association IS Bindra Stadium, Mohali",181,157.0128,8.2339,240.0,84.0,156.0726,8.0534,155.1066,8.0306,157.5128
980971,2016-05-07,2,Delhi Capitals,Punjab Kings,"Punjab Cricket Association IS Bindra Stadium, Mohali",172,157.0128,8.2339,240.0,84.0,149.9426,7.901,157.6694,8.2201,139.6667
980973,2016-05-08,1,Sunrisers Hyderabad,Mumbai Indians,"Dr. Y.S. Rajasekhara Reddy ACA-VDCA Cricket Stadium, Visakhapatnam",177,147.5,7.4978,193.0,119.0,149.5918,7.6838,151.3778,7.8613,149.5918
980973,2016-05-08,2,Mumbai Indians,Sunrisers Hyderabad,"Dr. Y.S. Rajasekhara Reddy ACA-VDCA Cricket Stadium, Visakhapatnam",92,147.5,7.4978,193.0,119.0,155.363,8.0597,152.551,7.8667,155.363
980975,2016-05-08,1,Kolkata Knight Riders,Gujarat Lions,"Eden Gardens, Kolkata",158,149.6771,7.8383,204.0,81.0,149.8678,7.8493,158.3,8.3094,151.1111
980975,2016-05-08,2,Gujarat Lions,Kolkata Knight Riders,"Eden Gardens, Kolkata",164,149.6771,7.8383,204.0,81.0,156.4,8.0414,148.5124,7.8119,156.4
980977,2016-05-09,1,Royal Challengers Bengaluru,Punjab Kings,"Punjab Cricket Association IS Bindra Stadium, Mohali",175,157.5,8.2487,240.0,84.0,155.1339,8.2292,157.784,8.2231,153.4
980977,2016-05-09,2,Punjab Kings,Royal Challengers Bengaluru,"Punjab Cricket Association IS Bindra Stadium, Mohali",174,157.5,8.2487,240.0,84.0,156.272,8.0614,156.7638,8.1781,158.1
980979,2016-05-10,1,Sunrisers Hyderabad,Rising Pune Supergiant,"Dr. Y.S. Rajasekhara Reddy ACA-VDCA Cricket Stadium, Visakhapatnam",137,144.9,7.4408,193.0,92.0,150.14,7.7071,166.5556,8.6131,155.6667
980979,2016-05-10,2,Rising Pune Supergiant,Sunrisers Hyderabad,"Dr. Y.S. Rajasekhara Reddy ACA-VDCA Cricket Stadium, Visakhapatnam",133,144.9,7.4408,193.0,92.0,164.8889,8.5391,151.34,7.8208,164.8889
980981,2016-05-11,1,Royal Challengers Bengaluru,Mumbai Indians,"M Chinnaswamy Stadium, Bengaluru",151,161.23,8.6057,263.0,82.0,155.2891,8.2333,151.5662,7.8686,161.4792
980981,2016-05-11,2,Mumbai Indians,Royal Challengers Bengaluru,"M Chinnaswamy Stadium, Bengaluru",153,161.23,8.6057,263.0,82.0,154.8971,8.0414,156.8984,8.1821,163.5714
980983,2016-05-12,1,Sunrisers Hyderabad,Delhi Capitals,"Rajiv Gandhi International Stadium, Uppal, Hyderabad",146,152.6842,7.9113,223.0,80.0,149.8824,7.6903,155.3171,8.0389,145.95
980983,2016-05-12,2,Delhi Capitals,Sunrisers Hyderabad,"Rajiv Gandhi International Stadium, Uppal, Hyderabad",150,152.6842,7.9113,223.0,80.0,150.122,7.9066,150.9804,7.7979,148.75
980985,2016-05-13,1,Mumbai Indians,Punjab Kings,"Dr. Y.S. Rajasekhara Reddy ACA-VDCA Cricket Stadium, Visakhapatnam",124,143.25,7.3256,193.0,92.0,154.8832,8.0425,157.9206,8.2273,154.8832
980985,2016-05-13,2,Punjab Kings,Mumbai Indians,"Dr. Y.S. Rajasekhara Reddy ACA-VDCA Cricket Stadium, Visakhapatnam",127,143.25,7.3256,193.0,92.0,156.4127,8.0664,151.562,7.8662,156.4127
980987,2016-05-14,1,Royal Challengers Bengaluru,Gujarat Lions,"M Chinnaswamy Stadium, Bengaluru",248,161.049,8.5913,263.0,82.0,155.2558,8.228,158.2727,8.2722,161.2653
980987,2016-05-14,2,Gujarat Lions,Royal Challengers Bengaluru,"M Chinnaswamy Stadium, Bengaluru",104,161.049,8.5913,263.0,82.0,157.0909,8.1387,156.8682,8.1823,157.0909
980991,2016-05-15,1,Punjab Kings,Sunrisers Hyderabad,"Punjab Cricket Association IS Bindra Stadium, Mohali",179,157.9146,8.2603,240.0,84.0,156.1811,8.0618,150.9615,7.8067,158.4878
980991,2016-05-15,2,Sunrisers Hyderabad,Punjab Kings,"Punjab Cricket Association IS Bindra Stadium, Mohali",180,157.9146,8.2603,240.0,84.0,149.8077,7.6828,157.6535,8.2113,149.8077
980993,2016-05-15,1,Mumbai Indians,Delhi Capitals,"Dr. Y.S. Rajasekhara Reddy ACA-VDCA Cricket Stadium, Visakhapatnam",206,140.7143,7.2556,193.0,92.0,154.6594,8.0292,155.2419,8.0329,119.3333
980993,2016-05-15,2,Delhi Capitals,Mumbai Indians,"Dr. Y.S. Rajasekhara Reddy ACA-VDCA Cricket Stadium, Visakhapatnam",126,140.7143,7.2556,193.0,92.0,150.121,7.9095,151.3841,7.8634,150.121
980995,2016-05-16,1,Kolkata Knight Riders,Royal Challengers Bengaluru,"Eden Gardens, Kolkata",183,149.9082,7.8519,204.0,81.0,149.9344,7.8497,156.4615,8.1622,151.2609
980995,2016-05-16,2,Royal Challengers Bengaluru,Kolkata Knight Riders,"Eden Gardens, Kolkata",186,149.9082,7.8519,204.0,81.0,155.9692,8.2601,148.6393,7.8225,153.5
981001,2016-05-19,1,Kolkata Knight Riders,Gujarat Lions,Green Park,124,153.2969,7.9821,263.0,58.0,150.2033,7.8603,165.75,8.6162,150.2033
981001,2016-05-19,2,Gujarat Lions,Kolkata Knight Riders,Green Park,125,153.2969,7.9821,263.0,58.0,152.6667,7.9247,148.9431,7.84,152.6667
981003,2016-05-20,1,Sunrisers Hyderabad,Delhi Capitals,Shaheed Veer Narayan Singh International Stadium,158,143.125,7.4103,164.0,119.0,150.3774,7.7105,155.648,8.0511,150.3774
981003,2016-05-20,2,Delhi Capitals,Sunrisers Hyderabad,Shaheed Veer Narayan Singh International Stadium,161,143.125,7.4103,164.0,119.0,149.928,7.8988,151.4906,7.8283,144.5
981005,2016-05-21,1,Punjab Kings,Rising Pune Supergiant,"Dr. Y.S. Rajasekhara Reddy ACA-VDCA Cricket Stadium, Visakhapatnam",172,143.875,7.4033,206.0,92.0,156.3594,8.0687,163.6,8.4368,156.3594
981005,2016-05-21,2,Rising Pune Supergiant,Punjab Kings,"Dr. Y.S. Rajasekhara Reddy ACA-VDCA Cricket Stadium, Visakhapatnam",173,143.875,7.4033,206.0,92.0,161.7,8.3502,157.8281,8.2187,161.7
981007,2016-05-21,1,Mumbai Indians,Gujarat Lions,Green Park,172,124.5,7.7296,125.0,124.0,155.0288,8.0455,162.5385,8.4303,155.0288
981007,2016-05-21,2,Gujarat Lions,Mumbai Indians,Green Park,173,124.5,7.7296,125.0,124.0,150.5385,8.0274,151.2014,7.8541,150.5385
981009,2016-05-22,1,Kolkata Knight Riders,Sunrisers Hyderabad,"Eden Gardens, Kolkata",171,150.6,7.886,204.0,81.0,149.9919,7.8469,151.6667,7.8324,151.9362
981009,2016-05-22,2,Sunrisers Hyderabad,Kolkata Knight Riders,"Eden Gardens, Kolkata",149,150.6,7.886,204.0,81.0,150.5185,7.714,148.75,7.8514,141.3333
981011,2016-05-22,1,Delhi Capitals,Royal Challengers Bengaluru,Shaheed Veer Narayan Singh International Stadium,138,146.4,7.5232,164.0,119.0,150.0159,7.9,156.6641,8.1697,147.8
981011,2016-05-22,2,Royal Challengers Bengaluru,Delhi Capitals,Shaheed Veer Narayan Singh International Stadium,139,146.4,7.5232,164.0,119.0,156.1985,8.2731,155.6667,8.0499,156.1985
981013,2016-05-24,1,Gujarat Lions,Royal Challengers Bengaluru,"M Chinnaswamy Stadium, Bengaluru",158,161.3365,8.5989,263.0,82.0,152.1429,8.1469,156.5227,8.1601,152.1429
981013,2016-05-24,2,Royal Challengers Bengaluru,Gujarat Lions,"M Chinnaswamy Stadium, Bengaluru",159,161.3365,8.5989,263.0,82.0,156.0682,8.2684,163.2143,8.4424,163.0
981015,2016-05-25,1,Sunrisers Hyderabad,Kolkata Knight Riders,"Arun Jaitley Stadium, Delhi",162,155.8542,8.1163,231.0,83.0,150.4909,7.7092,148.752,7.8482,150.4909
981015,2016-05-25,2,Kolkata Knight Riders,Sunrisers Hyderabad,"Arun Jaitley Stadium, Delhi",140,155.8542,8.1163,231.0,83.0,150.16,7.8525,152.0182,7.8454,151.0
981017,2016-05-27,1,Gujarat Lions,Sunrisers Hyderabad,"Arun Jaitley Stadium, Delhi",162,155.7551,8.1048,231.0,83.0,152.5333,8.1305,151.8036,7.8303,152.5333
981017,2016-05-27,2,Sunrisers Hyderabad,Gujarat Lions,"Arun Jaitley Stadium, Delhi",163,155.7551,8.1048,231.0,83.0,150.6964,7.7162,162.9333,8.4578,136.3333
981019,2016-05-29,1,Sunrisers Hyderabad,Royal Challengers Bengaluru,"M Chinnaswamy Stadium, Bengaluru",208,161.283,8.593,263.0,82.0,150.9123,7.7287,156.5338,8.1581,167.5
981019,2016-05-29,2,Royal Challengers Bengaluru,Sunrisers Hyderabad,"M Chinnaswamy Stadium, Bengaluru",200,161.283,8.593,263.0,82.0,156.0902,8.2714,151.9825,7.8351,162.9216
1082591,2017-04-05,1,Sunrisers Hyderabad,Royal Challengers Bengaluru,"Rajiv Gandhi International Stadium, Uppal, Hyderabad",207,152.5641,7.9078,223.0,80.0,151.8966,7.7748,156.9179,8.1749,145.9524
1082591,2017-04-05,2,Royal Challengers Bengaluru,Sunrisers Hyderabad,"Rajiv Gandhi International Stadium, Uppal, Hyderabad",172,152.5641,7.9078,223.0,80.0,156.4179,8.2843,152.8103,7.8724,150.8333
1082592,2017-04-06,1,Mumbai Indians,Rising Pune Supergiant,"Maharashtra Cricket Association Stadium, Pune",184,147.6,7.5827,196.0,99.0,155.15,8.0495,164.3636,8.4516,132.3333
1082592,2017-04-06,2,Rising Pune Supergiant,Mumbai Indians,"Maharashtra Cricket Association Stadium, Pune",187,147.6,7.5827,196.0,99.0,162.7273,8.3774,151.3571,7.8673,171.5
1082593,2017-04-07,1,Gujarat Lions,Kolkata Knight Riders,Saurashtra Cricket Association Stadium,183,154.5,8.1999,182.0,131.0,153.125,8.1286,148.8571,7.8502,152.2
1082593,2017-04-07,2,Kolkata Knight Riders,Gujarat Lions,Saurashtra Cricket Association Stadium,184,154.5,8.1999,182.0,131.0,150.0794,7.8458,162.9375,8.4561,150.0794
1082594,2017-04-08,1,Rising Pune Supergiant,Punjab Kings,Holkar Cricket Stadium,163,138.5,9.2794,181.0,97.0,164.75,8.465,157.9457,8.222,164.75
1082594,2017-04-08,2,Punjab Kings,Rising Pune Supergiant,Holkar Cricket Stadium,164,138.5,9.2794,181.0,97.0,156.4806,8.0728,166.0,8.514,156.4806
1082595,2017-04-08,1,Royal Challengers Bengaluru,Delhi Capitals,"M Chinnaswamy Stadium, Bengaluru",157,162.0741,8.6228,263.0,82.0,156.5333,8.2878,155.5354,8.0467,163.6346
1082595,2017-04-08,2,Delhi Capitals,Royal Challengers Bengaluru,"M Chinnaswamy Stadium, Bengaluru",142,162.0741,8.6228,263.0,82.0,149.9213,7.8921,157.2889,8.191,165.3333
1082596,2017-04-09,1,Gujarat Lions,Sunrisers Hyderabad,"Rajiv Gandhi International Stadium, Uppal, Hyderabad",135,153.4875,7.9488,223.0,80.0,154.8824,8.1886,153.1356,7.8872,154.8824
1082596,2017-04-09,2,Sunrisers Hyderabad,Gujarat Lions,"Rajiv Gandhi International Stadium, Uppal, Hyderabad",140,153.4875,7.9488,223.0,80.0,152.8305,7.8184,164.1765,8.6884,148.7273
1082597,2017-04-09,1,Kolkata Knight Riders,Mumbai Indians,"Wankhede Stadium, Mumbai",178,156.0408,8.2006,235.0,67.0,150.3465,7.8817,151.6099,7.8783,133.1667
1082597,2017-04-09,2,Mumbai Indians,Kolkata Knight Riders,"Wankhede Stadium, Mumbai",180,156.0408,8.2006,235.0,67.0,155.3546,8.0577,149.126,7.8604,159.4667
1082598,2017-04-10,1,Royal Challengers Bengaluru,Punjab Kings,Holkar Cricket Stadium,148,146.8333,8.9832,181.0,97.0,156.5368,8.2845,157.9846,8.2215,156.5368
1082598,2017-04-10,2,Punjab Kings,Royal Challengers Bengaluru,Holkar Cricket Stadium,150,146.8333,8.9832,181.0,97.0,156.5385,8.0771,157.1765,8.183,156.5385
1082599,2017-04-11,1,Delhi Capitals,Rising Pune Supergiant,"Maharashtra Cricket Association Stadium, Pune",205,149.0577,7.6493,196.0,99.0,149.8594,7.8859,165.8462,8.523,148.75
1082599,2017-04-11,2,Rising Pune Supergiant,Delhi Capitals,"Maharashtra Cricket Association Stadium, Pune",108,149.0577,7.6493,196.0,99.0,164.6154,8.4408,155.5469,8.0452,174.6
1082600,2017-04-12,1,Sunrisers Hyderabad,Mumbai Indians,"Wankhede Stadium, Mumbai",158,156.5,8.2163,235.0,67.0,152.6167,7.8387,151.7958,7.8855,152.6167
1082600,2017-04-12,2,Mumbai Indians,Sunrisers Hyderabad,"Wankhede Stadium, Mumbai",159,156.5,8.2163,235.0,67.0,155.5282,8.0648,152.8333,7.8682,159.913
1082601,2017-04-13,1,Punjab Kings,Kolkata Knight Riders,"Eden Gardens, Kolkata",170,150.7843,7.8882,204.0,81.0,156.4885,8.0944,149.3672,7.8699,156.875
1082601,2017-04-13,2,Kolkata Knight Riders,Punjab Kings,"Eden Gardens, Kolkata",171,150.7843,7.8882,204.0,81.0,150.5625,7.8896,157.9084,8.2152,152.3333
1082602,2017-04-14,1,Royal Challengers Bengaluru,Mumbai Indians,"M Chinnaswamy Stadium, Bengaluru",142,161.8455,8.6019,263.0,82.0,156.4745,8.2781,151.8392,7.8856,163.5094
1082602,2017-04-14,2,Mumbai Indians,Royal Challengers Bengaluru,"M Chinnaswamy Stadium, Bengaluru",145,161.8455,8.6019,263.0,82.0,155.5524,8.068,157.1241,8.1987,162.25
1082603,2017-04-14,1,Rising Pune Supergiant,Gujarat Lions,Saurashtra Cricket Association Stadium,171,159.3333,8.6295,184.0,131.0,160.5714,8.3151,162.8333,8.7075,160.5714
1082603,2017-04-14,2,Gujarat Lions,Rising Pune Supergiant,Saurashtra Cricket Association Stadium,172,159.3333,8.6295,184.0,131.0,153.7778,8.1087,168.6429,8.6464,157.3333
1082604,2017-04-15,1,Kolkata Knight Riders,Sunrisers Hyderabad,"Eden Gardens, Kolkata",172,151.1635,7.9179,204.0,81.0,150.7209,7.9088,152.9344,7.8789,152.7143
1082604,2017-04-15,2,Sunrisers Hyderabad,Kolkata Knight Riders,"Eden Gardens, Kolkata",155,151.1635,7.9179,204.0,81.0,152.7049,7.8397,149.5271,7.8748,143.25
1082605,2017-04-15,1,Delhi Capitals,Punjab Kings,"Arun Jaitley Stadium, Delhi",188,155.89,8.108,231.0,83.0,150.2868,7.9042,158.0076,8.2315,156.2391
1082605,2017-04-15,2,Punjab Kings,Delhi Capitals,"Arun Jaitley Stadium, Delhi",137,155.89,8.108,231.0,83.0,156.5909,8.0975,155.1783,8.0346,137.8571
1082606,2017-04-16,1,Gujarat Lions,Mumbai Indians,"Wankhede Stadium, Mumbai",176,156.5392,8.2162,235.0,67.0,154.7368,8.1849,151.7708,7.8802,154.7368
1082606,2017-04-16,2,Mumbai Indians,Gujarat Lions,"Wankhede Stadium, Mumbai",177,156.5392,8.2162,235.0,67.0,155.4792,8.0654,163.2632,8.6992,159.8936
1082607,2017-04-16,1,Rising Pune Supergiant,Royal Challengers Bengaluru,"M Chinnaswamy Stadium, Bengaluru",161,161.5179,8.5805,263.0,82.0,161.2667,8.3307,157.0362,8.1951,161.2667
1082607,2017-04-16,2,Royal Challengers Bengaluru,Rising Pune Supergiant,"M Chinnaswamy Stadium, Bengaluru",134,161.5179,8.5805,263.0,82.0,156.3696,8.2695,168.8667,8.707,163.1111
1082608,2017-04-17,1,Delhi Capitals,Kolkata Knight Riders,"Arun Jaitley Stadium, Delhi",168,156.0196,8.1083,231.0,83.0,150.5769,7.9158,149.5692,7.8738,156.9149
1082608,2017-04-17,2,Kolkata Knight Riders,Delhi Capitals,"Arun Jaitley Stadium, Delhi",169,156.0196,8.1083,231.0,83.0,150.8846,7.9141,155.0385,8.0255,149.4286
1082609,2017-04-17,1,Sunrisers Hyderabad,Punjab Kings,"Rajiv Gandhi International Stadium, Uppal, Hyderabad",159,153.0976,7.9474,223.0,80.0,152.7419,7.8382,158.2331,8.2403,148.3478
1082609,2017-04-17,2,Punjab Kings,Sunrisers Hyderabad,"Rajiv Gandhi International Stadium, Uppal, Hyderabad",154,153.0976,7.9474,223.0,80.0,156.4436,8.0881,153.2419,7.8905,165.7143
1082610,2017-04-18,1,Royal Challengers Bengaluru,Gujarat Lions,Saurashtra Cricket Association Stadium,213,161.0714,8.6899,184.0,131.0,156.2086,8.2583,163.95,8.7181,156.2086
1082610,2017-04-18,2,Gujarat Lions,Royal Challengers Bengaluru,Saurashtra Cricket Association Stadium,192,161.0714,8.6899,184.0,131.0,155.8,8.2156,157.0647,8.1941,159.4286
1082611,2017-04-19,1,Sunrisers Hyderabad,Delhi Capitals,"Rajiv Gandhi International Stadium, Uppal, Hyderabad",191,153.1786,7.9461,223.0,80.0,152.8413,7.84,155.145,8.0293,148.7917
1082611,2017-04-19,2,Delhi Capitals,Sunrisers Hyderabad,"Rajiv Gandhi International Stadium, Uppal, Hyderabad",176,153.1786,7.9461,223.0,80.0,150.7099,7.9195,153.254,7.8896,149.0
1082612,2017-04-20,1,Punjab Kings,Mumbai Indians,Holkar Cricket Stadium,198,147.375,8.9555,181.0,97.0,156.4254,8.0862,151.9379,7.8865,165.0
1082612,2017-04-20,2,Mumbai Indians,Punjab Kings,Holkar Cricket Stadium,199,147.375,8.9555,181.0,97.0,155.6276,8.0724,158.2388,8.2381,155.6276
1082613,2017-04-21,1,Kolkata Knight Riders,Gujarat Lions,"Eden Gardens, Kolkata",187,151.3962,7.9228,204.0,81.0,151.0229,7.9187,166.2857,8.8101,153.1
1082613,2017-04-21,2,Gujarat Lions,Kolkata Knight Riders,"Eden Gardens, Kolkata",188,151.3962,7.9228,204.0,81.0,157.5238,8.2815,149.7099,7.8779,157.5238
1082614,2017-04-22,1,Mumbai Indians,Delhi Capitals,"Wankhede Stadium, Mumbai",142,156.9231,8.2301,235.0,67.0,155.9247,8.1051,155.4167,8.0408,160.25
1082614,2017-04-22,2,Delhi Capitals,Mumbai Indians,"Wankhede Stadium, Mumbai",128,156.9231,8.2301,235.0,67.0,150.9015,7.9261,152.2534,7.9003,133.5
1082615,2017-04-22,1,Sunrisers Hyderabad,Rising Pune Supergiant,"Maharashtra Cricket Association Stadium, Pune",176,149.3333,7.6795,205.0,99.0,153.4375,7.8667,166.6875,8.5816,153.4375
1082615,2017-04-22,2,Rising Pune Supergiant,Sunrisers Hyderabad,"Maharashtra Cricket Association Stadium, Pune",179,149.3333,7.6795,205.0,99.0,161.25,8.3132,153.6094,7.9038,163.5
1082616,2017-04-23,1,Punjab Kings,Gujarat Lions,Saurashtra Cricket Association Stadium,188,166.25,8.8693,213.0,131.0,156.7333,8.0996,167.2273,8.8346,156.7333
1082616,2017-04-23,2,Gujarat Lions,Punjab Kings,Saurashtra Cricket Association Stadium,162,166.25,8.8693,213.0,131.0,158.9091,8.3712,158.5407,8.2722,163.5
1082617,2017-04-23,1,Kolkata Knight Riders,Royal Challengers Bengaluru,"Eden Gardens, Kolkata",131,152.0648,7.9576,204.0,81.0,151.2955,7.9296,157.3143,8.2041,153.7647
1082617,2017-04-23,2,Royal Challengers Bengaluru,Kolkata Knight Riders,"Eden Gardens, Kolkata",49,152.0648,7.9576,204.0,81.0,156.6143,8.2753,150.0,7.8959,158.1429
1082618,2017-04-24,1,Rising Pune Supergiant,Mumbai Indians,"Wankhede Stadium, Mumbai",160,156.5094,8.2021,235.0,67.0,162.2941,8.3506,152.0884,7.8901,162.2941
1082618,2017-04-24,2,Mumbai Indians,Rising Pune Supergiant,"Wankhede Stadium, Mumbai",157,156.5094,8.2021,235.0,67.0,155.8299,8.0982,167.2353,8.5944,159.8776
1082620,2017-04-26,1,Rising Pune Supergiant,Kolkata Knight Riders,"Maharashtra Cricket Association Stadium, Pune",182,150.3393,7.7222,205.0,99.0,162.1667,8.3312,149.2406,7.8746,165.7143
1082620,2017-04-26,2,Kolkata Knight Riders,Rising Pune Supergiant,"Maharashtra Cricket Association Stadium, Pune",184,150.3393,7.7222,205.0,99.0,151.1429,7.9205,166.6667,8.5531,154.2
1082621,2017-04-27,1,Royal Challengers Bengaluru,Gujarat Lions,"M Chinnaswamy Stadium, Bengaluru",134,161.2719,8.5593,263.0,82.0,155.8511,8.2526,168.1304,8.8592,162.5818
1082621,2017-04-27,2,Gujarat Lions,Royal Challengers Bengaluru,"M Chinnaswamy Stadium, Bengaluru",135,161.2719,8.5593,263.0,82.0,159.0435,8.3594,157.1277,8.1936,159.0435
1082622,2017-04-28,1,Delhi Capitals,Kolkata Knight Riders,"Eden Gardens, Kolkata",160,150.9364,7.9201,204.0,49.0,150.7293,7.9146,149.4851,7.8838,126.8333
1082622,2017-04-28,2,Kolkata Knight Riders,Delhi Capitals,"Eden Gardens, Kolkata",161,150.9364,7.9201,204.0,49.0,151.3881,7.937,155.3158,8.0337,153.3269
1082623,2017-04-28,1,Sunrisers Hyderabad,Punjab Kings,"Punjab Cricket Association IS Bindra Stadium, Mohali",207,158.4286,8.2791,240.0,84.0,153.7846,7.8811,158.5662,8.2709,160.0
1082623,2017-04-28,2,Punjab Kings,Sunrisers Hyderabad,"Punjab Cricket Association IS Bindra Stadium, Mohali",181,158.4286,8.2791,240.0,84.0,156.9632,8.1092,154.0,7.9199,158.9762
1082624,2017-04-29,1,Rising Pune Supergiant,Royal Challengers Bengaluru,"Maharashtra Cricket Association Stadium, Pune",157,151.4655,7.7874,205.0,99.0,163.2105,8.3716,156.9718,8.2046,167.75
1082624,2017-04-29,2,Royal Challengers Bengaluru,Rising Pune Supergiant,"Maharashtra Cricket Association Stadium, Pune",96,151.4655,7.7874,205.0,99.0,155.6972,8.2417,167.5789,8.636,181.25
1082625,2017-04-29,1,Gujarat Lions,Mumbai Indians,Saurashtra Cricket Association Stadium,153,167.2222,8.8561,213.0,131.0,158.0417,8.4178,152.1419,7.8909,163.3333
1082625,2017-04-29,2,Mumbai Indians,Gujarat Lions,Saurashtra Cricket Association Stadium,153,167.2222,8.8561,213.0,131.0,155.8378,8.0965,166.7083,8.7692,155.8378
1082626,2017-04-30,1,Delhi Capitals,Punjab Kings,"Punjab Cricket Association IS Bindra Stadium, Mohali",67,159.2558,8.3121,240.0,84.0,150.7985,7.9153,158.9197,8.2861,147.75
1082626,2017-04-30,2,Punjab Kings,Delhi Capitals,"Punjab Cricket Association IS Bindra Stadium, Mohali",68,159.2558,8.3121,240.0,84.0,157.1387,8.1161,155.3582,8.0473,159.4884
1082627,2017-04-30,1,Sunrisers Hyderabad,Kolkata Knight Riders,"Rajiv Gandhi International Stadium, Uppal, Hyderabad",209,153.8837,7.9747,223.0,80.0,154.5909,7.9185,149.563,7.8846,150.48
1082627,2017-04-30,2,Kolkata Knight Riders,Sunrisers Hyderabad,"Rajiv Gandhi International Stadium, Uppal, Hyderabad",161,153.8837,7.9747,223.0,80.0,151.4593,7.9512,154.4091,7.937,159.0
1082628,2017-05-01,1,Royal Challengers Bengaluru,Mumbai Indians,"Wankhede Stadium, Mumbai",162,156.5463,8.197,235.0,67.0,155.2797,8.2176,152.1477,7.8892,170.2857
1082628,2017-05-01,2,Mumbai Indians,Royal Challengers Bengaluru,"Wankhede Stadium, Mumbai",165,156.5463,8.197,235.0,67.0,155.8188,8.0935,156.972,8.2021,159.82
1082629,2017-05-01,1,Gujarat Lions,Rising Pune Supergiant,"Maharashtra Cricket Association Stadium, Pune",161,150.6333,7.7387,205.0,96.0,157.84,8.387,164.0,8.4442,157.84
1082629,2017-05-01,2,Rising Pune Supergiant,Gujarat Lions,"Maharashtra Cricket Association Stadium, Pune",167,150.6333,7.7387,205.0,96.0,162.9,8.3455,166.16,8.7245,166.5556
1082630,2017-05-02,1,Sunrisers Hyderabad,Delhi Capitals,"Arun Jaitley Stadium, Delhi",185,156.2596,8.1151,231.0,83.0,155.403,7.9563,154.7111,8.052,143.0
1082630,2017-05-02,2,Delhi Capitals,Sunrisers Hyderabad,"Arun Jaitley Stadium, Delhi",189,156.2596,8.1151,231.0,83.0,150.1778,7.8856,154.5075,7.9387,157.1458
1082631,2017-05-03,1,Kolkata Knight Riders,Rising Pune Supergiant,"Eden Gardens, Kolkata",155,151.1071,7.9381,204.0,49.0,151.5294,7.9519,163.8571,8.4286,153.4717
1082631,2017-05-03,2,Rising Pune Supergiant,Kolkata Knight Riders,"Eden Gardens, Kolkata",158,151.1071,7.9381,204.0,49.0,163.0952,8.3491,150.0,7.9035,163.0952
1082632,2017-05-04,1,Gujarat Lions,Delhi Capitals,"Arun Jaitley Stadium, Delhi",208,156.8396,8.1423,231.0,83.0,157.9615,8.3767,154.9338,8.0608,157.9615
1082632,2017-05-04,2,Delhi Capitals,Gujarat Lions,"Arun Jaitley Stadium, Delhi",214,156.8396,8.1423,231.0,83.0,150.4632,7.9001,166.1923,8.7128,157.7959
1082633,2017-05-05,1,Punjab Kings,Royal Challengers Bengaluru,"M Chinnaswamy Stadium, Bengaluru",138,160.8103,8.5536,263.0,82.0,156.4928,8.1201,157.0278,8.2029,159.25
1082633,2017-05-05,2,Royal Challengers Bengaluru,Punjab Kings,"M Chinnaswamy Stadium, Bengaluru",119,160.8103,8.5536,263.0,82.0,155.3264,8.2168,158.2536,8.2543,162.0714
1082634,2017-05-06,1,Rising Pune Supergiant,Sunrisers Hyderabad,"Rajiv Gandhi International Stadium, Uppal, Hyderabad",148,154.5909,8.0036,223.0,80.0,162.8636,8.3411,155.0147,7.967,162.8636
1082634,2017-05-06,2,Sunrisers Hyderabad,Rising Pune Supergiant,"Rajiv Gandhi International Stadium, Uppal, Hyderabad",136,154.5909,8.0036,223.0,80.0,155.8382,7.9753,163.4545,8.3978,152.7308
1082635,2017-05-06,1,Mumbai Indians,Delhi Capitals,"Arun Jaitley Stadium, Delhi",212,157.8426,8.201,231.0,83.0,155.88,8.095,155.3212,8.0779,159.375
1082635,2017-05-06,2,Delhi Capitals,Mumbai Indians,"Arun Jaitley Stadium, Delhi",66,157.8426,8.201,231.0,83.0,150.927,7.9317,152.2133,7.8906,158.92
1082636,2017-05-07,1,Royal Challengers Bengaluru,Kolkata Knight Riders,"M Chinnaswamy Stadium, Bengaluru",158,160.2627,8.5202,263.0,82.0,155.0759,8.2033,150.0584,7.9054,161.3158
1082636,2017-05-07,2,Kolkata Knight Riders,Royal Challengers Bengaluru,"M Chinnaswamy Stadium, Bengaluru",159,160.2627,8.5202,263.0,82.0,151.5547,7.9504,156.8966,8.194,171.5714
1082637,2017-05-07,1,Punjab Kings,Gujarat Lions,"Punjab Cricket Association IS Bindra Stadium, Mohali",189,157.1705,8.2662,240.0,67.0,156.3597,8.1114,167.963,8.843,157.4091
1082637,2017-05-07,2,Gujarat Lions,Punjab Kings,"Punjab Cricket Association IS Bindra Stadium, Mohali",192,157.1705,8.2662,240.0,67.0,159.8148,8.4516,157.9712,8.24,159.8148
1082638,2017-05-08,1,Mumbai Indians,Sunrisers Hyderabad,"Rajiv Gandhi International Stadium, Uppal, Hyderabad",138,154.3111,7.9836,223.0,80.0,156.2517,8.1116,154.913,7.9588,149.1667
1082638,2017-05-08,2,Sunrisers Hyderabad,Mumbai Indians,"Rajiv Gandhi International Stadium, Uppal, Hyderabad",140,154.3111,7.9836,223.0,80.0,155.5507,7.9583,151.6424,7.8704,152.1111
1082639,2017-05-09,1,Punjab Kings,Kolkata Knight Riders,"Punjab Cricket Association IS Bindra Stadium, Mohali",167,157.9111,8.296,240.0,67.0,156.5929,8.1209,150.1159,7.9054,158.1111
1082639,2017-05-09,2,Kolkata Knight Riders,Punjab Kings,"Punjab Cricket Association IS Bindra Stadium, Mohali",153,157.9111,8.296,240.0,67.0,151.6087,7.9688,158.2143,8.2509,154.6
1082640,2017-05-10,1,Gujarat Lions,Delhi Capitals,Green Park,195,148.5,8.44,173.0,124.0,160.9643,8.4984,155.7319,8.0962,160.9643
1082640,2017-05-10,2,Delhi Capitals,Gujarat Lions,Green Park,197,148.5,8.44,173.0,124.0,150.3116,7.9092,168.7143,8.8646,150.3116
1082641,2017-05-11,1,Punjab Kings,Mumbai Indians,"Wankhede Stadium, Mumbai",230,156.6727,8.1972,235.0,67.0,156.6667,8.1226,151.5658,7.8688,167.75
1082641,2017-05-11,2,Mumbai Indians,Punjab Kings,"Wankhede Stadium, Mumbai",223,156.6727,8.1972,235.0,67.0,156.1316,8.1037,158.1773,8.2466,159.9216
1082642,2017-05-12,1,Delhi Capitals,Rising Pune Supergiant,"Arun Jaitley Stadium, Delhi",168,157.5,8.1922,231.0,66.0,150.6475,7.9244,162.2609,8.3283,157.098
1082642,2017-05-12,2,Rising Pune Supergiant,Delhi Capitals,"Arun Jaitley Stadium, Delhi",161,157.5,8.1922,231.0,66.0,162.2174,8.3001,156.0144,8.1081,162.2174
1082643,2017-05-13,1,Gujarat Lions,Sunrisers Hyderabad,Green Park,154,164.3333,8.9212,197.0,124.0,162.1379,8.5416,154.6714,7.9436,164.3333
1082643,2017-05-13,2,Sunrisers Hyderabad,Gujarat Lions,Green Park,158,164.3333,8.9212,197.0,124.0,155.3286,7.9537,169.6897,8.9044,155.3286
1082644,2017-05-13,1,Mumbai Indians,Kolkata Knight Riders,"Eden Gardens, Kolkata",173,151.2018,7.9385,204.0,49.0,156.5686,8.1236,150.2374,7.9086,166.8
1082644,2017-05-13,2,Kolkata Knight Riders,Mumbai Indians,"Eden Gardens, Kolkata",164,151.2018,7.9385,204.0,49.0,151.6187,7.9665,152.0784,7.8926,153.5
1082645,2017-05-14,1,Punjab Kings,Rising Pune Supergiant,"Maharashtra Cricket Association Stadium, Pune",73,151.0645,7.7558,205.0,96.0,157.1831,8.1463,162.5,8.3313,140.0
1082645,2017-05-14,2,Rising Pune Supergiant,Punjab Kings,"Maharashtra Cricket Association Stadium, Pune",78,151.0645,7.7558,205.0,96.0,162.1667,8.2897,158.6338,8.2671,166.6
1082646,2017-05-14,1,Royal Challengers Bengaluru,Delhi Capitals,"Arun Jaitley Stadium, Delhi",161,157.625,8.1928,231.0,66.0,155.0959,8.2012,156.05,8.1077,164.3333
1082646,2017-05-14,2,Delhi Capitals,Royal Challengers Bengaluru,"Arun Jaitley Stadium, Delhi",151,157.625,8.1928,231.0,66.0,150.7714,7.9278,156.911,8.2096,157.3077
1082647,2017-05-16,1,Rising Pune Supergiant,Mumbai Indians,"Wankhede Stadium, Mumbai",162,157.9196,8.2531,235.0,67.0,158.8,8.2181,152.1558,7.8946,158.8
1082647,2017-05-16,2,Mumbai Indians,Rising Pune Supergiant,"Wankhede Stadium, Mumbai",142,157.9196,8.2531,235.0,67.0,156.6753,8.127,158.92,8.1825,161.1346
1082649,2017-05-19,1,Kolkata Knight Riders,Mumbai Indians,"M Chinnaswamy Stadium, Bengaluru",107,160.2333,8.5314,263.0,82.0,151.7071,7.9682,152.2194,7.8959,170.0
1082649,2017-05-19,2,Mumbai Indians,Kolkata Knight Riders,"M Chinnaswamy Stadium, Bengaluru",111,160.2333,8.5314,263.0,82.0,156.5806,8.1204,150.4,7.9139,160.3333
1082650,2017-05-21,1,Mumbai Indians,Rising Pune Supergiant,"Rajiv Gandhi International Stadium, Uppal, Hyderabad",129,153.9783,7.968,223.0,80.0,156.2885,8.1174,158.2692,8.1408,147.5714
1082650,2017-05-21,2,Rising Pune Supergiant,Mumbai Indians,"Rajiv Gandhi International Stadium, Uppal, Hyderabad",128,153.9783,7.968,223.0,80.0,158.9231,8.2136,151.9295,7.8817,158.9231
1136561,2018-04-07,1,Mumbai Indians,Chennai Super Kings,"Wankhede Stadium, Mumbai",165,157.8158,8.2416,235.0,67.0,156.1146,8.1068,151.6614,7.8874,160.7736
1136561,2018-04-07,2,Chennai Super Kings,Mumbai Indians,"Wankhede Stadium, Mumbai",169,157.8158,8.2416,235.0,67.0,160.6693,8.265,151.7771,7.8723,157.0
1136562,2018-04-08,1,Delhi Capitals,Punjab Kings,"Punjab Cricket Association IS Bindra Stadium, Mohali",166,157.9565,8.2896,240.0,67.0,150.773,7.9251,158.0699,8.2547,131.6
1136562,2018-04-08,2,Punjab Kings,Delhi Capitals,"Punjab Cricket Association IS Bindra Stadium, Mohali",167,157.9565,8.2896,240.0,67.0,156.5944,8.1216,156.0851,8.1073,158.3043
1136563,2018-04-08,1,Royal Challengers Bengaluru,Kolkata Knight Riders,"Eden Gardens, Kolkata",176,151.5,7.9469,204.0,49.0,155.1361,8.2002,150.1206,7.9121,144.5
1136563,2018-04-08,2,Kolkata Knight Riders,Royal Challengers Bengaluru,"Eden Gardens, Kolkata",177,151.5,7.9469,204.0,49.0,151.3901,7.9519,156.8707,8.2051,153.6909
1136564,2018-04-09,1,Rajasthan Royals,Sunrisers Hyderabad,"Rajiv Gandhi International Stadium, Uppal, Hyderabad",125,153.4362,7.9352,223.0,80.0,151.0085,7.8779,154.662,7.9439,149.25
1136564,2018-04-09,2,Sunrisers Hyderabad,Rajasthan Royals,"Rajiv Gandhi International Stadium, Uppal, Hyderabad",127,153.4362,7.9352,223.0,80.0,155.3662,7.9641,150.5385,7.8979,151.6786
1136565,2018-04-10,1,Kolkata Knight Riders,Chennai Super Kings,"MA Chidambaram Stadium, Chepauk, Chennai",202,158.9375,8.0776,246.0,95.0,151.5704,7.9621,151.7656,7.8902,155.2857
1136565,2018-04-10,2,Chennai Super Kings,Kolkata Knight Riders,"MA Chidambaram Stadium, Chepauk, Chennai",205,158.9375,8.0776,246.0,95.0,160.7344,8.267,150.3028,7.9183,164.0213
1136567,2018-04-12,1,Mumbai Indians,Sunrisers Hyderabad,"Rajiv Gandhi International Stadium, Uppal, Hyderabad",147,152.8646,7.9177,223.0,80.0,156.1709,8.1077,154.25,7.9204,145.25
1136567,2018-04-12,2,Sunrisers Hyderabad,Mumbai Indians,"Rajiv Gandhi International Stadium, Uppal, Hyderabad",151,152.8646,7.9177,223.0,80.0,154.9722,7.9638,151.8861,7.8764,150.8276
1136568,2018-04-13,1,Punjab Kings,Royal Challengers Bengaluru,"M Chinnaswamy Stadium, Bengaluru",155,159.3934,8.5008,263.0,82.0,156.6667,8.1268,157.0068,8.2132,156.8889
1136568,2018-04-13,2,Royal Challengers Bengaluru,Punjab Kings,"M Chinnaswamy Stadium, Bengaluru",159,159.3934,8.5008,263.0,82.0,155.277,8.2043,158.125,8.255,161.2586
1136569,2018-04-14,1,Mumbai Indians,Delhi Capitals,"Wankhede Stadium, Mumbai",194,157.9741,8.2441,235.0,67.0,156.1132,8.1029,156.162,8.1126,160.8519
1136569,2018-04-14,2,Delhi Capitals,Mumbai Indians,"Wankhede Stadium, Mumbai",195,157.9741,8.2441,235.0,67.0,150.8803,7.9277,151.8805,7.8743,132.7143
1136570,2018-04-14,1,Kolkata Knight Riders,Sunrisers Hyderabad,"Eden Gardens, Kolkata",138,151.9237,7.9664,204.0,49.0,151.9231,7.9771,154.1507,7.9126,154.1071
1136570,2018-04-14,2,Sunrisers Hyderabad,Kolkata Knight Riders,"Eden Gardens, Kolkata",139,151.9237,7.9664,204.0,49.0,154.9178,7.9581,150.6853,7.9352,145.6
1136571,2018-04-15,1,Rajasthan Royals,Royal Challengers Bengaluru,"M Chinnaswamy Stadium, Bengaluru",217,159.3548,8.4941,263.0,82.0,150.7881,7.8641,156.9933,8.2119,146.6
1136571,2018-04-15,2,Royal Challengers Bengaluru,Rajasthan Royals,"M Chinnaswamy Stadium, Bengaluru",198,159.3548,8.4941,263.0,82.0,155.302,8.2039,150.339,7.8982,161.2203
1136572,2018-04-15,1,Punjab Kings,Chennai Super Kings,"Punjab Cricket Association IS Bindra Stadium, Mohali",197,158.1383,8.2958,240.0,67.0,156.6552,8.126,152.155,7.9074,158.4894
1136572,2018-04-15,2,Chennai Super Kings,Punjab Kings,"Punjab Cricket Association IS Bindra Stadium, Mohali",193,158.1383,8.2958,240.0,67.0,161.0775,8.2831,158.131,8.2543,175.25
1136573,2018-04-16,1,Kolkata Knight Riders,Delhi Capitals,"Eden Gardens, Kolkata",200,151.7,7.9521,204.0,49.0,151.8264,7.9696,156.4266,8.1237,153.8246
1136573,2018-04-16,2,Delhi Capitals,Kolkata Knight Riders,"Eden Gardens, Kolkata",129,151.7,7.9521,204.0,49.0,151.1888,7.9405,150.6042,7.9309,131.5714
1136574,2018-04-17,1,Mumbai Indians,Royal Challengers Bengaluru,"Wankhede Stadium, Mumbai",213,158.5932,8.2692,235.0,67.0,156.35,8.1129,157.3933,8.2295,161.4545
1136574,2018-04-17,2,Royal Challengers Bengaluru,Mumbai Indians,"Wankhede Stadium, Mumbai",167,158.5932,8.2692,235.0,67.0,155.5867,8.2152,152.15,7.886,169.25
1136575,2018-04-18,1,Rajasthan Royals,Kolkata Knight Riders,"Sawai Mansingh Stadium, Jaipur",160,149.4091,7.8412,197.0,92.0,151.3445,7.8892,150.4552,7.9383,152.2424
1136575,2018-04-18,2,Kolkata Knight Riders,Rajasthan Royals,"Sawai Mansingh Stadium, Jaipur",163,149.4091,7.8412,197.0,92.0,152.1586,7.9836,150.7395,7.915,144.5
1136576,2018-04-19,1,Punjab Kings,Sunrisers Hyderabad,"Punjab Cricket Association IS Bindra Stadium, Mohali",193,158.9062,8.3261,240.0,67.0,156.9315,8.1378,153.9324,7.8989,159.2917
1136576,2018-04-19,2,Sunrisers Hyderabad,Punjab Kings,"Punjab Cricket Association IS Bindra Stadium, Mohali",178,158.9062,8.3261,240.0,67.0,154.7027,7.9494,158.3699,8.2639,171.75
1136577,2018-04-20,1,Chennai Super Kings,Rajasthan Royals,"Maharashtra Cricket Association Stadium, Pune",204,148.7031,7.687,205.0,73.0,161.3231,8.2936,150.8417,7.9212,161.3231
1136577,2018-04-20,2,Rajasthan Royals,Chennai Super Kings,"Maharashtra Cricket Association Stadium, Pune",140,148.7031,7.687,205.0,73.0,151.4167,7.8902,152.5,7.9223,135.5
1136579,2018-04-21,1,Delhi Capitals,Royal Challengers Bengaluru,"M Chinnaswamy Stadium, Bengaluru",174,160.119,8.524,263.0,82.0,151.0347,7.9478,157.7616,8.2455,162.0
1136579,2018-04-21,2,Royal Challengers Bengaluru,Delhi Capitals,"M Chinnaswamy Stadium, Bengaluru",176,160.119,8.524,263.0,82.0,155.6623,8.2161,156.7292,8.1367,161.8333
1136580,2018-04-22,1,Chennai Super Kings,Sunrisers Hyderabad,"Rajiv Gandhi International Stadium, Uppal, Hyderabad",182,152.7857,7.9081,223.0,80.0,161.6489,8.3082,154.4533,7.9223,180.3333
1136580,2018-04-22,2,Sunrisers Hyderabad,Chennai Super Kings,"Rajiv Gandhi International Stadium, Uppal, Hyderabad",178,152.7857,7.9081,223.0,80.0,155.0133,7.9621,152.4046,7.9196,150.8333
1136581,2018-04-22,1,Mumbai Indians,Rajasthan Royals,"Sawai Mansingh Stadium, Jaipur",167,149.7647,7.8555,197.0,92.0,156.7019,8.1286,151.281,7.94,133.6
1136581,2018-04-22,2,Rajasthan Royals,Mumbai Indians,"Sawai Mansingh Stadium, Jaipur",168,149.7647,7.8555,197.0,92.0,151.3223,7.8875,152.2422,7.8889,152.4706
1136582,2018-04-23,1,Punjab Kings,Delhi Capitals,"Arun Jaitley Stadium, Delhi",143,157.5965,8.1859,231.0,66.0,157.1769,8.1481,156.8621,8.1481,137.75
1136582,2018-04-23,2,Delhi Capitals,Punjab Kings,"Arun Jaitley Stadium, Delhi",139,157.5965,8.1859,231.0,66.0,151.1931,7.953,158.5034,8.2682,157.1887
1136583,2018-04-24,1,Sunrisers Hyderabad,Mumbai Indians,"Wankhede Stadium, Mumbai",118,159.1167,8.2897,235.0,67.0,155.3158,7.9744,152.3395,7.8929,157.6667
1136583,2018-04-24,2,Mumbai Indians,Sunrisers Hyderabad,"Wankhede Stadium, Mumbai",87,159.1167,8.2897,235.0,67.0,156.7654,8.13,154.8158,7.9378,162.375
1136584,2018-04-25,1,Royal Challengers Bengaluru,Chennai Super Kings,"M Chinnaswamy Stadium, Bengaluru",205,160.3516,8.5352,263.0,82.0,155.7961,8.2264,152.5985,7.927,162.0656
1136584,2018-04-25,2,Chennai Super Kings,Royal Challengers Bengaluru,"M Chinnaswamy Stadium, Bengaluru",207,160.3516,8.5352,263.0,82.0,161.803,8.3142,157.8684,8.2485,150.1429
1136585,2018-04-26,1,Sunrisers Hyderabad,Punjab Kings,"Rajiv Gandhi International Stadium, Uppal, Hyderabad",132,153.33,7.9299,223.0,80.0,154.8312,7.953,158.3716,8.2593,151.7097
1136585,2018-04-26,2,Punjab Kings,Sunrisers Hyderabad,"Rajiv Gandhi International Stadium, Uppal, Hyderabad",119,153.33,7.9299,223.0,80.0,157.0811,8.1414,153.9351,7.8947,164.25
1136586,2018-04-27,1,Delhi Capitals,Kolkata Knight Riders,"Arun Jaitley Stadium, Delhi",219,157.3103,8.1663,231.0,66.0,151.1096,7.9461,150.5205,7.9387,156.8519
1136586,2018-04-27,2,Kolkata Knight Riders,Delhi Capitals,"Arun Jaitley Stadium, Delhi",164,157.3103,8.1663,231.0,66.0,152.2329,7.9882,156.7671,8.1412,151.875
1136587,2018-04-28,1,Chennai Super Kings,Mumbai Indians,"Maharashtra Cricket Association Stadium, Pune",169,149.4091,7.7233,205.0,73.0,162.1429,8.3308,152.1288,7.8833,174.3333
1136587,2018-04-28,2,Mumbai Indians,Chennai Super Kings,"Maharashtra Cricket Association Stadium, Pune",170,149.4091,7.7233,205.0,73.0,156.3374,8.1085,152.9925,7.9445,145.25
1136588,2018-04-29,1,Sunrisers Hyderabad,Rajasthan Royals,"Sawai Mansingh Stadium, Jaipur",151,150.2714,7.8723,197.0,92.0,154.5385,7.9356,151.4098,7.9434,154.5385
1136588,2018-04-29,2,Rajasthan Royals,Sunrisers Hyderabad,"Sawai Mansingh Stadium, Jaipur",140,150.2714,7.8723,197.0,92.0,151.459,7.8929,153.4872,7.8724,152.9143
1136589,2018-04-29,1,Royal Challengers Bengaluru,Kolkata Knight Riders,"M Chinnaswamy Stadium, Bengaluru",175,161.0538,8.5637,263.0,82.0,156.1176,8.2396,150.9864,7.9592,162.7581
1136589,2018-04-29,2,Kolkata Knight Riders,Royal Challengers Bengaluru,"M Chinnaswamy Stadium, Bengaluru",176,161.0538,8.5637,263.0,82.0,152.3129,7.9896,158.1895,8.2634,163.0
1136590,2018-04-30,1,Chennai Super Kings,Delhi Capitals,"Maharashtra Cricket Association Stadium, Pune",211,150.0,7.7475,205.0,73.0,162.194,8.3317,156.8163,8.1416,173.0
1136590,2018-04-30,2,Delhi Capitals,Chennai Super Kings,"Maharashtra Cricket Association Stadium, Pune",198,150.0,7.7475,205.0,73.0,151.5714,7.9666,153.1194,7.9497,160.0
1136591,2018-05-01,1,Royal Challengers Bengaluru,Mumbai Indians,"M Chinnaswamy Stadium, Bengaluru",167,161.2727,8.5698,263.0,82.0,156.2403,8.2429,152.2317,7.8868,162.9524
1136591,2018-05-01,2,Mumbai Indians,Royal Challengers Bengaluru,"M Chinnaswamy Stadium, Bengaluru",153,161.2727,8.5698,263.0,82.0,156.4207,8.1117,158.3052,8.2694,155.4
1136593,2018-05-03,1,Chennai Super Kings,Kolkata Knight Riders,"Eden Gardens, Kolkata",177,151.9098,7.9775,204.0,49.0,162.5556,8.3481,151.1486,7.9645,150.4286
1136593,2018-05-03,2,Kolkata Knight Riders,Chennai Super Kings,"Eden Gardens, Kolkata",180,151.9098,7.9775,204.0,49.0,152.473,7.9977,153.4519,7.9642,154.6207
1136594,2018-05-04,1,Punjab Kings,Mumbai Indians,Holkar Cricket Stadium,174,157.6,9.4383,199.0,97.0,156.8255,8.1281,152.3212,7.8896,173.25
1136594,2018-05-04,2,Mumbai Indians,Punjab Kings,Holkar Cricket Stadium,176,157.6,9.4383,199.0,97.0,156.4,8.1089,158.1946,8.2482,156.4
1136595,2018-05-05,1,Royal Challengers Bengaluru,Chennai Super Kings,"Maharashtra Cricket Association Stadium, Pune",127,151.5571,7.8183,211.0,73.0,156.3097,8.2436,153.6471,7.9805,164.2
1136595,2018-05-05,2,Chennai Super Kings,Royal Challengers Bengaluru,"Maharashtra Cricket Association Stadium, Pune",128,151.5571,7.8183,211.0,73.0,162.6618,8.3518,158.271,8.2654,180.6
1136596,2018-05-05,1,Delhi Capitals,Sunrisers Hyderabad,"Rajiv Gandhi International Stadium, Uppal, Hyderabad",163,152.7843,7.8995,223.0,80.0,151.8851,7.9796,153.3165,7.8613,153.5
1136596,2018-05-05,2,Sunrisers Hyderabad,Delhi Capitals,"Rajiv Gandhi International Stadium, Uppal, Hyderabad",164,152.7843,7.8995,223.0,80.0,154.4937,7.9307,157.1824,8.1579,151.0938
1136597,2018-05-06,1,Mumbai Indians,Kolkata Knight Riders,"Wankhede Stadium, Mumbai",181,158.1885,8.2435,235.0,67.0,156.5181,8.1159,151.3221,7.9705,161.0526
1136597,2018-05-06,2,Kolkata Knight Riders,Mumbai Indians,"Wankhede Stadium, Mumbai",168,158.1885,8.2435,235.0,67.0,152.6577,8.0124,152.4518,7.8945,139.5714
1136598,2018-05-06,1,Rajasthan Royals,Punjab Kings,Holkar Cricket Stadium,152,160.5,9.3621,199.0,97.0,151.3659,7.8856,158.3133,8.2549,151.3659
1136598,2018-05-06,2,Punjab Kings,Rajasthan Royals,Holkar Cricket Stadium,155,160.5,9.3621,199.0,97.0,156.94,8.1319,151.4065,7.9402,173.4
1136599,2018-05-07,1,Sunrisers Hyderabad,Royal Challengers Bengaluru,"Rajiv Gandhi International Stadium, Uppal, Hyderabad",146,152.9904,7.9055,223.0,80.0,154.6125,7.935,158.0769,8.258,151.4848
1136599,2018-05-07,2,Royal Challengers Bengaluru,Sunrisers Hyderabad,"Rajiv Gandhi International Stadium, Uppal, Hyderabad",141,152.9904,7.9055,223.0,80.0,156.1218,8.2315,153.4375,7.8649,153.8571
1136600,2018-05-08,1,Rajasthan Royals,Punjab Kings,"Sawai Mansingh Stadium, Jaipur",158,150.1389,7.8557,197.0,92.0,151.371,7.8833,158.2715,8.2506,152.5556
1136600,2018-05-08,2,Punjab Kings,Rajasthan Royals,"Sawai Mansingh Stadium, Jaipur",143,150.1389,7.8557,197.0,92.0,156.9272,8.133,151.4355,7.9431,150.75
1136601,2018-05-09,1,Mumbai Indians,Kolkata Knight Riders,"Eden Gardens, Kolkata",210,152.3387,8.0023,204.0,49.0,156.6647,8.1215,151.52,7.9777,167.3636
1136601,2018-05-09,2,Kolkata Knight Riders,Mumbai Indians,"Eden Gardens, Kolkata",108,152.3387,8.0023,204.0,49.0,152.76,8.015,152.5449,7.8975,155.0508
1136602,2018-05-10,1,Delhi Capitals,Sunrisers Hyderabad,"Arun Jaitley Stadium, Delhi",187,157.8898,8.1902,231.0,66.0,151.9597,7.9808,153.284,7.8549,157.9818
1136602,2018-05-10,2,Sunrisers Hyderabad,Delhi Capitals,"Arun Jaitley Stadium, Delhi",191,157.8898,8.1902,231.0,66.0,154.5062,7.9271,157.2282,8.1586,151.4
1136603,2018-05-11,1,Chennai Super Kings,Rajasthan Royals,"Sawai Mansingh Stadium, Jaipur",176,150.1486,7.8468,197.0,92.0,162.4088,8.3427,151.368,7.9368,143.25
1136603,2018-05-11,2,Rajasthan Royals,Chennai Super Kings,"Sawai Mansingh Stadium, Jaipur",177,150.1486,7.8468,197.0,92.0,151.424,7.8834,153.4526,7.9686,152.7027
1136604,2018-05-12,1,Kolkata Knight Riders,Punjab Kings,Holkar Cricket Stadium,245,159.5,9.1607,199.0,97.0,152.4636,8.0013,158.2697,8.2483,152.4636
1136604,2018-05-12,2,Punjab Kings,Kolkata Knight Riders,Holkar Cricket Stadium,214,159.5,9.1607,199.0,97.0,156.8355,8.1265,151.9073,7.9944,170.3333
1136605,2018-05-12,1,Delhi Capitals,Royal Challengers Bengaluru,"Arun Jaitley Stadium, Delhi",181,158.4083,8.2161,231.0,66.0,152.1933,7.9899,158.0,8.2519,158.5
1136605,2018-05-12,2,Royal Challengers Bengaluru,Delhi Capitals,"Arun Jaitley Stadium, Delhi",187,158.4083,8.2161,231.0,66.0,156.0255,8.224,157.4533,8.1719,163.8571
1136606,2018-05-13,1,Sunrisers Hyderabad,Chennai Super Kings,"Maharashtra Cricket Association Stadium, Pune",179,150.8889,7.7881,211.0,73.0,154.9512,7.9541,153.6232,7.9755,154.9512
1136606,2018-05-13,2,Chennai Super Kings,Sunrisers Hyderabad,"Maharashtra Cricket Association Stadium, Pune",180,150.8889,7.7881,211.0,73.0,162.5072,8.346,153.6951,7.8731,171.8333
1136607,2018-05-13,1,Mumbai Indians,Rajasthan Royals,"Wankhede Stadium, Mumbai",168,158.4516,8.2513,235.0,67.0,156.9821,8.1356,151.5635,7.9436,161.3966
1136607,2018-05-13,2,Rajasthan Royals,Mumbai Indians,"Wankhede Stadium, Mumbai",171,158.4516,8.2513,235.0,67.0,151.627,7.8917,152.2798,7.8859,169.3333
1136608,2018-05-14,1,Punjab Kings,Royal Challengers Bengaluru,Holkar Cricket Stadium,88,168.25,9.45,245.0,97.0,157.2092,8.1434,158.1456,8.2569,176.5714
1136608,2018-05-14,2,Royal Challengers Bengaluru,Punjab Kings,Holkar Cricket Stadium,92,168.25,9.45,245.0,97.0,156.2215,8.2342,158.8366,8.2745,156.2215
1136609,2018-05-15,1,Rajasthan Royals,Kolkata Knight Riders,"Eden Gardens, Kolkata",142,152.4444,8.0058,210.0,49.0,151.7795,7.9044,152.3158,8.0122,131.8333
1136609,2018-05-15,2,Kolkata Knight Riders,Rajasthan Royals,"Eden Gardens, Kolkata",145,152.4444,8.0058,210.0,49.0,153.0724,8.0292,151.6929,7.9472,154.2667
1136610,2018-05-16,1,Mumbai Indians,Punjab Kings,"Wankhede Stadium, Mumbai",186,158.627,8.2624,235.0,67.0,157.0473,8.1372,158.4026,8.2939,161.5085
1136610,2018-05-16,2,Punjab Kings,Mumbai Indians,"Wankhede Stadium, Mumbai",183,158.627,8.2624,235.0,67.0,156.7597,8.1282,152.3905,7.8954,174.6667
1136611,2018-05-17,1,Royal Challengers Bengaluru,Sunrisers Hyderabad,"M Chinnaswamy Stadium, Bengaluru",218,161.2537,8.5613,263.0,82.0,155.8176,8.2533,154.012,7.8924,163.0156
1136611,2018-05-17,2,Sunrisers Hyderabad,Royal Challengers Bengaluru,"M Chinnaswamy Stadium, Bengaluru",204,161.2537,8.5613,263.0,82.0,155.241,7.9661,157.7044,8.2415,175.6
1136612,2018-05-18,1,Delhi Capitals,Chennai Super Kings,"Arun Jaitley Stadium, Delhi",162,158.8279,8.2362,231.0,66.0,152.3841,7.9969,153.8058,7.9825,158.8947
1136612,2018-05-18,2,Chennai Super Kings,Delhi Capitals,"Arun Jaitley Stadium, Delhi",128,158.8279,8.2362,231.0,66.0,162.6331,8.3542,157.649,8.1829,171.6667
1136613,2018-05-19,1,Rajasthan Royals,Royal Challengers Bengaluru,"Sawai Mansingh Stadium, Jaipur",164,150.8421,7.8735,197.0,92.0,151.7031,7.901,157.9938,8.2537,153.3421
1136613,2018-05-19,2,Royal Challengers Bengaluru,Rajasthan Royals,"Sawai Mansingh Stadium, Jaipur",134,150.8421,7.8735,197.0,92.0,156.2062,8.2698,151.6406,7.9481,155.0
1136614,2018-05-19,1,Sunrisers Hyderabad,Kolkata Knight Riders,"Rajiv Gandhi International Stadium, Uppal, Hyderabad",172,152.8113,7.8917,223.0,80.0,155.8214,7.9927,152.2484,8.0087,151.3235
1136614,2018-05-19,2,Kolkata Knight Riders,Sunrisers Hyderabad,"Rajiv Gandhi International Stadium, Uppal, Hyderabad",173,152.8113,7.8917,223.0,80.0,153.0196,8.0294,154.7738,7.9282,159.3333
1136615,2018-05-20,1,Delhi Capitals,Mumbai Indians,"Arun Jaitley Stadium, Delhi",174,158.6048,8.2203,231.0,66.0,152.4474,7.9976,152.5706,7.9028,158.9483
1136615,2018-05-20,2,Mumbai Indians,Delhi Capitals,"Arun Jaitley Stadium, Delhi",163,158.6048,8.2203,231.0,66.0,157.2176,8.1441,157.4539,8.1712,165.2222
1136616,2018-05-20,1,Punjab Kings,Chennai Super Kings,"Maharashtra Cricket Association Stadium, Pune",153,151.6622,7.8266,211.0,73.0,156.929,8.1348,153.8643,7.9834,128.8333
1136616,2018-05-20,2,Chennai Super Kings,Punjab Kings,"Maharashtra Cricket Association Stadium, Pune",159,151.6622,7.8266,211.0,73.0,162.3857,8.3402,158.5806,8.3004,173.0
1136617,2018-05-22,1,Sunrisers Hyderabad,Chennai Super Kings,"Wankhede Stadium, Mumbai",139,159.0312,8.2774,235.0,67.0,156.0118,7.9999,153.8582,7.9819,147.75
1136617,2018-05-22,2,Chennai Super Kings,Sunrisers Hyderabad,"Wankhede Stadium, Mumbai",140,159.0312,8.2774,235.0,67.0,162.3617,8.3399,154.9882,7.9384,158.0909
1136618,2018-05-23,1,Kolkata Knight Riders,Rajasthan Royals,"Eden Gardens, Kolkata",169,152.3047,8.002,210.0,49.0,153.1494,8.0344,151.5039,7.9402,154.1148
1136618,2018-05-23,2,Rajasthan Royals,Kolkata Knight Riders,"Eden Gardens, Kolkata",144,152.3047,8.002,210.0,49.0,151.7984,7.9033,152.3766,8.0125,133.2857
1136619,2018-05-25,1,Sunrisers Hyderabad,Kolkata Knight Riders,"Eden Gardens, Kolkata",174,152.3692,7.9993,210.0,49.0,155.814,7.9877,152.3226,8.0073,144.5
1136619,2018-05-25,2,Kolkata Knight Riders,Sunrisers Hyderabad,"Eden Gardens, Kolkata",160,152.3692,7.9993,210.0,49.0,153.2516,8.0371,154.814,7.931,154.3548
1136620,2018-05-27,1,Sunrisers Hyderabad,Chennai Super Kings,"Wankhede Stadium, Mumbai",178,158.7308,8.2597,235.0,67.0,156.023,7.9959,153.7535,7.9747,146.0
1136620,2018-05-27,2,Chennai Super Kings,Sunrisers Hyderabad,"Wankhede Stadium, Mumbai",181,158.7308,8.2597,235.0,67.0,162.2042,8.3326,154.8736,7.9318,156.5833
1175356,2019-03-23,1,Royal Challengers Bengaluru,Chennai Super Kings,"MA Chidambaram Stadium, Chepauk, Chennai",70,159.8469,8.1213,246.0,95.0,156.0683,8.2615,153.9231,7.9811,159.375
1175356,2019-03-23,2,Chennai Super Kings,Royal Challengers Bengaluru,"MA Chidambaram Stadium, Chepauk, Chennai",71,159.8469,8.1213,246.0,95.0,162.3357,8.3427,158.0311,8.2534,164.875
1175357,2019-03-24,1,Sunrisers Hyderabad,Kolkata Knight Riders,"Eden Gardens, Kolkata",181,152.5909,8.0046,210.0,49.0,156.2727,8.0061,152.4615,8.0117,148.7143
1175357,2019-03-24,2,Kolkata Knight Riders,Sunrisers Hyderabad,"Eden Gardens, Kolkata",183,152.5909,8.0046,210.0,49.0,153.2949,8.0368,155.1705,7.9529,154.4444
1175358,2019-03-24,1,Delhi Capitals,Mumbai Indians,"Wankhede Stadium, Mumbai",213,159.0455,8.2761,235.0,67.0,152.5882,8.0022,152.6959,7.9075,140.5
1175358,2019-03-24,2,Mumbai Indians,Delhi Capitals,"Wankhede Stadium, Mumbai",176,159.0455,8.2761,235.0,67.0,157.2515,8.1453,157.4902,8.1724,161.9167
1175359,2019-03-25,1,Punjab Kings,Rajasthan Royals,"Sawai Mansingh Stadium, Jaipur",184,150.7949,7.8656,197.0,92.0,156.9038,8.1325,151.6385,7.9441,149.2
1175359,2019-03-25,2,Rajasthan Royals,Punjab Kings,"Sawai Mansingh Stadium, Jaipur",170,150.7949,7.8656,197.0,92.0,151.7385,7.8979,158.5833,8.3003,153.6154
1175360,2019-03-26,1,Delhi Capitals,Chennai Super Kings,"Arun Jaitley Stadium, Delhi",147,158.7619,8.2252,231.0,66.0,152.9805,8.0194,153.3403,7.954,159.2034
1175360,2019-03-26,2,Chennai Super Kings,Delhi Capitals,"Arun Jaitley Stadium, Delhi",150,158.7619,8.2252,231.0,66.0,161.7014,8.3127,157.6104,8.1785,165.4286
1175361,2019-03-27,1,Kolkata Knight Riders,Punjab Kings,"Eden Gardens, Kolkata",218,153.0299,8.0221,210.0,49.0,153.4841,8.0449,158.6561,8.3016,154.8906
1175361,2019-03-27,2,Punjab Kings,Kolkata Knight Riders,"Eden Gardens, Kolkata",190,153.0299,8.0221,210.0,49.0,157.0764,8.1393,152.6433,8.0183,158.3333
1175362,2019-03-28,1,Mumbai Indians,Royal Challengers Bengaluru,"M Chinnaswamy Stadium, Bengaluru",187,161.9853,8.5905,263.0,82.0,157.3605,8.1509,157.4938,8.2272,155.1818
1175362,2019-03-28,2,Royal Challengers Bengaluru,Mumbai Indians,"M Chinnaswamy Stadium, Bengaluru",181,161.9853,8.5905,263.0,82.0,155.537,8.2357,153.0465,7.9234,163.8615
1175363,2019-03-29,1,Rajasthan Royals,Sunrisers Hyderabad,"Rajiv Gandhi International Stadium, Uppal, Hyderabad",198,153.1759,7.9066,223.0,80.0,151.8779,7.9025,155.4831,7.9681,144.4
1175363,2019-03-29,2,Sunrisers Hyderabad,Rajasthan Royals,"Rajiv Gandhi International Stadium, Uppal, Hyderabad",201,153.1759,7.9066,223.0,80.0,156.5506,8.0179,151.8855,7.9537,151.9143
1175364,2019-03-30,1,Mumbai Indians,Punjab Kings,"Punjab Cricket Association IS Bindra Stadium, Mohali",176,159.449,8.3455,240.0,67.0,157.5318,8.1578,159.0316,8.3181,149.7143
1175364,2019-03-30,2,Punjab Kings,Mumbai Indians,"Punjab Cricket Association IS Bindra Stadium, Mohali",177,159.449,8.3455,240.0,67.0,157.2848,8.1479,153.2081,7.9299,159.9796
1175365,2019-03-30,1,Kolkata Knight Riders,Delhi Capitals,"Arun Jaitley Stadium, Delhi",185,158.6016,8.2137,231.0,66.0,153.8924,8.063,157.5613,8.1749,153.2222
1175365,2019-03-30,2,Delhi Capitals,Kolkata Knight Riders,"Arun Jaitley Stadium, Delhi",185,158.6016,8.2137,231.0,66.0,152.9419,8.0151,152.8797,8.0277,159.0
1175366,2019-03-31,1,Sunrisers Hyderabad,Royal Challengers Bengaluru,"Rajiv Gandhi International Stadium, Uppal, Hyderabad",231,154.0182,7.949,223.0,80.0,157.0444,8.0463,157.6748,8.2341,153.2778
1175366,2019-03-31,2,Royal Challengers Bengaluru,Sunrisers Hyderabad,"Rajiv Gandhi International Stadium, Uppal, Hyderabad",113,154.0182,7.949,223.0,80.0,155.6933,8.2407,155.9556,7.9895,152.25
1175367,2019-03-31,1,Chennai Super Kings,Rajasthan Royals,"MA Chidambaram Stadium, Chepauk, Chennai",175,158.06,8.0398,246.0,70.0,161.6207,8.308,152.2576,7.9736,162.9592
1175367,2019-03-31,2,Rajasthan Royals,Chennai Super Kings,"MA Chidambaram Stadium, Chepauk, Chennai",167,158.06,8.0398,246.0,70.0,152.2273,7.9176,153.2966,7.9499,176.1667
1175368,2019-04-01,1,Punjab Kings,Delhi Capitals,"Punjab Cricket Association IS Bindra Stadium, Mohali",166,159.79,8.3614,240.0,67.0,157.4088,8.1563,157.7372,8.1818,160.32
1175368,2019-04-01,2,Delhi Capitals,Punjab Kings,"Punjab Cricket Association IS Bindra Stadium, Mohali",152,159.79,8.3614,240.0,67.0,153.1474,8.023,159.1384,8.3211,137.3333
1175369,2019-04-02,1,Royal Challengers Bengaluru,Rajasthan Royals,"Sawai Mansingh Stadium, Jaipur",158,151.45,7.8902,197.0,92.0,155.4329,8.2252,152.4286,7.9794,151.5
1175369,2019-04-02,2,Rajasthan Royals,Royal Challengers Bengaluru,"Sawai Mansingh Stadium, Jaipur",164,151.45,7.8902,197.0,92.0,152.3383,7.9209,158.122,8.2543,154.025
1175370,2019-04-03,1,Mumbai Indians,Chennai Super Kings,"Wankhede Stadium, Mumbai",170,159.5746,8.3,235.0,67.0,157.6379,8.1615,153.3904,7.9526,162.1475
1175370,2019-04-03,2,Chennai Super Kings,Mumbai Indians,"Wankhede Stadium, Mumbai",133,159.5746,8.3,235.0,67.0,161.7123,8.311,153.3448,7.9388,158.4615
1175371,2019-04-04,1,Delhi Capitals,Sunrisers Hyderabad,"Arun Jaitley Stadium, Delhi",129,159.0077,8.2297,231.0,66.0,153.1401,8.022,155.4835,7.9643,159.4262
1175371,2019-04-04,2,Sunrisers Hyderabad,Delhi Capitals,"Arun Jaitley Stadium, Delhi",131,159.0077,8.2297,231.0,66.0,157.8571,8.0848,157.7898,8.1826,158.0
1175372,2019-04-05,1,Royal Challengers Bengaluru,Kolkata Knight Riders,"M Chinnaswamy Stadium, Bengaluru",205,162.3043,8.5993,263.0,82.0,155.4485,8.2232,153.0818,8.0354,164.1212
1175372,2019-04-05,2,Kolkata Knight Riders,Royal Challengers Bengaluru,"M Chinnaswamy Stadium, Bengaluru",206,162.3043,8.5993,263.0,82.0,154.0881,8.0704,158.1576,8.2544,164.3
1178393,2019-04-06,1,Chennai Super Kings,Punjab Kings,"MA Chidambaram Stadium, Chepauk, Chennai",160,158.3137,8.0498,246.0,70.0,161.517,8.2997,159.0938,8.3182,163.2
1178393,2019-04-06,2,Punjab Kings,Chennai Super Kings,"MA Chidambaram Stadium, Chepauk, Chennai",138,158.3137,8.0498,246.0,70.0,157.4625,8.1572,153.5034,7.9563,144.2
1178394,2019-04-06,1,Mumbai Indians,Sunrisers Hyderabad,"Rajiv Gandhi International Stadium, Uppal, Hyderabad",136,154.3393,7.9611,231.0,80.0,157.7086,8.1634,155.1957,7.9479,145.4444
1178394,2019-04-06,2,Sunrisers Hyderabad,Mumbai Indians,"Rajiv Gandhi International Stadium, Uppal, Hyderabad",96,154.3393,7.9611,231.0,80.0,157.5652,8.0739,153.2286,7.9315,155.3784
1178395,2019-04-07,1,Royal Challengers Bengaluru,Delhi Capitals,"M Chinnaswamy Stadium, Bengaluru",149,162.9214,8.6265,263.0,82.0,155.747,8.2354,157.6203,8.1756,164.7313
1178395,2019-04-07,2,Delhi Capitals,Royal Challengers Bengaluru,"M Chinnaswamy Stadium, Bengaluru",152,162.9214,8.6265,263.0,82.0,152.9873,8.012,158.4458,8.2695,163.5
1178396,2019-04-07,1,Rajasthan Royals,Kolkata Knight Riders,"Sawai Mansingh Stadium, Jaipur",139,151.6829,7.895,197.0,92.0,152.4254,7.9235,153.4062,8.0492,154.2683
1178396,2019-04-07,2,Kolkata Knight Riders,Rajasthan Royals,"Sawai Mansingh Stadium, Jaipur",140,151.6829,7.895,197.0,92.0,154.4125,8.0872,152.4701,7.9788,148.2
1178397,2019-04-08,1,Sunrisers Hyderabad,Punjab Kings,"Punjab Cricket Association IS Bindra Stadium, Mohali",150,159.7745,8.3559,240.0,67.0,156.9032,8.0455,159.0994,8.3162,173.0
1178397,2019-04-08,2,Punjab Kings,Sunrisers Hyderabad,"Punjab Cricket Association IS Bindra Stadium, Mohali",151,159.7745,8.3559,240.0,67.0,157.3416,8.1494,154.9892,7.9355,160.4314
1178398,2019-04-09,1,Kolkata Knight Riders,Chennai Super Kings,"MA Chidambaram Stadium, Chepauk, Chennai",108,158.1346,8.0383,246.0,70.0,154.323,8.0998,153.3986,7.9492,161.125
1178398,2019-04-09,2,Chennai Super Kings,Kolkata Knight Riders,"MA Chidambaram Stadium, Chepauk, Chennai",111,158.1346,8.0383,246.0,70.0,161.5068,8.2977,153.3168,8.0424,163.1373
1178399,2019-04-10,1,Punjab Kings,Mumbai Indians,"Wankhede Stadium, Mumbai",197,159.4559,8.2893,235.0,67.0,157.3025,8.1461,152.9034,7.9173,175.5
1178399,2019-04-10,2,Mumbai Indians,Punjab Kings,"Wankhede Stadium, Mumbai",198,159.4559,8.2893,235.0,67.0,157.5852,8.1557,159.0432,8.3112,162.2742
1178400,2019-04-11,1,Rajasthan Royals,Chennai Super Kings,"Sawai Mansingh Stadium, Jaipur",151,151.3929,7.9102,197.0,92.0,152.3259,7.9163,153.094,7.9321,153.9048
1178400,2019-04-11,2,Chennai Super Kings,Rajasthan Royals,"Sawai Mansingh Stadium, Jaipur",155,151.3929,7.9102,197.0,92.0,161.1678,8.285,152.3778,7.9947,149.8
1178401,2019-04-12,1,Kolkata Knight Riders,Delhi Capitals,"Eden Gardens, Kolkata",178,153.7794,8.0542,218.0,49.0,154.037,8.0831,157.566,8.171,155.8615
1178401,2019-04-12,2,Delhi Capitals,Kolkata Knight Riders,"Eden Gardens, Kolkata",180,153.7794,8.0542,218.0,49.0,152.9811,8.0124,153.0556,8.0323,131.25
1178402,2019-04-13,1,Mumbai Indians,Rajasthan Royals,"Wankhede Stadium, Mumbai",187,160.0072,8.3123,235.0,67.0,157.8136,8.1655,152.3971,7.9929,162.8413
1178402,2019-04-13,2,Rajasthan Royals,Mumbai Indians,"Wankhede Stadium, Mumbai",188,160.0072,8.3123,235.0,67.0,152.3162,7.9136,153.1525,7.9282,169.5714
1178403,2019-04-13,1,Punjab Kings,Royal Challengers Bengaluru,"Punjab Cricket Association IS Bindra Stadium, Mohali",173,159.5962,8.3405,240.0,67.0,157.546,8.1565,158.4072,8.2683,160.25
1178403,2019-04-13,2,Royal Challengers Bengaluru,Punjab Kings,"Punjab Cricket Association IS Bindra Stadium, Mohali",174,159.5962,8.3405,240.0,67.0,155.7066,8.2307,159.2822,8.3209,157.0
1178404,2019-04-14,1,Kolkata Knight Riders,Chennai Super Kings,"Eden Gardens, Kolkata",161,154.1449,8.0712,218.0,49.0,154.184,8.0881,153.08,7.9295,156.197
1178404,2019-04-14,2,Chennai Super Kings,Kolkata Knight Riders,"Eden Gardens, Kolkata",162,154.1449,8.0712,218.0,49.0,161.1267,8.2814,153.2209,8.0416,153.75
1178405,2019-04-14,1,Delhi Capitals,Sunrisers Hyderabad,"Rajiv Gandhi International Stadium, Uppal, Hyderabad",155,153.6667,7.9287,231.0,80.0,153.15,8.022,154.9468,7.9321,154.8571
1178405,2019-04-14,2,Sunrisers Hyderabad,Delhi Capitals,"Rajiv Gandhi International Stadium, Uppal, Hyderabad",116,153.6667,7.9287,231.0,80.0,156.8298,8.0397,157.6938,8.1756,153.8158
1178406,2019-04-15,1,Royal Challengers Bengaluru,Mumbai Indians,"Wankhede Stadium, Mumbai",171,160.4,8.3292,235.0,67.0,155.8155,8.2353,153.3483,7.9378,169.0
1178406,2019-04-15,2,Mumbai Indians,Royal Challengers Bengaluru,"Wankhede Stadium, Mumbai",172,160.4,8.3292,235.0,67.0,157.9775,8.1722,158.494,8.2705,163.2188
1178407,2019-04-16,1,Punjab Kings,Rajasthan Royals,"Punjab Cricket Association IS Bindra Stadium, Mohali",182,159.8585,8.3497,240.0,67.0,157.6402,8.1595,152.6496,8.0028,160.4906
1178407,2019-04-16,2,Rajasthan Royals,Punjab Kings,"Punjab Cricket Association IS Bindra Stadium, Mohali",170,159.8585,8.3497,240.0,67.0,152.5766,7.9262,159.372,8.3251,166.1667
1178408,2019-04-17,1,Chennai Super Kings,Sunrisers Hyderabad,"Rajiv Gandhi International Stadium, Uppal, Hyderabad",132,153.3534,7.9119,231.0,80.0,161.1325,8.2811,154.9474,7.9302,180.75
1178408,2019-04-17,2,Sunrisers Hyderabad,Chennai Super Kings,"Rajiv Gandhi International Stadium, Uppal, Hyderabad",137,153.3534,7.9119,231.0,80.0,156.4,8.0199,153.1325,7.9303,152.8462
1178409,2019-04-18,1,Mumbai Indians,Delhi Capitals,"Arun Jaitley Stadium, Delhi",168,158.5682,8.2075,231.0,66.0,158.0559,8.1771,157.4348,8.1631,165.0
1178409,2019-04-18,2,Delhi Capitals,Mumbai Indians,"Arun Jaitley Stadium, Delhi",128,158.5682,8.2075,231.0,66.0,153.1615,8.0204,153.4469,7.9412,158.9355
1178410,2019-04-19,1,Royal Challengers Bengaluru,Kolkata Knight Riders,"Eden Gardens, Kolkata",213,154.25,8.0722,218.0,49.0,155.9053,8.2371,153.2744,8.0428,148.0
1178410,2019-04-19,2,Kolkata Knight Riders,Royal Challengers Bengaluru,"Eden Gardens, Kolkata",203,154.25,8.0722,218.0,49.0,154.2256,8.0879,158.574,8.2752,156.2687
1178411,2019-04-20,1,Mumbai Indians,Rajasthan Royals,"Sawai Mansingh Stadium, Jaipur",161,151.4302,7.9042,197.0,92.0,158.1111,8.1784,152.8623,8.0108,139.1667
1178411,2019-04-20,2,Rajasthan Royals,Mumbai Indians,"Sawai Mansingh Stadium, Jaipur",162,151.4302,7.9042,197.0,92.0,152.7029,7.9303,153.3056,7.9327,153.8372
1178412,2019-04-20,1,Punjab Kings,Delhi Capitals,"Arun Jaitley Stadium, Delhi",163,158.4104,8.1954,231.0,66.0,157.7879,8.1652,157.5,8.1645,138.3333
1178412,2019-04-20,2,Delhi Capitals,Punjab Kings,"Arun Jaitley Stadium, Delhi",166,158.4104,8.1954,231.0,66.0,153.0062,8.0104,159.4364,8.3261,158.4444
1178413,2019-04-21,1,Kolkata Knight Riders,Sunrisers Hyderabad,"Rajiv Gandhi International Stadium, Uppal, Hyderabad",159,153.0339,7.9027,231.0,80.0,154.5212,8.1004,154.7083,7.9163,161.2857
1178413,2019-04-21,2,Sunrisers Hyderabad,Kolkata Knight Riders,"Rajiv Gandhi International Stadium, Uppal, Hyderabad",161,153.0339,7.9027,231.0,80.0,156.1979,8.0212,153.6364,8.0586,152.45
1178414,2019-04-21,1,Royal Challengers Bengaluru,Chennai Super Kings,"M Chinnaswamy Stadium, Bengaluru",161,162.7465,8.6143,263.0,82.0,156.2412,8.2513,153.0263,7.9317,164.5
1178414,2019-04-21,2,Chennai Super Kings,Royal Challengers Bengaluru,"M Chinnaswamy Stadium, Bengaluru",160,162.7465,8.6143,263.0,82.0,160.9408,8.2701,158.8353,8.2862,157.25
1178415,2019-04-22,1,Rajasthan Royals,Delhi Capitals,"Sawai Mansingh Stadium, Jaipur",191,151.6591,7.912,197.0,92.0,152.7698,7.9341,157.5337,8.1644,154.0227
1178415,2019-04-22,2,Delhi Capitals,Rajasthan Royals,"Sawai Mansingh Stadium, Jaipur",193,151.6591,7.912,197.0,92.0,153.0859,8.013,152.9209,8.011,151.25
1178416,2019-04-23,1,Sunrisers Hyderabad,Chennai Super Kings,"MA Chidambaram Stadium, Chepauk, Chennai",175,157.217,7.998,246.0,70.0,156.2474,8.0491,153.0784,7.9325,156.2474
1178416,2019-04-23,2,Chennai Super Kings,Sunrisers Hyderabad,"MA Chidambaram Stadium, Chepauk, Chennai",176,157.217,7.998,246.0,70.0,160.9346,8.2683,154.7526,7.9167,162.1346
1178417,2019-04-24,1,Royal Challengers Bengaluru,Punjab Kings,"M Chinnaswamy Stadium, Bengaluru",202,162.7153,8.6061,263.0,82.0,156.269,8.2501,159.4759,8.3268,164.4493
1178417,2019-04-24,2,Punjab Kings,Royal Challengers Bengaluru,"M Chinnaswamy Stadium, Bengaluru",185,162.7153,8.6061,263.0,82.0,157.8193,8.1651,158.8421,8.2845,156.7
1178418,2019-04-25,1,Kolkata Knight Riders,Rajasthan Royals,"Eden Gardens, Kolkata",175,155.007,8.105,218.0,49.0,154.5482,8.0995,153.2071,8.0251,156.9559
1178418,2019-04-25,2,Rajasthan Royals,Kolkata Knight Riders,"Eden Gardens, Kolkata",177,155.007,8.105,218.0,49.0,153.0429,7.9456,153.6807,8.0747,134.625
1178419,2019-04-26,1,Mumbai Indians,Chennai Super Kings,"MA Chidambaram Stadium, Chepauk, Chennai",155,157.5556,8.0131,246.0,70.0,158.1271,8.1776,153.2208,7.9378,151.1667
1178419,2019-04-26,2,Chennai Super Kings,Mumbai Indians,"MA Chidambaram Stadium, Chepauk, Chennai",109,157.5556,8.0131,246.0,70.0,161.0325,8.2722,153.3536,7.9355,162.3962
1178420,2019-04-27,1,Sunrisers Hyderabad,Rajasthan Royals,"Sawai Mansingh Stadium, Jaipur",160,152.5556,7.9533,197.0,92.0,156.4388,8.0563,153.3617,8.0303,156.4388
1178420,2019-04-27,2,Rajasthan Royals,Sunrisers Hyderabad,"Sawai Mansingh Stadium, Jaipur",161,152.5556,7.9533,197.0,92.0,153.2128,7.9542,154.9694,7.9265,154.8444
1178421,2019-04-28,1,Delhi Capitals,Royal Challengers Bengaluru,"Arun Jaitley Stadium, Delhi",187,158.5,8.1969,231.0,66.0,153.3293,8.025,158.9942,8.2901,158.5625
1178421,2019-04-28,2,Royal Challengers Bengaluru,Delhi Capitals,"Arun Jaitley Stadium, Delhi",171,158.5,8.1969,231.0,66.0,156.5349,8.2609,157.7378,8.1729,166.75
1178422,2019-04-28,1,Kolkata Knight Riders,Mumbai Indians,"Eden Gardens, Kolkata",232,155.2986,8.1168,218.0,49.0,154.6707,8.1034,153.1099,7.9258,157.2174
1178422,2019-04-28,2,Mumbai Indians,Kolkata Knight Riders,"Eden Gardens, Kolkata",198,155.2986,8.1168,218.0,49.0,158.1099,8.1753,153.8204,8.0812,170.9167
1178423,2019-04-29,1,Sunrisers Hyderabad,Punjab Kings,"Rajiv Gandhi International Stadium, Uppal, Hyderabad",212,153.15,7.9267,231.0,80.0,156.4747,8.0557,159.7305,8.3375,152.6585
1178423,2019-04-29,2,Punjab Kings,Sunrisers Hyderabad,"Rajiv Gandhi International Stadium, Uppal, Hyderabad",167,153.15,7.9267,231.0,80.0,157.982,8.1716,155.0303,7.9312,159.2222
1178425,2019-05-01,1,Chennai Super Kings,Delhi Capitals,"MA Chidambaram Stadium, Chepauk, Chennai",179,157.0909,7.9939,246.0,70.0,160.6968,8.2587,157.8182,8.1752,161.4074
1178425,2019-05-01,2,Delhi Capitals,Chennai Super Kings,"MA Chidambaram Stadium, Chepauk, Chennai",99,157.0909,7.9939,246.0,70.0,153.5333,8.033,153.2323,7.9366,139.5714
1178426,2019-05-02,1,Mumbai Indians,Sunrisers Hyderabad,"Wankhede Stadium, Mumbai",162,160.5563,8.3359,235.0,67.0,158.3279,8.1847,155.15,7.9354,163.3538
1178426,2019-05-02,2,Sunrisers Hyderabad,Mumbai Indians,"Wankhede Stadium, Mumbai",162,160.5563,8.3359,235.0,67.0,157.03,8.0811,153.541,7.9459,151.3333
1178427,2019-05-03,1,Punjab Kings,Kolkata Knight Riders,"Punjab Cricket Association IS Bindra Stadium, Mohali",183,160.1574,8.358,240.0,67.0,158.0357,8.1727,154.0833,8.092,160.8889
1178427,2019-05-03,2,Kolkata Knight Riders,Punjab Kings,"Punjab Cricket Association IS Bindra Stadium, Mohali",185,160.1574,8.358,240.0,67.0,155.131,8.1242,160.0417,8.3509,154.3333
1178428,2019-05-04,1,Rajasthan Royals,Delhi Capitals,"Arun Jaitley Stadium, Delhi",115,158.7971,8.2078,231.0,66.0,153.2676,7.9574,157.9458,8.1798,149.0
1178428,2019-05-04,2,Delhi Capitals,Rajasthan Royals,"Arun Jaitley Stadium, Delhi",121,158.7971,8.2078,231.0,66.0,153.2048,8.0212,153.4085,8.0301,159.0
1178429,2019-05-04,1,Sunrisers Hyderabad,Royal Challengers Bengaluru,"M Chinnaswamy Stadium, Bengaluru",175,163.137,8.6207,263.0,82.0,157.0792,8.0813,159.1561,8.2963,180.3333
1178429,2019-05-04,2,Royal Challengers Bengaluru,Sunrisers Hyderabad,"M Chinnaswamy Stadium, Bengaluru",178,163.137,8.6207,263.0,82.0,156.6185,8.2626,155.2178,7.9371,164.9857
1178430,2019-05-05,1,Chennai Super Kings,Punjab Kings,"Punjab Cricket Association IS Bindra Stadium, Mohali",170,160.5909,8.3827,240.0,67.0,160.8141,8.2631,160.1893,8.3623,178.8
1178430,2019-05-05,2,Punjab Kings,Chennai Super Kings,"Punjab Cricket Association IS Bindra Stadium, Mohali",173,160.5909,8.3827,240.0,67.0,158.1834,8.1785,152.8846,7.9246,161.2909
1178431,2019-05-05,1,Kolkata Knight Riders,Mumbai Indians,"Wankhede Stadium, Mumbai",133,160.5764,8.3326,235.0,67.0,155.3077,8.137,153.587,7.9468,143.125
1178431,2019-05-05,2,Mumbai Indians,Kolkata Knight Riders,"Wankhede Stadium, Mumbai",134,160.5764,8.3326,235.0,67.0,158.3478,8.1843,154.2544,8.0983,163.3333
1181764,2019-05-07,1,Chennai Super Kings,Mumbai Indians,"MA Chidambaram Stadium, Chepauk, Chennai",131,156.7679,7.9852,246.0,70.0,160.8726,8.2646,153.4757,7.9397,161.7273
1181764,2019-05-07,2,Mumbai Indians,Chennai Super Kings,"MA Chidambaram Stadium, Chepauk, Chennai",132,156.7679,7.9852,246.0,70.0,158.2162,8.1848,153.0127,7.9353,151.7143
1181766,2019-05-08,1,Sunrisers Hyderabad,Delhi Capitals,"Dr. Y.S. Rajasekhara Reddy ACA-VDCA Cricket Stadium, Visakhapatnam",162,147.0556,7.539,206.0,92.0,157.2549,8.0879,157.6886,8.1653,151.0
1181766,2019-05-08,2,Delhi Capitals,Sunrisers Hyderabad,"Dr. Y.S. Rajasekhara Reddy ACA-VDCA Cricket Stadium, Visakhapatnam",165,147.0556,7.539,206.0,92.0,153.012,8.0179,155.4412,7.9495,153.012
1181767,2019-05-10,1,Delhi Capitals,Chennai Super Kings,"Dr. Y.S. Rajasekhara Reddy ACA-VDCA Cricket Stadium, Visakhapatnam",147,148.7,7.6061,206.0,92.0,153.0833,8.0197,152.8797,7.9302,152.6667
1181767,2019-05-10,2,Chennai Super Kings,Delhi Capitals,"Dr. Y.S. Rajasekhara Reddy ACA-VDCA Cricket Stadium, Visakhapatnam",151,148.7,7.6061,206.0,92.0,160.6835,8.2538,157.7143,8.1649,160.6835
1181768,2019-05-12,1,Mumbai Indians,Chennai Super Kings,"Rajiv Gandhi International Stadium, Uppal, Hyderabad",149,153.7459,7.9521,231.0,80.0,158.0753,8.1792,152.8428,7.9266,144.5
1181768,2019-05-12,2,Chennai Super Kings,Mumbai Indians,"Rajiv Gandhi International Stadium, Uppal, Hyderabad",148,153.7459,7.9521,231.0,80.0,160.6226,8.2518,153.3548,7.9323,171.0
1216492,2020-09-19,1,Mumbai Indians,Chennai Super Kings,"Zayed Cricket Stadium, Abu Dhabi",162,136.5,7.2212,206.0,70.0,158.0267,8.1753,152.8188,7.9236,158.0267
1216492,2020-09-19,2,Chennai Super Kings,Mumbai Indians,"Zayed Cricket Stadium, Abu Dhabi",166,136.5,7.2212,206.0,70.0,160.5438,8.2465,153.3262,7.9294,160.5438
1216493,2020-09-20,1,Delhi Capitals,Punjab Kings,Dubai International Cricket Stadium,157,147.4286,7.5047,184.0,115.0,153.0473,8.0158,160.2471,8.3631,153.0473
1216493,2020-09-20,2,Punjab Kings,Delhi Capitals,Dubai International Cricket Stadium,157,147.4286,7.5047,184.0,115.0,158.2706,8.1869,157.6746,8.1636,158.2706
1216534,2020-09-21,1,Royal Challengers Bengaluru,Sunrisers Hyderabad,Dubai International Cricket Stadium,163,148.625,7.5479,184.0,115.0,156.7414,8.268,155.534,7.9531,156.7414
1216534,2020-09-21,2,Sunrisers Hyderabad,Royal Challengers Bengaluru,Dubai International Cricket Stadium,153,148.625,7.5479,184.0,115.0,157.301,8.088,159.2471,8.2989,157.301
1216496,2020-09-22,1,Rajasthan Royals,Chennai Super Kings,Sharjah Cricket Stadium,216,152.4167,7.8654,193.0,121.0,153.0,7.9419,152.8758,7.9247,153.0
1216496,2020-09-22,2,Chennai Super Kings,Rajasthan Royals,Sharjah Cricket Stadium,200,152.4167,7.8654,193.0,121.0,160.5776,8.2486,153.1818,8.0262,160.5776
1216508,2020-09-23,1,Mumbai Indians,Kolkata Knight Riders,"Zayed Cricket Stadium, Abu Dhabi",195,139.9375,7.3614,206.0,70.0,158.0479,8.1749,154.1353,8.0994,158.0479
1216508,2020-09-23,2,Kolkata Knight Riders,Mumbai Indians,"Zayed Cricket Stadium, Abu Dhabi",146,139.9375,7.3614,206.0,70.0,155.1765,8.1282,153.3936,7.9329,141.3333
1216510,2020-09-24,1,Punjab Kings,Royal Challengers Bengaluru,Dubai International Cricket Stadium,206,149.6667,7.5942,184.0,115.0,158.2632,8.1849,159.2114,8.2959,158.2632
1216510,2020-09-24,2,Royal Challengers Bengaluru,Punjab Kings,Dubai International Cricket Stadium,109,149.6667,7.5942,184.0,115.0,156.7771,8.2673,160.2281,8.3601,134.3333
1216539,2020-09-25,1,Delhi Capitals,Chennai Super Kings,Dubai International Cricket Stadium,175,150.45,7.6704,206.0,109.0,153.0706,8.0148,153.2654,7.9424,168.0
1216539,2020-09-25,2,Chennai Super Kings,Delhi Capitals,Dubai International Cricket Stadium,131,150.45,7.6704,206.0,109.0,160.821,8.2594,157.6706,8.1618,160.821
1216545,2020-09-26,1,Sunrisers Hyderabad,Kolkata Knight Riders,"Zayed Cricket Stadium, Abu Dhabi",142,143.3333,7.4907,206.0,70.0,157.2596,8.085,154.3743,8.1091,157.2596
1216545,2020-09-26,2,Kolkata Knight Riders,Sunrisers Hyderabad,"Zayed Cricket Stadium, Abu Dhabi",145,143.3333,7.4907,206.0,70.0,155.1228,8.1234,155.6058,7.955,142.5
1216527,2020-09-27,1,Punjab Kings,Rajasthan Royals,Sharjah Cricket Stadium,223,160.3571,8.2275,216.0,121.0,158.5407,8.1972,153.5069,8.0399,158.5407
1216527,2020-09-27,2,Rajasthan Royals,Punjab Kings,Sharjah Cricket Stadium,226,160.3571,8.2275,216.0,121.0,153.4375,7.9618,159.9302,8.3488,153.4375
1216547,2020-09-28,1,Royal Challengers Bengaluru,Mumbai Indians,Dubai International Cricket Stadium,201,150.6818,7.6685,206.0,109.0,156.5057,8.2568,153.3545,7.9296,128.0
1216547,2020-09-28,2,Mumbai Indians,Royal Challengers Bengaluru,Dubai International Cricket Stadium,201,150.6818,7.6685,206.0,109.0,158.2434,8.1832,159.4773,8.3073,137.6667
1216532,2020-09-29,1,Sunrisers Hyderabad,Delhi Capitals,"Zayed Cricket Stadium, Abu Dhabi",162,143.35,7.4994,206.0,70.0,157.1143,8.0757,157.5146,8.1523,157.1143
1216532,2020-09-29,2,Delhi Capitals,Sunrisers Hyderabad,"Zayed Cricket Stadium, Abu Dhabi",147,143.35,7.4994,206.0,70.0,153.1988,8.0191,155.5048,7.9559,153.1988
1216504,2020-09-30,1,Kolkata Knight Riders,Rajasthan Royals,Dubai International Cricket Stadium,174,154.875,7.867,206.0,109.0,155.064,8.123,153.9862,8.0614,155.064
1216504,2020-09-30,2,Rajasthan Royals,Kolkata Knight Riders,Dubai International Cricket Stadium,137,154.875,7.867,206.0,109.0,153.9379,7.9868,154.3023,8.1032,153.9379
1216503,2020-10-01,1,Mumbai Indians,Punjab Kings,"Zayed Cricket Stadium, Abu Dhabi",191,144.3636,7.5199,206.0,70.0,158.4684,8.193,160.3121,8.3675,159.6667
1216503,2020-10-01,2,Punjab Kings,Mumbai Indians,"Zayed Cricket Stadium, Abu Dhabi",143,144.3636,7.5199,206.0,70.0,158.9133,8.2143,153.6053,7.9407,158.9133
1216516,2020-10-02,1,Sunrisers Hyderabad,Chennai Super Kings,Dubai International Cricket Stadium,164,154.9231,7.8599,206.0,109.0,157.1604,8.0759,153.3988,7.9474,169.6667
1216516,2020-10-02,2,Chennai Super Kings,Sunrisers Hyderabad,Dubai International Cricket Stadium,157,154.9231,7.8599,206.0,109.0,160.638,8.2489,155.4245,7.9502,137.6667
1216514,2020-10-03,1,Rajasthan Royals,Royal Challengers Bengaluru,"Zayed Cricket Stadium, Abu Dhabi",154,146.25,7.5891,206.0,70.0,153.8219,7.979,159.7119,8.3171,119.3333
1216514,2020-10-03,2,Royal Challengers Bengaluru,Rajasthan Royals,"Zayed Cricket Stadium, Abu Dhabi",158,146.25,7.5891,206.0,70.0,156.7571,8.2669,154.1233,8.0658,156.7571
1216515,2020-10-03,1,Delhi Capitals,Kolkata Knight Riders,Sharjah Cricket Stadium,228,168.375,8.6203,226.0,121.0,153.1628,8.0152,154.2023,8.096,153.1628
1216515,2020-10-03,2,Kolkata Knight Riders,Delhi Capitals,Sharjah Cricket Stadium,210,168.375,8.6203,226.0,121.0,155.1734,8.1263,157.5407,8.152,155.1734
1216513,2020-10-04,1,Punjab Kings,Chennai Super Kings,Dubai International Cricket Stadium,178,155.3214,7.8717,206.0,109.0,158.8218,8.2082,153.4634,7.9489,163.3333
1216513,2020-10-04,2,Chennai Super Kings,Punjab Kings,Dubai International Cricket Stadium,181,155.3214,7.8717,206.0,109.0,160.6159,8.2465,160.4885,8.3743,142.5
1216538,2020-10-04,1,Mumbai Indians,Sunrisers Hyderabad,Sharjah Cricket Stadium,208,174.0,8.8792,228.0,121.0,158.6387,8.2001,155.4393,7.9493,158.6387
1216538,2020-10-04,2,Sunrisers Hyderabad,Mumbai Indians,Sharjah Cricket Stadium,174,174.0,8.8792,228.0,121.0,157.2243,8.077,153.5497,7.9366,157.2243
1216519,2020-10-05,1,Delhi Capitals,Royal Challengers Bengaluru,Dubai International Cricket Stadium,196,156.9333,7.9851,206.0,109.0,153.5954,8.0348,159.6798,8.3137,169.75
1216519,2020-10-05,2,Royal Challengers Bengaluru,Delhi Capitals,Dubai International Cricket Stadium,137,156.9333,7.9851,206.0,109.0,156.764,8.2668,157.8439,8.1656,142.6
1216511,2020-10-06,1,Mumbai Indians,Rajasthan Royals,"Zayed Cricket Stadium, Abu Dhabi",193,147.0,7.6185,206.0,70.0,158.8958,8.2116,154.1497,8.067,167.5
1216511,2020-10-06,2,Rajasthan Royals,Mumbai Indians,"Zayed Cricket Stadium, Abu Dhabi",136,147.0,7.6185,206.0,70.0,153.8231,7.9771,153.6562,7.9406,128.0
1216501,2020-10-07,1,Kolkata Knight Riders,Chennai Super Kings,"Zayed Cricket Stadium, Abu Dhabi",167,148.25,7.6864,206.0,70.0,155.4885,8.14,153.6121,7.9547,143.0
1216501,2020-10-07,2,Chennai Super Kings,Kolkata Knight Riders,"Zayed Cricket Stadium, Abu Dhabi",157,148.25,7.6864,206.0,70.0,160.7394,8.2586,154.6264,8.115,182.6667
1216542,2020-10-08,1,Sunrisers Hyderabad,Punjab Kings,Dubai International Cricket Stadium,201,157.5312,8.0063,206.0,109.0,157.3796,8.0828,160.6057,8.385,168.25
1216542,2020-10-08,2,Punjab Kings,Sunrisers Hyderabad,Dubai International Cricket Stadium,132,157.5312,8.0063,206.0,109.0,158.9314,8.2121,155.9259,7.972,167.0
1216500,2020-10-09,1,Delhi Capitals,Rajasthan Royals,Sharjah Cricket Stadium,184,175.7,8.9463,228.0,121.0,153.8391,8.0449,154.4122,8.0777,166.3333
1216500,2020-10-09,2,Rajasthan Royals,Delhi Capitals,Sharjah Cricket Stadium,138,175.7,8.9463,228.0,121.0,153.7027,7.9738,157.7241,8.158,211.0
1216523,2020-10-10,1,Kolkata Knight Riders,Punjab Kings,"Zayed Cricket Stadium, Abu Dhabi",164,149.1667,7.7139,206.0,70.0,155.5543,8.1412,160.8352,8.3945,147.0
1216523,2020-10-10,2,Punjab Kings,Kolkata Knight Riders,"Zayed Cricket Stadium, Abu Dhabi",162,149.1667,7.7139,206.0,70.0,158.7784,8.21,154.64,8.1134,160.3333
1216525,2020-10-10,1,Royal Challengers Bengaluru,Chennai Super Kings,Dubai International Cricket Stadium,169,158.0588,8.0616,206.0,109.0,156.6536,8.2589,153.6928,7.9571,141.6667
1216525,2020-10-10,2,Chennai Super Kings,Royal Challengers Bengaluru,Dubai International Cricket Stadium,132,158.0588,8.0616,206.0,109.0,160.7169,8.2562,159.8827,8.322,150.2
1216507,2020-10-11,1,Sunrisers Hyderabad,Rajasthan Royals,Dubai International Cricket Stadium,158,157.6389,8.0318,206.0,109.0,157.7798,8.1009,154.6107,8.0852,174.8
1216507,2020-10-11,2,Rajasthan Royals,Sunrisers Hyderabad,Dubai International Cricket Stadium,163,157.6389,8.0318,206.0,109.0,153.5973,7.9674,155.7064,7.9708,153.5973
1216529,2020-10-11,1,Delhi Capitals,Mumbai Indians,"Zayed Cricket Stadium, Abu Dhabi",162,150.0312,7.7412,206.0,70.0,154.0114,8.0515,153.5648,7.9382,154.0114
1216529,2020-10-11,2,Mumbai Indians,Delhi Capitals,"Zayed Cricket Stadium, Abu Dhabi",166,150.0312,7.7412,206.0,70.0,159.0725,8.2191,157.6114,8.1515,172.6
1216540,2020-10-12,1,Royal Challengers Bengaluru,Kolkata Knight Riders,Sharjah Cricket Stadium,194,174.3636,8.8701,228.0,121.0,156.7222,8.2599,154.6818,8.1134,156.7222
1216540,2020-10-12,2,Kolkata Knight Riders,Royal Challengers Bengaluru,Sharjah Cricket Stadium,112,174.3636,8.8701,228.0,121.0,155.6023,8.1415,159.7278,8.3124,155.6023
1216528,2020-10-13,1,Chennai Super Kings,Sunrisers Hyderabad,Dubai International Cricket Stadium,167,157.7895,8.0332,206.0,109.0,160.5449,8.2462,155.7727,7.973,147.1667
1216528,2020-10-13,2,Sunrisers Hyderabad,Chennai Super Kings,Dubai International Cricket Stadium,147,157.7895,8.0332,206.0,109.0,157.7818,8.099,153.7844,7.96,172.0
1216543,2020-10-14,1,Delhi Capitals,Rajasthan Royals,Dubai International Cricket Stadium,161,157.75,8.0241,206.0,109.0,154.0568,8.0518,154.6333,8.084,175.0
1216543,2020-10-14,2,Rajasthan Royals,Delhi Capitals,Dubai International Cricket Stadium,148,157.75,8.0241,206.0,109.0,153.66,7.969,157.6591,8.1532,144.3333
1216531,2020-10-15,1,Royal Challengers Bengaluru,Punjab Kings,Sharjah Cricket Stadium,171,172.5833,8.7684,228.0,112.0,156.9282,8.2679,160.8531,8.3934,162.6667
1216531,2020-10-15,2,Punjab Kings,Royal Challengers Bengaluru,Sharjah Cricket Stadium,177,172.5833,8.7684,228.0,112.0,158.7966,8.2094,159.4641,8.2974,203.0
1216526,2020-10-16,1,Kolkata Knight Riders,Mumbai Indians,"Zayed Cricket Stadium, Abu Dhabi",148,150.8529,7.7723,206.0,70.0,155.3559,8.1271,153.6082,7.939,149.4286
1216526,2020-10-16,2,Mumbai Indians,Kolkata Knight Riders,"Zayed Cricket Stadium, Abu Dhabi",149,150.8529,7.7723,206.0,70.0,159.1082,8.2202,154.904,8.1223,171.5
1216509,2020-10-17,1,Chennai Super Kings,Delhi Capitals,Sharjah Cricket Stadium,179,172.6923,8.7632,228.0,112.0,160.5833,8.2469,157.6045,8.1489,160.5833
1216509,2020-10-17,2,Delhi Capitals,Chennai Super Kings,Sharjah Cricket Stadium,185,172.6923,8.7632,228.0,112.0,154.096,8.0518,153.744,7.9564,170.75
1216522,2020-10-17,1,Rajasthan Royals,Royal Challengers Bengaluru,Dubai International Cricket Stadium,177,157.5952,8.0098,206.0,109.0,153.6225,7.9653,159.5604,8.3005,145.25
1216522,2020-10-17,2,Royal Challengers Bengaluru,Rajasthan Royals,Dubai International Cricket Stadium,179,157.5952,8.0098,206.0,109.0,157.0055,8.2694,154.6755,8.0837,145.5714
1216512,2020-10-18,1,Kolkata Knight Riders,Sunrisers Hyderabad,"Zayed Cricket Stadium, Abu Dhabi",163,150.7222,7.7919,206.0,70.0,155.3146,8.123,155.8739,7.9764,149.25
1216512,2020-10-18,2,Sunrisers Hyderabad,Kolkata Knight Riders,"Zayed Cricket Stadium, Abu Dhabi",163,150.7222,7.7919,206.0,70.0,157.6847,8.0923,154.8708,8.1264,145.6667
1216517,2020-10-18,1,Mumbai Indians,Punjab Kings,Dubai International Cricket Stadium,176,158.5227,8.0537,206.0,109.0,159.0564,8.2234,160.9101,8.3943,153.5
1216517,2020-10-18,2,Punjab Kings,Mumbai Indians,Dubai International Cricket Stadium,176,158.5227,8.0537,206.0,109.0,158.8989,8.213,153.5795,7.9363,160.0
1216533,2020-10-19,1,Chennai Super Kings,Rajasthan Royals,"Zayed Cricket Stadium, Abu Dhabi",125,151.3684,7.8108,206.0,70.0,160.6923,8.251,154.8355,8.0904,176.25
1216533,2020-10-19,2,Rajasthan Royals,Chennai Super Kings,"Zayed Cricket Stadium, Abu Dhabi",126,151.3684,7.8108,206.0,70.0,153.7763,7.9711,153.929,7.9645,129.6
1216546,2020-10-20,1,Delhi Capitals,Punjab Kings,Dubai International Cricket Stadium,164,159.2826,8.0862,206.0,109.0,154.2697,8.059,160.9944,8.3965,172.6667
1216546,2020-10-20,2,Punjab Kings,Delhi Capitals,Dubai International Cricket Stadium,167,159.2826,8.0862,206.0,109.0,158.9944,8.2163,157.7247,8.1534,162.6667
1216494,2020-10-21,1,Kolkata Knight Riders,Royal Challengers Bengaluru,"Zayed Cricket Stadium, Abu Dhabi",84,150.075,7.7565,206.0,70.0,155.3575,8.1232,159.6557,8.3035,150.7778
1216494,2020-10-21,2,Royal Challengers Bengaluru,Kolkata Knight Riders,"Zayed Cricket Stadium, Abu Dhabi",85,150.075,7.7565,206.0,70.0,157.1257,8.274,154.9162,8.1266,157.1257
1216518,2020-10-22,1,Rajasthan Royals,Sunrisers Hyderabad,Dubai International Cricket Stadium,154,159.5417,8.1032,206.0,109.0,153.5948,7.966,155.9375,7.978,151.6
1216518,2020-10-22,2,Sunrisers Hyderabad,Rajasthan Royals,Dubai International Cricket Stadium,156,159.5417,8.1032,206.0,109.0,157.7321,8.0928,154.6405,8.0784,168.4286
1216521,2020-10-23,1,Chennai Super Kings,Mumbai Indians,Sharjah Cricket Stadium,114,173.3571,8.79,228.0,112.0,160.4824,8.2392,153.6939,7.9407,175.0
1216521,2020-10-23,2,Mumbai Indians,Chennai Super Kings,Sharjah Cricket Stadium,116,173.3571,8.79,228.0,112.0,159.1429,8.2264,153.7647,7.96,159.1429
1216497,2020-10-24,1,Kolkata Knight Riders,Delhi Capitals,"Zayed Cricket Stadium, Abu Dhabi",194,146.9524,7.6371,206.0,70.0,154.9611,8.1014,157.7765,8.157,144.1
1216497,2020-10-24,2,Delhi Capitals,Kolkata Knight Riders,"Zayed Cricket Stadium, Abu Dhabi",135,146.9524,7.6371,206.0,70.0,154.324,8.0597,154.5278,8.1164,131.0
1216498,2020-10-24,1,Punjab Kings,Sunrisers Hyderabad,Dubai International Cricket Stadium,126,159.36,8.1048,206.0,109.0,159.0389,8.2195,155.9204,7.9755,163.2857
1216498,2020-10-24,2,Sunrisers Hyderabad,Punjab Kings,Dubai International Cricket Stadium,114,159.36,8.1048,206.0,109.0,157.7168,8.0972,161.0111,8.3954,166.875
1216541,2020-10-25,1,Mumbai Indians,Rajasthan Royals,"Zayed Cricket Stadium, Abu Dhabi",195,147.75,7.6638,206.0,70.0,158.9239,8.2324,154.6494,8.0817,168.2857
1216541,2020-10-25,2,Rajasthan Royals,Mumbai Indians,"Zayed Cricket Stadium, Abu Dhabi",196,147.75,7.6638,206.0,70.0,153.5974,7.9643,153.4924,7.9293,129.0
1216544,2020-10-25,1,Royal Challengers Bengaluru,Chennai Super Kings,Dubai International Cricket Stadium,145,157.8462,8.0248,206.0,109.0,156.7337,8.2632,153.5439,7.9685,149.75
1216544,2020-10-25,2,Chennai Super Kings,Royal Challengers Bengaluru,Dubai International Cricket Stadium,150,157.8462,8.0248,206.0,109.0,160.2105,8.2244,159.2446,8.2812,150.0
1216520,2020-10-26,1,Kolkata Knight Riders,Punjab Kings,Sharjah Cricket Stadium,149,169.4667,8.7075,228.0,112.0,155.1768,8.1102,160.7514,8.3808,157.3333
1216520,2020-10-26,2,Punjab Kings,Kolkata Knight Riders,Sharjah Cricket Stadium,150,169.4667,8.7075,228.0,112.0,158.8564,8.2089,154.4199,8.1088,196.5
1216524,2020-10-27,1,Sunrisers Hyderabad,Delhi Capitals,Dubai International Cricket Stadium,219,157.463,8.0106,206.0,109.0,157.3333,8.0766,157.9778,8.1655,161.0
1216524,2020-10-27,2,Delhi Capitals,Sunrisers Hyderabad,Dubai International Cricket Stadium,131,157.463,8.0106,206.0,109.0,154.2167,8.0525,155.6579,7.9608,171.4286
1216499,2020-10-28,1,Royal Challengers Bengaluru,Mumbai Indians,"Zayed Cricket Stadium, Abu Dhabi",164,149.8261,7.7749,206.0,70.0,156.6703,8.2578,153.7071,7.9433,104.3333
1216499,2020-10-28,2,Mumbai Indians,Royal Challengers Bengaluru,"Zayed Cricket Stadium, Abu Dhabi",166,149.8261,7.7749,206.0,70.0,159.1061,8.24,159.1946,8.2798,171.625
1216536,2020-10-29,1,Kolkata Knight Riders,Chennai Super Kings,Dubai International Cricket Stadium,172,158.0893,8.0432,219.0,109.0,155.1429,8.1066,153.4942,7.9643,155.1429
1216536,2020-10-29,2,Chennai Super Kings,Kolkata Knight Riders,Dubai International Cricket Stadium,178,158.0893,8.0432,219.0,109.0,160.1512,8.2233,154.3956,8.108,150.0
1216537,2020-10-30,1,Punjab Kings,Rajasthan Royals,"Zayed Cricket Stadium, Abu Dhabi",185,150.4583,7.8023,206.0,70.0,158.8077,8.2075,154.9097,8.0925,160.75
1216537,2020-10-30,2,Rajasthan Royals,Punjab Kings,"Zayed Cricket Stadium, Abu Dhabi",186,150.4583,7.8023,206.0,70.0,153.871,7.9819,160.6868,8.3757,138.5714
1216502,2020-10-31,1,Royal Challengers Bengaluru,Sunrisers Hyderabad,Sharjah Cricket Stadium,120,168.2188,8.645,228.0,112.0,156.7097,8.2574,155.4435,7.9516,164.75
1216502,2020-10-31,2,Sunrisers Hyderabad,Royal Challengers Bengaluru,Sharjah Cricket Stadium,121,168.2188,8.645,228.0,112.0,157.8696,8.1016,159.2312,8.2819,146.6667
1216535,2020-10-31,1,Delhi Capitals,Mumbai Indians,Dubai International Cricket Stadium,110,158.6724,8.0676,219.0,109.0,154.0884,8.0461,153.7588,7.9446,166.375
1216535,2020-10-31,2,Mumbai Indians,Delhi Capitals,Dubai International Cricket Stadium,111,158.6724,8.0676,219.0,109.0,159.1407,8.2421,158.3149,8.1809,158.0
1216506,2020-11-01,1,Punjab Kings,Chennai Super Kings,"Zayed Cricket Stadium, Abu Dhabi",153,151.86,7.8877,206.0,70.0,158.9508,8.2132,153.6012,7.968,165.6
1216506,2020-11-01,2,Chennai Super Kings,Punjab Kings,"Zayed Cricket Stadium, Abu Dhabi",154,151.86,7.8877,206.0,70.0,160.2543,8.2272,160.8251,8.388,166.0
1216530,2020-11-01,1,Kolkata Knight Riders,Rajasthan Royals,Dubai International Cricket Stadium,191,157.0667,8.0194,219.0,109.0,155.235,8.1093,155.1026,8.0999,170.6667
1216530,2020-11-01,2,Rajasthan Royals,Kolkata Knight Riders,Dubai International Cricket Stadium,131,157.0667,8.0194,219.0,109.0,154.0769,7.9989,154.5246,8.1124,152.0
1216505,2020-11-02,1,Royal Challengers Bengaluru,Delhi Capitals,"Zayed Cricket Stadium, Abu Dhabi",152,151.9231,7.8887,206.0,70.0,156.5134,8.2454,158.0549,8.1785,119.25
1216505,2020-11-02,2,Delhi Capitals,Royal Challengers Bengaluru,"Zayed Cricket Stadium, Abu Dhabi",154,151.9231,7.8887,206.0,70.0,153.8462,8.0321,159.0267,8.2833,132.0
1216495,2020-11-03,1,Mumbai Indians,Sunrisers Hyderabad,Sharjah Cricket Stadium,149,165.4118,8.5641,228.0,112.0,158.9,8.2397,155.1379,7.9347,149.6667
1216495,2020-11-03,2,Sunrisers Hyderabad,Mumbai Indians,Sharjah Cricket Stadium,151,165.4118,8.5641,228.0,112.0,157.5517,8.1053,153.54,7.9323,140.25
1237177,2020-11-05,1,Mumbai Indians,Delhi Capitals,Dubai International Cricket Stadium,200,157.1935,8.0204,219.0,109.0,158.8507,8.2357,158.0219,8.1754,150.1667
1237177,2020-11-05,2,Delhi Capitals,Mumbai Indians,Dubai International Cricket Stadium,143,157.1935,8.0204,219.0,109.0,153.847,8.0325,153.5274,7.9366,160.1111
1237178,2020-11-06,1,Royal Challengers Bengaluru,Sunrisers Hyderabad,"Zayed Cricket Stadium, Abu Dhabi",131,151.963,7.8874,206.0,70.0,156.4894,8.2419,155.0855,7.9306,125.8
1237178,2020-11-06,2,Sunrisers Hyderabad,Royal Challengers Bengaluru,"Zayed Cricket Stadium, Abu Dhabi",132,151.963,7.8874,206.0,70.0,157.4957,8.1113,159.0,8.2823,150.0
1237180,2020-11-08,1,Delhi Capitals,Sunrisers Hyderabad,"Zayed Cricket Stadium, Abu Dhabi",189,151.2321,7.8425,206.0,70.0,153.788,8.0277,154.8814,7.9189,136.4
1237180,2020-11-08,2,Sunrisers Hyderabad,Delhi Capitals,"Zayed Cricket Stadium, Abu Dhabi",172,151.2321,7.8425,206.0,70.0,157.2797,8.0994,158.25,8.1853,146.4
1237181,2020-11-10,1,Delhi Capitals,Mumbai Indians,Dubai International Cricket Stadium,156,157.6406,8.0377,219.0,109.0,153.9784,8.0354,153.4752,7.9327,158.4
1237181,2020-11-10,2,Mumbai Indians,Delhi Capitals,Dubai International Cricket Stadium,157,157.6406,8.0377,219.0,109.0,159.0545,8.2445,158.3243,8.1875,157.2857
1254058,2021-04-09,1,Mumbai Indians,Royal Challengers Bengaluru,"MA Chidambaram Stadium, Chepauk, Chennai",159,156.3246,7.9652,246.0,70.0,159.0443,8.2453,158.8571,8.274,149.25
1254058,2021-04-09,2,Royal Challengers Bengaluru,Mumbai Indians,"MA Chidambaram Stadium, Chepauk, Chennai",160,156.3246,7.9652,246.0,70.0,156.3545,8.233,153.4877,7.9321,149.4444
1254059,2021-04-10,1,Chennai Super Kings,Delhi Capitals,"Wankhede Stadium, Mumbai",188,160.2055,8.3208,235.0,67.0,160.2184,8.2269,158.3172,8.1887,156.6429
1254059,2021-04-10,2,Delhi Capitals,Chennai Super Kings,"Wankhede Stadium, Mumbai",190,160.2055,8.3208,235.0,67.0,153.9892,8.0341,153.5977,7.9661,148.5556
1254060,2021-04-11,1,Kolkata Knight Riders,Sunrisers Hyderabad,"MA Chidambaram Stadium, Chepauk, Chennai",187,156.3793,7.9653,246.0,70.0,155.4293,8.1171,155.1681,7.9318,155.2222
1254060,2021-04-11,2,Sunrisers Hyderabad,Kolkata Knight Riders,"MA Chidambaram Stadium, Chepauk, Chennai",177,156.3793,7.9653,246.0,70.0,157.4034,8.1036,154.3967,8.1039,166.0
1254061,2021-04-12,1,Punjab Kings,Rajasthan Royals,"Wankhede Stadium, Mumbai",221,160.5946,8.3406,235.0,67.0,158.9185,8.2102,155.3312,8.1091,177.4545
1254061,2021-04-12,2,Rajasthan Royals,Punjab Kings,"Wankhede Stadium, Mumbai",217,160.5946,8.3406,235.0,67.0,153.9299,7.9896,160.788,8.3869,171.875
1254062,2021-04-13,1,Mumbai Indians,Kolkata Knight Riders,"MA Chidambaram Stadium, Chepauk, Chennai",152,156.8136,7.9846,246.0,70.0,159.0441,8.2438,154.5189,8.1079,150.3333
1254062,2021-04-13,2,Kolkata Knight Riders,Mumbai Indians,"MA Chidambaram Stadium, Chepauk, Chennai",142,156.8136,7.9846,246.0,70.0,155.6,8.1238,153.5196,7.9324,158.4
1254063,2021-04-14,1,Royal Challengers Bengaluru,Sunrisers Hyderabad,"MA Chidambaram Stadium, Chepauk, Chennai",149,156.65,7.974,246.0,70.0,156.3737,8.2318,155.4333,7.9436,150.5
1254063,2021-04-14,2,Sunrisers Hyderabad,Royal Challengers Bengaluru,"MA Chidambaram Stadium, Chepauk, Chennai",143,156.65,7.974,246.0,70.0,157.5667,8.1098,158.8579,8.2723,168.75
1254064,2021-04-15,1,Delhi Capitals,Rajasthan Royals,"Wankhede Stadium, Mumbai",147,161.3733,8.3754,235.0,67.0,154.1818,8.0456,155.7468,8.1277,152.7
1254064,2021-04-15,2,Rajasthan Royals,Delhi Capitals,"Wankhede Stadium, Mumbai",150,161.3733,8.3754,235.0,67.0,154.3291,8.0078,158.4759,8.1952,176.8889
1254065,2021-04-16,1,Punjab Kings,Chennai Super Kings,"Wankhede Stadium, Mumbai",106,161.2039,8.3637,235.0,67.0,159.2541,8.2255,153.8057,7.9788,181.0833
1254065,2021-04-16,2,Chennai Super Kings,Punjab Kings,"Wankhede Stadium, Mumbai",107,161.2039,8.3637,235.0,67.0,160.3771,8.2336,161.0919,8.4002,158.7333
1254066,2021-04-17,1,Mumbai Indians,Sunrisers Hyderabad,"MA Chidambaram Stadium, Chepauk, Chennai",150,156.4754,7.9629,246.0,70.0,159.0098,8.2407,155.3802,7.9395,150.5
1254066,2021-04-17,2,Sunrisers Hyderabad,Mumbai Indians,"MA Chidambaram Stadium, Chepauk, Chennai",137,156.4754,7.9629,246.0,70.0,157.4463,8.1019,153.4634,7.9284,163.6
1254067,2021-04-18,1,Royal Challengers Bengaluru,Kolkata Knight Riders,"MA Chidambaram Stadium, Chepauk, Chennai",204,156.2661,7.9512,246.0,70.0,156.3351,8.2277,154.5054,8.1052,150.3636
1254067,2021-04-18,2,Kolkata Knight Riders,Royal Challengers Bengaluru,"MA Chidambaram Stadium, Chepauk, Chennai",166,156.2661,7.9512,246.0,70.0,155.5269,8.1183,158.7749,8.2664,156.9091
1254068,2021-04-18,1,Punjab Kings,Delhi Capitals,"Wankhede Stadium, Mumbai",195,160.4935,8.3339,235.0,67.0,158.9677,8.2098,158.4309,8.1922,175.3077
1254068,2021-04-18,2,Delhi Capitals,Punjab Kings,"Wankhede Stadium, Mumbai",198,160.4935,8.3339,235.0,67.0,154.1436,8.0419,160.8011,8.3917,152.1818
1254069,2021-04-19,1,Chennai Super Kings,Rajasthan Royals,"Wankhede Stadium, Mumbai",188,160.9551,8.3588,235.0,67.0,160.0739,8.2256,155.6918,8.1229,155.5
1254069,2021-04-19,2,Rajasthan Royals,Chennai Super Kings,"Wankhede Stadium, Mumbai",143,160.9551,8.3588,235.0,67.0,154.3019,8.0054,153.5341,7.9636,174.2
1254070,2021-04-20,1,Mumbai Indians,Delhi Capitals,"MA Chidambaram Stadium, Chepauk, Chennai",137,156.7222,7.9718,246.0,70.0,158.966,8.2371,158.6243,8.2004,150.4545
1254070,2021-04-20,2,Delhi Capitals,Mumbai Indians,"MA Chidambaram Stadium, Chepauk, Chennai",138,156.7222,7.9718,246.0,70.0,154.3757,8.0565,153.3835,7.9237,134.5
1254071,2021-04-21,1,Punjab Kings,Sunrisers Hyderabad,"MA Chidambaram Stadium, Chepauk, Chennai",120,156.4219,7.957,246.0,70.0,159.1604,8.218,155.3361,7.9359,143.1667
1254071,2021-04-21,2,Sunrisers Hyderabad,Punjab Kings,"MA Chidambaram Stadium, Chepauk, Chennai",121,156.4219,7.957,246.0,70.0,157.2787,8.0926,161.0,8.4046,159.1667
1254072,2021-04-21,1,Chennai Super Kings,Kolkata Knight Riders,"Wankhede Stadium, Mumbai",220,161.0127,8.3577,235.0,67.0,160.2316,8.2323,154.7701,8.1164,157.4118
1254072,2021-04-21,2,Kolkata Knight Riders,Chennai Super Kings,"Wankhede Stadium, Mumbai",202,161.0127,8.3577,235.0,67.0,155.5829,8.1193,153.4746,7.959,142.0
1254073,2021-04-22,1,Rajasthan Royals,Royal Challengers Bengaluru,"Wankhede Stadium, Mumbai",177,161.6375,8.3878,235.0,67.0,154.2312,8.0,158.8125,8.2666,171.3636
1254073,2021-04-22,2,Royal Challengers Bengaluru,Rajasthan Royals,"Wankhede Stadium, Mumbai",181,161.6375,8.3878,235.0,67.0,156.5833,8.2379,155.8938,8.1308,169.2
1254074,2021-04-23,1,Mumbai Indians,Punjab Kings,"MA Chidambaram Stadium, Chepauk, Chennai",131,155.8692,7.9314,246.0,70.0,158.8599,8.2304,160.7872,8.3944,149.3333
1254074,2021-04-23,2,Punjab Kings,Mumbai Indians,"MA Chidambaram Stadium, Chepauk, Chennai",132,155.8692,7.9314,246.0,70.0,158.9521,8.2068,153.3092,7.9202,139.8571
1254075,2021-04-24,1,Kolkata Knight Riders,Rajasthan Royals,"Wankhede Stadium, Mumbai",133,161.8519,8.4066,235.0,67.0,155.8298,8.1321,156.0497,8.1485,148.0
1254075,2021-04-24,2,Rajasthan Royals,Kolkata Knight Riders,"Wankhede Stadium, Mumbai",134,161.8519,8.4066,235.0,67.0,154.3727,8.0053,155.117,8.1317,171.8333
1254076,2021-04-25,1,Chennai Super Kings,Royal Challengers Bengaluru,"Wankhede Stadium, Mumbai",191,161.5061,8.3881,235.0,67.0,160.5674,8.2478,158.9067,8.2696,160.8889
1254076,2021-04-25,2,Royal Challengers Bengaluru,Chennai Super Kings,"Wankhede Stadium, Mumbai",122,161.5061,8.3881,235.0,67.0,156.7098,8.2521,153.7472,7.9735,170.2727
1254077,2021-04-25,1,Delhi Capitals,Sunrisers Hyderabad,"MA Chidambaram Stadium, Chepauk, Chennai",159,155.5,7.9174,246.0,70.0,154.2895,8.052,155.0488,7.921,134.8889
1254077,2021-04-25,2,Sunrisers Hyderabad,Delhi Capitals,"MA Chidambaram Stadium, Chepauk, Chennai",159,155.5,7.9174,246.0,70.0,156.9837,8.0795,158.5105,8.1933,153.7143
1254078,2021-04-26,1,Punjab Kings,Kolkata Knight Riders,"Narendra Modi Stadium, Ahmedabad",123,156.3536,8.1183,263.0,49.0,158.8095,8.2029,155.0053,8.1263,158.8095
1254078,2021-04-26,2,Kolkata Knight Riders,Punjab Kings,"Narendra Modi Stadium, Ahmedabad",126,156.3536,8.1183,263.0,49.0,155.709,8.1243,160.6296,8.3846,155.709
1254079,2021-04-27,1,Royal Challengers Bengaluru,Delhi Capitals,"Narendra Modi Stadium, Ahmedabad",171,124.5,6.855,126.0,123.0,156.5309,8.241,158.5131,8.192,156.5309
1254079,2021-04-27,2,Delhi Capitals,Royal Challengers Bengaluru,"Narendra Modi Stadium, Ahmedabad",170,124.5,6.855,126.0,123.0,154.3141,8.0514,159.0722,8.2762,154.3141
1254080,2021-04-28,1,Sunrisers Hyderabad,Chennai Super Kings,"Arun Jaitley Stadium, Delhi",171,158.2143,8.1851,231.0,66.0,157.0,8.0784,153.5698,7.963,154.1429
1254080,2021-04-28,2,Chennai Super Kings,Sunrisers Hyderabad,"Arun Jaitley Stadium, Delhi",173,158.2143,8.1851,231.0,66.0,160.7374,8.2551,155.0806,7.9212,163.5
1254081,2021-04-29,1,Rajasthan Royals,Mumbai Indians,"Arun Jaitley Stadium, Delhi",171,158.4085,8.1959,231.0,66.0,154.2469,7.9998,153.2067,7.918,144.75
1254081,2021-04-29,2,Mumbai Indians,Rajasthan Royals,"Arun Jaitley Stadium, Delhi",172,158.4085,8.1959,231.0,66.0,158.726,8.2223,155.9074,8.1392,165.2727
1254082,2021-04-29,1,Kolkata Knight Riders,Delhi Capitals,"Narendra Modi Stadium, Ahmedabad",154,147.5,7.69,171.0,123.0,155.5526,8.1213,158.5781,8.1939,155.5526
1254082,2021-04-29,2,Delhi Capitals,Kolkata Knight Riders,"Narendra Modi Stadium, Ahmedabad",156,147.5,7.69,171.0,123.0,154.3958,8.0538,154.8368,8.1159,154.3958
1254083,2021-04-30,1,Punjab Kings,Royal Challengers Bengaluru,"Narendra Modi Stadium, Ahmedabad",179,150.0,7.9858,171.0,123.0,158.6211,8.1921,159.1282,8.2774,158.6211
1254083,2021-04-30,2,Royal Challengers Bengaluru,Punjab Kings,"Narendra Modi Stadium, Ahmedabad",145,150.0,7.9858,171.0,123.0,156.6051,8.2426,160.4474,8.3803,156.6051
1254084,2021-05-01,1,Chennai Super Kings,Mumbai Indians,"Arun Jaitley Stadium, Delhi",218,158.5903,8.206,231.0,66.0,160.8056,8.2612,153.2919,7.9211,164.5556
1254084,2021-05-01,2,Mumbai Indians,Chennai Super Kings,"Arun Jaitley Stadium, Delhi",219,158.5903,8.206,231.0,66.0,158.7895,8.2275,153.6667,7.9663,165.8333
1254085,2021-05-02,1,Rajasthan Royals,Sunrisers Hyderabad,"Arun Jaitley Stadium, Delhi",220,159.411,8.2432,231.0,66.0,154.3497,8.0032,155.224,7.9327,147.6667
1254085,2021-05-02,2,Sunrisers Hyderabad,Rajasthan Royals,"Arun Jaitley Stadium, Delhi",165,159.411,8.2432,231.0,66.0,157.112,8.0822,156.0061,8.1463,156.25
1254086,2021-05-02,1,Punjab Kings,Delhi Capitals,"Narendra Modi Stadium, Ahmedabad",166,153.0,8.0143,179.0,123.0,158.7277,8.196,158.5544,8.1913,158.7277
1254086,2021-05-02,2,Delhi Capitals,Punjab Kings,"Narendra Modi Stadium, Ahmedabad",167,153.0,8.0143,179.0,123.0,154.4041,8.061,160.3665,8.3744,154.4041
1254104,2021-09-19,1,Chennai Super Kings,Mumbai Indians,Dubai International Cricket Stadium,156,157.6061,8.0398,219.0,109.0,161.1215,8.2758,153.6,7.9352,153.1111
1254104,2021-09-19,2,Mumbai Indians,Chennai Super Kings,Dubai International Cricket Stadium,136,157.6061,8.0398,219.0,109.0,159.0762,8.2404,154.0276,7.9827,157.25
1254087,2021-09-20,1,Royal Challengers Bengaluru,Kolkata Knight Riders,"Zayed Cricket Stadium, Abu Dhabi",92,152.2414,7.8833,206.0,70.0,156.5459,8.2375,154.8429,8.123,126.6667
1254087,2021-09-20,2,Kolkata Knight Riders,Royal Challengers Bengaluru,"Zayed Cricket Stadium, Abu Dhabi",94,152.2414,7.8833,206.0,70.0,155.5445,8.1191,159.2296,8.2808,148.6364
1254111,2021-09-21,1,Rajasthan Royals,Punjab Kings,Dubai International Cricket Stadium,185,157.2647,8.018,219.0,109.0,154.75,8.0214,160.401,8.38,149.0
1254111,2021-09-21,2,Punjab Kings,Rajasthan Royals,Dubai International Cricket Stadium,183,157.2647,8.018,219.0,109.0,158.7656,8.1966,156.061,8.147,158.625
1254105,2021-09-22,1,Sunrisers Hyderabad,Delhi Capitals,Dubai International Cricket Stadium,134,158.0286,8.0518,219.0,109.0,157.1746,8.0835,158.5928,8.1919,166.8
1254105,2021-09-22,2,Delhi Capitals,Sunrisers Hyderabad,Dubai International Cricket Stadium,139,158.0286,8.0518,219.0,109.0,154.4691,8.0682,155.7381,7.957,158.1818
1254096,2021-09-23,1,Mumbai Indians,Kolkata Knight Riders,"Zayed Cricket Stadium, Abu Dhabi",155,150.2667,7.8579,206.0,70.0,158.9668,8.2336,154.5156,8.1059,171.0
1254096,2021-09-23,2,Kolkata Knight Riders,Mumbai Indians,"Zayed Cricket Stadium, Abu Dhabi",159,150.2667,7.8579,206.0,70.0,155.224,8.1258,153.6114,7.9346,144.0833
1254113,2021-09-24,1,Royal Challengers Bengaluru,Chennai Super Kings,Sharjah Cricket Stadium,156,164.5556,8.5396,228.0,112.0,156.2183,8.2203,153.9286,7.9763,155.8
1254113,2021-09-24,2,Chennai Super Kings,Royal Challengers Bengaluru,Sharjah Cricket Stadium,157,164.5556,8.5396,228.0,112.0,161.0934,8.2732,158.8985,8.2865,159.75
1254097,2021-09-25,1,Delhi Capitals,Rajasthan Royals,"Zayed Cricket Stadium, Abu Dhabi",154,150.4839,7.8985,206.0,70.0,154.3897,8.0668,156.2242,8.153,145.1667
1254097,2021-09-25,2,Rajasthan Royals,Delhi Capitals,"Zayed Cricket Stadium, Abu Dhabi",121,150.4839,7.8985,206.0,70.0,154.9333,8.0289,158.4667,8.1842,144.5
1254107,2021-09-25,1,Punjab Kings,Sunrisers Hyderabad,Sharjah Cricket Stadium,125,164.1316,8.5229,228.0,112.0,158.8912,8.2015,155.6063,7.9557,187.2
1254107,2021-09-25,2,Sunrisers Hyderabad,Punjab Kings,Sharjah Cricket Stadium,120,164.1316,8.5229,228.0,112.0,156.9921,8.0726,160.5285,8.3845,142.4
1254098,2021-09-26,1,Kolkata Knight Riders,Chennai Super Kings,"Zayed Cricket Stadium, Abu Dhabi",171,150.0781,7.8665,206.0,70.0,155.2435,8.138,153.9399,7.9753,145.2308
1254098,2021-09-26,2,Chennai Super Kings,Kolkata Knight Riders,"Zayed Cricket Stadium, Abu Dhabi",172,150.0781,7.8665,206.0,70.0,161.071,8.2752,154.5181,8.104,164.0
1254108,2021-09-26,1,Royal Challengers Bengaluru,Mumbai Indians,Dubai International Cricket Stadium,165,157.4306,8.0294,219.0,109.0,156.2172,8.2182,153.6368,7.9466,149.2222
1254108,2021-09-26,2,Mumbai Indians,Royal Challengers Bengaluru,Dubai International Cricket Stadium,111,157.4306,8.0294,219.0,109.0,158.9481,8.2313,158.8889,8.2883,154.8889
1254100,2021-09-27,1,Rajasthan Royals,Sunrisers Hyderabad,Dubai International Cricket Stadium,164,156.9054,8.0065,219.0,109.0,154.7289,8.017,155.3672,7.9424,153.5
1254100,2021-09-27,2,Sunrisers Hyderabad,Rajasthan Royals,Dubai International Cricket Stadium,167,156.9054,8.0065,219.0,109.0,156.7031,8.0565,156.2108,8.1503,163.8182
1254092,2021-09-28,1,Delhi Capitals,Kolkata Knight Riders,Sharjah Cricket Stadium,127,162.05,8.403,228.0,112.0,154.3878,8.0649,154.6082,8.1066,173.6
1254092,2021-09-28,2,Kolkata Knight Riders,Delhi Capitals,Sharjah Cricket Stadium,130,162.05,8.403,228.0,112.0,155.3247,8.1401,158.2755,8.1734,155.25
1254099,2021-09-28,1,Punjab Kings,Mumbai Indians,"Zayed Cricket Stadium, Abu Dhabi",135,150.7273,7.888,206.0,70.0,158.7165,8.1915,153.6901,7.948,163.5
1254099,2021-09-28,2,Mumbai Indians,Punjab Kings,"Zayed Cricket Stadium, Abu Dhabi",137,150.7273,7.888,206.0,70.0,158.723,8.2214,160.3196,8.3722,169.4
1254103,2021-09-29,1,Rajasthan Royals,Royal Challengers Bengaluru,Dubai International Cricket Stadium,149,157.1316,8.0224,219.0,109.0,154.7844,8.0181,158.6482,8.2773,154.6667
1254103,2021-09-29,2,Royal Challengers Bengaluru,Rajasthan Royals,Dubai International Cricket Stadium,153,157.1316,8.0224,219.0,109.0,156.2613,8.2183,156.2754,8.1556,150.8
1254091,2021-09-30,1,Sunrisers Hyderabad,Chennai Super Kings,Sharjah Cricket Stadium,134,160.4524,8.3229,228.0,112.0,156.7829,8.064,154.0326,7.9784,138.6667
1254091,2021-09-30,2,Chennai Super Kings,Sunrisers Hyderabad,Sharjah Cricket Stadium,139,160.4524,8.3229,228.0,112.0,161.1304,8.2769,155.4341,7.9444,159.2
1254102,2021-10-01,1,Kolkata Knight Riders,Punjab Kings,Dubai International Cricket Stadium,165,156.9744,8.0265,219.0,109.0,155.1949,8.1347,160.2,8.3662,175.75
1254102,2021-10-01,2,Punjab Kings,Kolkata Knight Riders,Dubai International Cricket Stadium,168,156.9744,8.0265,219.0,109.0,158.5949,8.1841,154.4667,8.0976,161.3333
1254089,2021-10-02,1,Chennai Super Kings,Rajasthan Royals,"Zayed Cricket Stadium, Abu Dhabi",189,150.2941,7.8613,206.0,70.0,161.0108,8.2704,156.256,8.1601,165.1429
1254089,2021-10-02,2,Rajasthan Royals,Chennai Super Kings,"Zayed Cricket Stadium, Abu Dhabi",190,150.2941,7.8613,206.0,70.0,154.75,8.0147,153.9243,7.9715,141.8889
1254112,2021-10-02,1,Mumbai Indians,Delhi Capitals,Sharjah Cricket Stadium,129,159.3636,8.2575,228.0,112.0,158.6215,8.2166,158.132,8.1679,149.5
1254112,2021-10-02,2,Delhi Capitals,Mumbai Indians,Sharjah Cricket Stadium,132,159.3636,8.2575,228.0,112.0,154.2487,8.0562,153.6028,7.9424,165.8333
1254090,2021-10-03,1,Royal Challengers Bengaluru,Punjab Kings,Sharjah Cricket Stadium,164,158.1087,8.1884,228.0,112.0,156.245,8.2218,160.2245,8.3657,155.8333
1254090,2021-10-03,2,Punjab Kings,Royal Challengers Bengaluru,Sharjah Cricket Stadium,158,158.1087,8.1884,228.0,112.0,158.6429,8.1863,158.6,8.2732,176.8333
1254109,2021-10-03,1,Sunrisers Hyderabad,Kolkata Knight Riders,Dubai International Cricket Stadium,115,157.2125,8.0367,219.0,109.0,156.6077,8.0535,154.5357,8.1002,164.0833
1254109,2021-10-03,2,Kolkata Knight Riders,Sunrisers Hyderabad,Dubai International Cricket Stadium,119,157.2125,8.0367,219.0,109.0,155.2449,8.1353,155.3077,7.9376,173.6
1254110,2021-10-04,1,Chennai Super Kings,Delhi Capitals,Dubai International Cricket Stadium,136,156.2317,7.9846,219.0,109.0,161.1613,8.2768,157.9848,8.1592,153.4
1254110,2021-10-04,2,Delhi Capitals,Chennai Super Kings,Dubai International Cricket Stadium,139,156.2317,7.9846,219.0,109.0,154.1364,8.0503,154.1183,7.987,156.5833
1254093,2021-10-05,1,Rajasthan Royals,Mumbai Indians,Sharjah Cricket Stadium,90,158.2292,8.1826,228.0,112.0,154.9586,8.0315,153.5023,7.9375,192.75
1254093,2021-10-05,2,Mumbai Indians,Rajasthan Royals,Sharjah Cricket Stadium,94,158.2292,8.1826,228.0,112.0,158.4837,8.2084,156.4497,8.1677,145.4
1254095,2021-10-06,1,Sunrisers Hyderabad,Royal Challengers Bengaluru,"Zayed Cricket Stadium, Abu Dhabi",141,151.4143,7.9268,206.0,70.0,156.2901,8.0359,158.597,8.2713,150.6667
1254095,2021-10-06,2,Royal Challengers Bengaluru,Sunrisers Hyderabad,"Zayed Cricket Stadium, Abu Dhabi",137,151.4143,7.9268,206.0,70.0,156.2836,8.2217,155.0305,7.9232,121.7143
1254094,2021-10-07,1,Chennai Super Kings,Punjab Kings,Dubai International Cricket Stadium,134,155.7857,7.9595,219.0,109.0,161.0267,8.2689,160.2437,8.3648,151.8182
1254094,2021-10-07,2,Punjab Kings,Chennai Super Kings,Dubai International Cricket Stadium,139,155.7857,7.9595,219.0,109.0,158.6396,8.1848,154.0374,7.9821,162.0
1254106,2021-10-07,1,Kolkata Knight Riders,Rajasthan Royals,Sharjah Cricket Stadium,171,155.58,8.1709,228.0,90.0,155.0609,8.1248,156.0824,8.186,150.2
1254106,2021-10-07,2,Rajasthan Royals,Kolkata Knight Riders,Sharjah Cricket Stadium,85,155.58,8.1709,228.0,90.0,154.5765,8.0107,154.335,8.0883,172.2
1254088,2021-10-08,1,Mumbai Indians,Sunrisers Hyderabad,"Zayed Cricket Stadium, Abu Dhabi",235,151.0694,7.8996,206.0,70.0,158.1852,8.2226,154.8939,7.9151,166.4545
1254088,2021-10-08,2,Sunrisers Hyderabad,Mumbai Indians,"Zayed Cricket Stadium, Abu Dhabi",193,151.0694,7.8996,206.0,70.0,156.1742,8.0284,153.2083,7.9216,149.2857
1254101,2021-10-08,1,Delhi Capitals,Royal Challengers Bengaluru,Dubai International Cricket Stadium,164,155.3372,7.9767,219.0,109.0,154.0603,8.0454,158.5099,8.2653,155.2308
1254101,2021-10-08,2,Royal Challengers Bengaluru,Delhi Capitals,Dubai International Cricket Stadium,166,155.3372,7.9767,219.0,109.0,156.1881,8.2149,157.8744,8.1524,151.0
1254114,2021-10-10,1,Delhi Capitals,Chennai Super Kings,Dubai International Cricket Stadium,172,155.5568,7.9829,219.0,109.0,154.11,8.0461,153.9574,7.9965,155.8571
1254114,2021-10-10,2,Chennai Super Kings,Delhi Capitals,Dubai International Cricket Stadium,173,155.5568,7.9829,219.0,109.0,160.883,8.2605,157.915,8.1531,150.3333
1254115,2021-10-11,1,Royal Challengers Bengaluru,Kolkata Knight Riders,Sharjah Cricket Stadium,138,154.5192,8.1222,228.0,85.0,156.2365,8.2153,153.9848,8.074,157.0
1254115,2021-10-11,2,Kolkata Knight Riders,Royal Challengers Bengaluru,Sharjah Cricket Stadium,139,154.5192,8.1222,228.0,85.0,155.1414,8.1269,158.5369,8.265,153.6667
1254116,2021-10-13,1,Delhi Capitals,Kolkata Knight Riders,Sharjah Cricket Stadium,135,153.9259,8.08,228.0,85.0,154.199,8.0489,153.9045,8.0681,161.0
1254116,2021-10-13,2,Kolkata Knight Riders,Delhi Capitals,Sharjah Cricket Stadium,136,153.9259,8.08,228.0,85.0,155.0603,8.1216,157.99,8.1563,151.5714
1254117,2021-10-15,1,Chennai Super Kings,Kolkata Knight Riders,Dubai International Cricket Stadium,192,155.9333,7.9988,219.0,109.0,160.9471,8.2633,153.81,8.0615,152.0769
1254117,2021-10-15,2,Kolkata Knight Riders,Chennai Super Kings,Dubai International Cricket Stadium,165,155.9333,7.9988,219.0,109.0,154.965,8.1153,154.0529,7.9997,164.5
1304047,2022-03-26,1,Chennai Super Kings,Kolkata Knight Riders,"Wankhede Stadium, Mumbai",131,161.4458,8.3813,235.0,67.0,161.1105,8.2704,154.0,8.0691,162.4737
1304047,2022-03-26,2,Kolkata Knight Riders,Chennai Super Kings,"Wankhede Stadium, Mumbai",133,161.4458,8.3813,235.0,67.0,155.0149,8.1159,154.1105,8.001,146.6364
1304048,2022-03-27,1,Mumbai Indians,Delhi Capitals,"Brabourne Stadium, Mumbai",177,174.6364,8.8594,212.0,115.0,158.5392,8.2389,157.8812,8.1499,174.75
1304048,2022-03-27,2,Delhi Capitals,Mumbai Indians,"Brabourne Stadium, Mumbai",179,174.6364,8.8594,212.0,115.0,154.104,8.0425,153.3917,7.9296,154.104
1304049,2022-03-27,1,Royal Challengers Bengaluru,Punjab Kings,"Dr DY Patil Sports Academy, Mumbai",205,141.4706,7.5705,190.0,82.0,156.1471,8.2089,160.1111,8.3564,156.1471
1304049,2022-03-27,2,Punjab Kings,Royal Challengers Bengaluru,"Dr DY Patil Sports Academy, Mumbai",208,141.4706,7.5705,190.0,82.0,158.5404,8.1975,158.4412,8.2591,158.5404
1304050,2022-03-28,1,Lucknow Super Giants,Gujarat Titans,"Wankhede Stadium, Mumbai",158,161.0952,8.3633,235.0,67.0,156.2225,8.1163,156.2225,8.1163,156.2225
1304050,2022-03-28,2,Gujarat Titans,Lucknow Super Giants,"Wankhede Stadium, Mumbai",161,161.0952,8.3633,235.0,67.0,156.2225,8.1163,156.2225,8.1163,156.2225
1304051,2022-03-29,1,Rajasthan Royals,Sunrisers Hyderabad,"Maharashtra Cricket Association Stadium, Pune",210,151.7763,7.8321,211.0,73.0,154.1696,7.9946,155.4962,7.9439,136.4
1304051,2022-03-29,2,Sunrisers Hyderabad,Rajasthan Royals,"Maharashtra Cricket Association Stadium, Pune",149,151.7763,7.8321,211.0,73.0,156.4511,8.0406,156.1696,8.1881,158.0
1304052,2022-03-30,1,Kolkata Knight Riders,Royal Challengers Bengaluru,"Dr DY Patil Sports Academy, Mumbai",128,145.0833,7.7387,208.0,82.0,154.9059,8.1113,158.6829,8.2722,154.9059
1304052,2022-03-30,2,Royal Challengers Bengaluru,Kolkata Knight Riders,"Dr DY Patil Sports Academy, Mumbai",132,145.0833,7.7387,208.0,82.0,156.3854,8.2188,153.8861,8.0616,146.6667
1304053,2022-03-31,1,Chennai Super Kings,Lucknow Super Giants,"Brabourne Stadium, Mumbai",210,174.9167,8.8967,212.0,115.0,160.9529,8.2614,161.0,8.1864,160.9529
1304053,2022-03-31,2,Lucknow Super Giants,Chennai Super Kings,"Brabourne Stadium, Mumbai",211,174.9167,8.8967,212.0,115.0,158.0,7.9,154.0,7.9968,158.0
1304054,2022-04-01,1,Punjab Kings,Kolkata Knight Riders,"Wankhede Stadium, Mumbai",137,161.0765,8.3595,235.0,67.0,158.7889,8.2113,153.7783,8.0555,176.7143
1304054,2022-04-01,2,Kolkata Knight Riders,Punjab Kings,"Wankhede Stadium, Mumbai",141,161.0765,8.3595,235.0,67.0,154.7734,8.1049,160.3367,8.3659,145.5
1304055,2022-04-02,1,Rajasthan Royals,Mumbai Indians,"Dr DY Patil Sports Academy, Mumbai",193,144.2895,7.69,208.0,82.0,154.4942,8.0092,153.5092,7.938,154.4942
1304055,2022-04-02,2,Mumbai Indians,Rajasthan Royals,"Dr DY Patil Sports Academy, Mumbai",170,144.2895,7.69,208.0,82.0,158.6239,8.2417,156.1279,8.1838,154.5714
1304056,2022-04-02,1,Gujarat Titans,Delhi Capitals,"Maharashtra Cricket Association Stadium, Pune",171,152.4872,7.8614,211.0,73.0,161.0,8.1864,157.9754,8.1533,161.0
1304056,2022-04-02,2,Delhi Capitals,Gujarat Titans,"Maharashtra Cricket Association Stadium, Pune",157,152.4872,7.8614,211.0,73.0,154.2266,8.0509,158.0,7.9,166.3333
1304057,2022-04-03,1,Punjab Kings,Chennai Super Kings,"Brabourne Stadium, Mumbai",180,177.6538,9.0324,212.0,115.0,158.68,8.2076,154.2969,8.0115,158.68
1304057,2022-04-03,2,Chennai Super Kings,Punjab Kings,"Brabourne Stadium, Mumbai",126,177.6538,9.0324,212.0,115.0,161.2083,8.273,160.24,8.3727,188.6667
1304058,2022-04-04,1,Lucknow Super Giants,Sunrisers Hyderabad,"Dr DY Patil Sports Academy, Mumbai",169,146.15,7.7592,208.0,82.0,184.5,9.3603,155.903,7.963,184.5
1304058,2022-04-04,2,Sunrisers Hyderabad,Lucknow Super Giants,"Dr DY Patil Sports Academy, Mumbai",157,146.15,7.7592,208.0,82.0,156.3955,8.0362,185.5,9.3432,156.3955
1304059,2022-04-05,1,Rajasthan Royals,Royal Challengers Bengaluru,"Wankhede Stadium, Mumbai",169,160.8198,8.3623,235.0,67.0,154.7168,8.0187,158.534,8.2651,168.9231
1304059,2022-04-05,2,Royal Challengers Bengaluru,Rajasthan Royals,"Wankhede Stadium, Mumbai",173,160.8198,8.3623,235.0,67.0,156.267,8.2121,156.2081,8.1857,166.25
1304060,2022-04-06,1,Mumbai Indians,Kolkata Knight Riders,"Maharashtra Cricket Association Stadium, Pune",161,152.775,7.8699,211.0,73.0,158.6758,8.2429,153.6961,8.0527,150.2
1304060,2022-04-06,2,Kolkata Knight Riders,Mumbai Indians,"Maharashtra Cricket Association Stadium, Pune",162,152.775,7.8699,211.0,73.0,154.7059,8.1128,153.6895,7.9458,159.1667
1304061,2022-04-07,1,Delhi Capitals,Lucknow Super Giants,"Dr DY Patil Sports Academy, Mumbai",149,146.9524,7.7778,208.0,82.0,154.2402,8.05,176.0,8.8455,154.2402
1304061,2022-04-07,2,Lucknow Super Giants,Delhi Capitals,"Dr DY Patil Sports Academy, Mumbai",155,146.9524,7.7778,208.0,82.0,179.3333,9.0568,158.0392,8.1553,179.3333
1304062,2022-04-08,1,Punjab Kings,Gujarat Titans,"Brabourne Stadium, Mumbai",189,175.8929,8.9586,212.0,115.0,158.7861,8.2115,157.5,7.875,158.7861
1304062,2022-04-08,2,Gujarat Titans,Punjab Kings,"Brabourne Stadium, Mumbai",190,175.8929,8.9586,212.0,115.0,166.0,8.3682,160.0697,8.3659,166.0
1304063,2022-04-09,1,Chennai Super Kings,Sunrisers Hyderabad,"Dr DY Patil Sports Academy, Mumbai",154,147.1818,7.7727,208.0,82.0,161.0259,8.2664,156.0,7.9666,154.5
1304063,2022-04-09,2,Sunrisers Hyderabad,Chennai Super Kings,"Dr DY Patil Sports Academy, Mumbai",155,147.1818,7.7727,208.0,82.0,156.4,8.0348,154.4301,8.0166,156.4
1304064,2022-04-09,1,Mumbai Indians,Royal Challengers Bengaluru,"Maharashtra Cricket Association Stadium, Pune",151,152.9878,7.8996,211.0,73.0,158.6864,8.242,158.5845,8.2659,152.0
1304064,2022-04-09,2,Royal Challengers Bengaluru,Mumbai Indians,"Maharashtra Cricket Association Stadium, Pune",152,152.9878,7.8996,211.0,73.0,156.3478,8.216,153.7273,7.9557,158.0
1304065,2022-04-10,1,Delhi Capitals,Kolkata Knight Riders,"Brabourne Stadium, Mumbai",215,176.8,8.993,212.0,115.0,154.2146,8.047,153.7317,8.0527,166.0
1304065,2022-04-10,2,Kolkata Knight Riders,Delhi Capitals,"Brabourne Stadium, Mumbai",171,176.8,8.993,212.0,115.0,154.7415,8.1226,158.0244,8.1539,154.7415
1304066,2022-04-10,1,Rajasthan Royals,Lucknow Super Giants,"Wankhede Stadium, Mumbai",165,160.9368,8.3666,235.0,67.0,154.7989,8.0212,169.25,8.4966,168.9286
1304066,2022-04-10,2,Lucknow Super Giants,Rajasthan Royals,"Wankhede Stadium, Mumbai",162,160.9368,8.3666,235.0,67.0,173.25,8.763,156.3046,8.1905,173.25
1304067,2022-04-11,1,Gujarat Titans,Sunrisers Hyderabad,"Dr DY Patil Sports Academy, Mumbai",162,147.5,7.7929,208.0,82.0,174.0,8.7455,155.9853,7.9647,174.0
1304067,2022-04-11,2,Sunrisers Hyderabad,Gujarat Titans,"Dr DY Patil Sports Academy, Mumbai",168,147.5,7.7929,208.0,82.0,156.3897,8.0403,168.0,8.4,156.3897
1304068,2022-04-12,1,Chennai Super Kings,Royal Challengers Bengaluru,"Dr DY Patil Sports Academy, Mumbai",216,148.2292,7.8196,208.0,82.0,160.9897,8.2635,158.5481,8.2625,154.4
1304068,2022-04-12,2,Royal Challengers Bengaluru,Chennai Super Kings,"Dr DY Patil Sports Academy, Mumbai",193,148.2292,7.8196,208.0,82.0,156.3269,8.216,154.433,8.0205,143.0
1304069,2022-04-13,1,Punjab Kings,Mumbai Indians,"Maharashtra Cricket Association Stadium, Pune",198,152.9524,7.8992,211.0,73.0,158.9356,8.2177,153.7195,7.9569,132.2857
1304069,2022-04-13,2,Mumbai Indians,Punjab Kings,"Maharashtra Cricket Association Stadium, Pune",186,152.9524,7.8992,211.0,73.0,158.6516,8.2389,160.2178,8.3715,151.8571
1304070,2022-04-14,1,Gujarat Titans,Rajasthan Royals,"Dr DY Patil Sports Academy, Mumbai",192,150.48,7.9158,216.0,82.0,171.0,8.5841,156.3371,8.19,171.0
1304070,2022-04-14,2,Rajasthan Royals,Gujarat Titans,"Dr DY Patil Sports Academy, Mumbai",155,150.48,7.9158,216.0,82.0,154.8571,8.0225,168.0,8.4913,153.3333
1304071,2022-04-15,1,Kolkata Knight Riders,Sunrisers Hyderabad,"Brabourne Stadium, Mumbai",175,177.8125,9.0386,215.0,115.0,154.8204,8.1254,156.0292,7.9657,172.0
1304071,2022-04-15,2,Sunrisers Hyderabad,Kolkata Knight Riders,"Brabourne Stadium, Mumbai",176,177.8125,9.0386,215.0,115.0,156.4745,8.0456,154.0291,8.0658,156.4745
1304072,2022-04-16,1,Lucknow Super Giants,Mumbai Indians,"Brabourne Stadium, Mumbai",199,177.6765,9.0546,215.0,115.0,171.0,8.6304,153.9189,7.9657,171.0
1304072,2022-04-16,2,Mumbai Indians,Lucknow Super Giants,"Brabourne Stadium, Mumbai",181,177.6765,9.0546,215.0,115.0,158.7748,8.2436,168.4,8.4473,175.0
1304073,2022-04-16,1,Royal Challengers Bengaluru,Delhi Capitals,"Wankhede Stadium, Mumbai",189,160.9659,8.3644,235.0,67.0,156.5024,8.2229,158.0874,8.1565,166.7692
1304073,2022-04-16,2,Delhi Capitals,Royal Challengers Bengaluru,"Wankhede Stadium, Mumbai",173,160.9659,8.3644,235.0,67.0,154.5097,8.0602,158.823,8.2746,156.0
1304074,2022-04-17,1,Punjab Kings,Sunrisers Hyderabad,"Dr DY Patil Sports Academy, Mumbai",151,151.3654,7.945,216.0,82.0,159.1281,8.226,156.1667,7.9713,159.1281
1304074,2022-04-17,2,Sunrisers Hyderabad,Punjab Kings,"Dr DY Patil Sports Academy, Mumbai",152,151.3654,7.945,216.0,82.0,156.6159,8.0588,160.3448,8.3761,160.0
1304075,2022-04-17,1,Chennai Super Kings,Gujarat Titans,"Maharashtra Cricket Association Stadium, Pune",169,153.8605,7.9387,211.0,73.0,161.2718,8.2765,165.4,8.343,171.25
1304075,2022-04-17,2,Gujarat Titans,Chennai Super Kings,"Maharashtra Cricket Association Stadium, Pune",170,153.8605,7.9387,211.0,73.0,175.2,8.7873,154.6308,8.0289,175.2
1304076,2022-04-18,1,Rajasthan Royals,Kolkata Knight Riders,"Brabourne Stadium, Mumbai",217,178.3611,9.0793,215.0,115.0,154.858,8.0209,154.1353,8.0745,197.5
1304076,2022-04-18,2,Kolkata Knight Riders,Rajasthan Royals,"Brabourne Stadium, Mumbai",210,178.3611,9.0793,215.0,115.0,154.9179,8.1284,156.5398,8.198,172.75
1304077,2022-04-19,1,Royal Challengers Bengaluru,Lucknow Super Giants,"Dr DY Patil Sports Academy, Mumbai",181,151.3704,7.94,216.0,82.0,156.6571,8.2287,170.5,8.5477,153.0
1304077,2022-04-19,2,Lucknow Super Giants,Royal Challengers Bengaluru,"Dr DY Patil Sports Academy, Mumbai",163,151.3704,7.94,216.0,82.0,175.6667,8.8503,158.8905,8.2764,175.6667
1304078,2022-04-20,1,Punjab Kings,Delhi Capitals,"Brabourne Stadium, Mumbai",115,180.2105,9.168,217.0,115.0,159.0882,8.2226,158.2367,8.1628,177.3333
1304078,2022-04-20,2,Delhi Capitals,Punjab Kings,"Brabourne Stadium, Mumbai",119,180.2105,9.168,217.0,115.0,154.599,8.063,160.3039,8.3746,178.25
1304079,2022-04-21,1,Mumbai Indians,Chennai Super Kings,"Dr DY Patil Sports Academy, Mumbai",155,152.1071,7.9636,216.0,82.0,158.8744,8.2473,154.7092,8.0316,156.5
1304079,2022-04-21,2,Chennai Super Kings,Mumbai Indians,"Dr DY Patil Sports Academy, Mumbai",156,152.1071,7.9636,216.0,82.0,161.3112,8.2774,154.1211,7.9746,164.6667
1304080,2022-04-22,1,Rajasthan Royals,Delhi Capitals,"Wankhede Stadium, Mumbai",222,161.191,8.3721,235.0,67.0,155.209,8.0369,158.0288,8.1512,168.6667
1304080,2022-04-22,2,Delhi Capitals,Rajasthan Royals,"Wankhede Stadium, Mumbai",207,161.191,8.3721,235.0,67.0,154.4279,8.0787,156.8418,8.212,157.3077
1304081,2022-04-23,1,Gujarat Titans,Kolkata Knight Riders,"Dr DY Patil Sports Academy, Mumbai",156,152.2241,7.9571,216.0,82.0,174.3333,8.7513,154.4375,8.0878,174.3333
1304081,2022-04-23,2,Kolkata Knight Riders,Gujarat Titans,"Dr DY Patil Sports Academy, Mumbai",148,152.2241,7.9571,216.0,82.0,155.1827,8.1407,166.0,8.3609,136.0
1304082,2022-04-23,1,Royal Challengers Bengaluru,Sunrisers Hyderabad,"Brabourne Stadium, Mumbai",68,177.05,9.1367,217.0,115.0,156.7725,8.2326,156.1295,7.9683,156.7725
1304082,2022-04-23,2,Sunrisers Hyderabad,Royal Challengers Bengaluru,"Brabourne Stadium, Mumbai",72,177.05,9.1367,217.0,115.0,156.5827,8.0589,158.91,8.2758,156.5827
1304083,2022-04-24,1,Lucknow Super Giants,Mumbai Indians,"Wankhede Stadium, Mumbai",168,161.7833,8.3983,235.0,67.0,173.8571,8.7503,154.1295,7.9738,173.8571
1304083,2022-04-24,2,Mumbai Indians,Lucknow Super Giants,"Wankhede Stadium, Mumbai",132,161.7833,8.3983,235.0,67.0,158.8571,8.245,172.0,8.6195,162.8955
1304084,2022-04-25,1,Punjab Kings,Chennai Super Kings,"Wankhede Stadium, Mumbai",187,161.6538,8.3884,235.0,67.0,158.8732,8.2106,154.7107,8.0302,174.0667
1304084,2022-04-25,2,Chennai Super Kings,Punjab Kings,"Wankhede Stadium, Mumbai",176,161.6538,8.3884,235.0,67.0,161.2843,8.275,160.1024,8.389,160.9
1304085,2022-04-26,1,Rajasthan Royals,Royal Challengers Bengaluru,"Maharashtra Cricket Association Stadium, Pune",144,154.2159,7.9517,211.0,73.0,155.5843,8.0541,158.5,8.2792,148.6667
1304085,2022-04-26,2,Royal Challengers Bengaluru,Rajasthan Royals,"Maharashtra Cricket Association Stadium, Pune",115,154.2159,7.9517,211.0,73.0,156.3538,8.2136,157.1236,8.224,157.1429
1304086,2022-04-27,1,Sunrisers Hyderabad,Gujarat Titans,"Wankhede Stadium, Mumbai",195,161.8696,8.3959,235.0,67.0,155.9786,8.0656,163.4286,8.2236,152.8571
1304086,2022-04-27,2,Gujarat Titans,Sunrisers Hyderabad,"Wankhede Stadium, Mumbai",199,161.8696,8.3959,235.0,67.0,171.7143,8.6154,155.5,7.9414,171.7143
1304087,2022-04-28,1,Kolkata Knight Riders,Delhi Capitals,"Wankhede Stadium, Mumbai",146,162.2473,8.4115,235.0,67.0,155.1483,8.1371,158.3349,8.1653,145.1538
1304087,2022-04-28,2,Delhi Capitals,Kolkata Knight Riders,"Wankhede Stadium, Mumbai",150,162.2473,8.4115,235.0,67.0,154.6794,8.0896,154.445,8.0865,160.8571
1304088,2022-04-29,1,Lucknow Super Giants,Punjab Kings,"Maharashtra Cricket Association Stadium, Pune",153,153.6667,7.9206,211.0,73.0,173.125,8.7065,160.1796,8.391,173.125
1304088,2022-04-29,2,Punjab Kings,Lucknow Super Giants,"Maharashtra Cricket Association Stadium, Pune",133,153.6667,7.9206,211.0,73.0,159.0097,8.2161,167.0,8.3671,140.5
1304089,2022-04-30,1,Royal Challengers Bengaluru,Gujarat Titans,"Brabourne Stadium, Mumbai",170,171.9524,9.016,217.0,68.0,156.1596,8.2027,167.375,8.4144,156.1596
1304089,2022-04-30,2,Gujarat Titans,Royal Challengers Bengaluru,"Brabourne Stadium, Mumbai",174,171.9524,9.016,217.0,68.0,175.125,8.7822,158.4319,8.2742,175.125
1304090,2022-04-30,1,Rajasthan Royals,Mumbai Indians,"Dr DY Patil Sports Academy, Mumbai",158,152.2167,7.9452,216.0,82.0,155.5196,8.0493,154.1911,7.9757,153.75
1304090,2022-04-30,2,Mumbai Indians,Rajasthan Royals,"Dr DY Patil Sports Academy, Mumbai",161,152.2167,7.9452,216.0,82.0,158.7378,8.2377,156.8883,8.211,156.3333
1304091,2022-05-01,1,Lucknow Super Giants,Delhi Capitals,"Wankhede Stadium, Mumbai",195,162.0957,8.4028,235.0,67.0,170.8889,8.5891,158.2762,8.1612,162.6667
1304091,2022-05-01,2,Delhi Capitals,Lucknow Super Giants,"Wankhede Stadium, Mumbai",189,162.0957,8.4028,235.0,67.0,154.6571,8.0887,163.2222,8.1763,160.1333
1304092,2022-05-01,1,Chennai Super Kings,Sunrisers Hyderabad,"Maharashtra Cricket Association Stadium, Pune",202,153.4348,7.9038,211.0,73.0,161.3586,8.2776,155.8085,7.9557,171.0
1304092,2022-05-01,2,Sunrisers Hyderabad,Chennai Super Kings,"Maharashtra Cricket Association Stadium, Pune",189,153.4348,7.9038,211.0,73.0,156.2553,8.0775,154.8737,8.0369,155.75
1304093,2022-05-02,1,Rajasthan Royals,Kolkata Knight Riders,"Wankhede Stadium, Mumbai",152,162.4105,8.4154,235.0,67.0,155.5333,8.0485,154.4238,8.0855,172.0
1304093,2022-05-02,2,Kolkata Knight Riders,Rajasthan Royals,"Wankhede Stadium, Mumbai",158,162.4105,8.4154,235.0,67.0,155.1048,8.1331,156.9111,8.2117,145.2143
1304094,2022-05-03,1,Gujarat Titans,Punjab Kings,"Dr DY Patil Sports Academy, Mumbai",143,152.4516,7.9506,216.0,82.0,175.0,8.7979,160.1449,8.3874,170.0
1304094,2022-05-03,2,Punjab Kings,Gujarat Titans,"Dr DY Patil Sports Academy, Mumbai",145,152.4516,7.9506,216.0,82.0,158.8841,8.2085,167.6667,8.4239,157.0
1304095,2022-05-04,1,Royal Challengers Bengaluru,Chennai Super Kings,"Maharashtra Cricket Association Stadium, Pune",173,154.3298,7.9436,211.0,73.0,156.2243,8.2041,155.0452,8.044,151.875
1304095,2022-05-04,2,Chennai Super Kings,Royal Challengers Bengaluru,"Maharashtra Cricket Association Stadium, Pune",160,154.3298,7.9436,211.0,73.0,161.5628,8.2868,158.5047,8.2772,174.1
1304096,2022-05-05,1,Delhi Capitals,Sunrisers Hyderabad,"Brabourne Stadium, Mumbai",207,171.9545,9.0022,217.0,68.0,154.8199,8.0951,156.1338,7.9708,166.4
1304096,2022-05-05,2,Sunrisers Hyderabad,Delhi Capitals,"Brabourne Stadium, Mumbai",186,171.9545,9.0022,217.0,68.0,156.4859,8.0872,158.4502,8.1687,149.6667
1304097,2022-05-06,1,Mumbai Indians,Gujarat Titans,"Brabourne Stadium, Mumbai",177,173.0217,9.038,217.0,68.0,158.7478,8.2381,165.4,8.4878,175.6
1304097,2022-05-06,2,Gujarat Titans,Mumbai Indians,"Brabourne Stadium, Mumbai",172,173.0217,9.038,217.0,68.0,171.8,8.6331,154.208,7.9753,171.8
1304098,2022-05-07,1,Punjab Kings,Rajasthan Royals,"Wankhede Stadium, Mumbai",189,162.3333,8.4103,235.0,67.0,158.8173,8.2127,156.9171,8.2118,174.875
1304098,2022-05-07,2,Rajasthan Royals,Punjab Kings,"Wankhede Stadium, Mumbai",190,162.3333,8.4103,235.0,67.0,155.5138,8.046,160.0625,8.3815,170.8235
1304099,2022-05-07,1,Lucknow Super Giants,Kolkata Knight Riders,"Maharashtra Cricket Association Stadium, Pune",176,154.5833,7.9516,211.0,73.0,173.3,8.7052,154.4123,8.0832,173.3
1304099,2022-05-07,2,Kolkata Knight Riders,Lucknow Super Giants,"Maharashtra Cricket Association Stadium, Pune",101,154.5833,7.9516,211.0,73.0,155.1185,8.1337,165.8,8.3036,159.5714
1304100,2022-05-08,1,Royal Challengers Bengaluru,Sunrisers Hyderabad,"Wankhede Stadium, Mumbai",192,162.6134,8.4221,235.0,67.0,156.3023,8.2062,156.4895,7.9874,168.3571
1304100,2022-05-08,2,Sunrisers Hyderabad,Royal Challengers Bengaluru,"Wankhede Stadium, Mumbai",125,162.6134,8.4221,235.0,67.0,156.6923,8.0957,158.5116,8.2759,158.125
1304101,2022-05-08,1,Chennai Super Kings,Delhi Capitals,"Dr DY Patil Sports Academy, Mumbai",208,152.1875,7.9555,216.0,82.0,161.555,8.2854,158.5802,8.1741,163.4286
1304101,2022-05-08,2,Delhi Capitals,Chennai Super Kings,"Dr DY Patil Sports Academy, Mumbai",117,152.1875,7.9555,216.0,82.0,155.066,8.1058,155.135,8.047,157.3333
1304102,2022-05-09,1,Kolkata Knight Riders,Mumbai Indians,"Dr DY Patil Sports Academy, Mumbai",165,152.5,7.9723,216.0,82.0,154.8632,8.1281,154.2863,7.9781,139.0
1304102,2022-05-09,2,Mumbai Indians,Kolkata Knight Riders,"Dr DY Patil Sports Academy, Mumbai",113,152.5,7.9723,216.0,82.0,158.8282,8.2408,154.5142,8.0866,156.8
1304103,2022-05-10,1,Gujarat Titans,Lucknow Super Giants,"Maharashtra Cricket Association Stadium, Pune",144,154.2551,7.9502,211.0,73.0,171.8182,8.6301,159.9091,8.182,171.8182
1304103,2022-05-10,2,Lucknow Super Giants,Gujarat Titans,"Maharashtra Cricket Association Stadium, Pune",82,154.2551,7.9502,211.0,73.0,173.5455,8.7138,166.4545,8.5207,173.5455
1304104,2022-05-11,1,Rajasthan Royals,Delhi Capitals,"Dr DY Patil Sports Academy, Mumbai",160,152.1029,7.9541,216.0,82.0,155.7033,8.0549,158.8122,8.1845,154.6
1304104,2022-05-11,2,Delhi Capitals,Rajasthan Royals,"Dr DY Patil Sports Academy, Mumbai",161,152.1029,7.9541,216.0,82.0,154.8873,8.0988,157.0934,8.2186,147.25
1304105,2022-05-12,1,Chennai Super Kings,Mumbai Indians,"Wankhede Stadium, Mumbai",97,162.5714,8.4181,235.0,67.0,161.7861,8.2959,154.3333,7.9793,161.619
1304105,2022-05-12,2,Mumbai Indians,Chennai Super Kings,"Wankhede Stadium, Mumbai",103,162.5714,8.4181,235.0,67.0,158.6272,8.233,154.9453,8.0399,162.4412
1304106,2022-05-13,1,Punjab Kings,Royal Challengers Bengaluru,"Brabourne Stadium, Mumbai",209,173.0833,9.0249,217.0,68.0,158.9617,8.2186,158.3565,8.2675,161.75
1304106,2022-05-13,2,Royal Challengers Bengaluru,Punjab Kings,"Brabourne Stadium, Mumbai",155,173.0833,9.0249,217.0,68.0,156.4676,8.2127,160.2057,8.3876,131.0
1304107,2022-05-14,1,Kolkata Knight Riders,Sunrisers Hyderabad,"Maharashtra Cricket Association Stadium, Pune",177,153.43,7.9224,211.0,73.0,154.9108,8.1287,156.7361,7.9986,152.25
1304107,2022-05-14,2,Sunrisers Hyderabad,Kolkata Knight Riders,"Maharashtra Cricket Association Stadium, Pune",123,153.43,7.9224,211.0,73.0,156.4722,8.0844,154.3192,8.079,162.4
1304108,2022-05-15,1,Chennai Super Kings,Gujarat Titans,"Wankhede Stadium, Mumbai",133,161.9394,8.3988,235.0,67.0,161.4653,8.2848,159.4167,8.3046,158.6818
1304108,2022-05-15,2,Gujarat Titans,Chennai Super Kings,"Wankhede Stadium, Mumbai",137,161.9394,8.3988,235.0,67.0,169.5,8.5109,154.6881,8.0345,169.5
1304109,2022-05-15,1,Rajasthan Royals,Lucknow Super Giants,"Brabourne Stadium, Mumbai",178,173.44,9.0279,217.0,68.0,155.7268,8.0546,158.5833,8.1002,201.4
1304109,2022-05-15,2,Lucknow Super Giants,Rajasthan Royals,"Brabourne Stadium, Mumbai",154,173.44,9.0279,217.0,68.0,165.9167,8.4816,157.1148,8.2222,165.9167
1304110,2022-05-16,1,Delhi Capitals,Punjab Kings,"Dr DY Patil Sports Academy, Mumbai",159,152.3429,7.9677,216.0,82.0,154.9159,8.1024,160.181,8.3846,150.0
1304110,2022-05-16,2,Punjab Kings,Delhi Capitals,"Dr DY Patil Sports Academy, Mumbai",142,152.3429,7.9677,216.0,82.0,159.2,8.2292,158.8178,8.1836,154.0
1304111,2022-05-17,1,Sunrisers Hyderabad,Mumbai Indians,"Wankhede Stadium, Mumbai",193,161.67,8.3838,235.0,67.0,156.2414,8.071,154.083,7.9709,154.4444
1304111,2022-05-17,2,Mumbai Indians,Sunrisers Hyderabad,"Wankhede Stadium, Mumbai",190,161.67,8.3838,235.0,67.0,158.3843,8.2274,156.8759,8.0045,161.5797
1304112,2022-05-18,1,Lucknow Super Giants,Kolkata Knight Riders,"Dr DY Patil Sports Academy, Mumbai",210,152.2917,7.9554,216.0,82.0,165.0,8.4215,154.1729,8.07,162.3333
1304112,2022-05-18,2,Kolkata Knight Riders,Lucknow Super Giants,"Dr DY Patil Sports Academy, Mumbai",208,152.2917,7.9554,216.0,82.0,155.014,8.1321,160.0769,8.1617,144.2
1304113,2022-05-19,1,Gujarat Titans,Royal Challengers Bengaluru,"Wankhede Stadium, Mumbai",168,161.9653,8.3956,235.0,67.0,167.0,8.4061,158.5899,8.2776,165.6667
1304113,2022-05-19,2,Royal Challengers Bengaluru,Gujarat Titans,"Wankhede Stadium, Mumbai",170,161.9653,8.3956,235.0,67.0,156.4608,8.2105,157.3846,8.1773,169.9333
1304114,2022-05-20,1,Chennai Super Kings,Rajasthan Royals,"Brabourne Stadium, Mumbai",150,173.1538,8.9999,217.0,68.0,161.3251,8.2768,157.0978,8.2193,173.0
1304114,2022-05-20,2,Rajasthan Royals,Chennai Super Kings,"Brabourne Stadium, Mumbai",151,173.1538,8.9999,217.0,68.0,155.8478,8.0592,154.601,8.0301,197.5
1304115,2022-05-21,1,Delhi Capitals,Mumbai Indians,"Wankhede Stadium, Mumbai",159,162.0343,8.3991,235.0,67.0,154.9349,8.1017,154.2522,7.9782,161.9375
1304115,2022-05-21,2,Mumbai Indians,Delhi Capitals,"Wankhede Stadium, Mumbai",160,162.0343,8.3991,235.0,67.0,158.5217,8.2329,158.7395,8.1786,161.9857
1304116,2022-05-22,1,Sunrisers Hyderabad,Punjab Kings,"Wankhede Stadium, Mumbai",157,162.0097,8.3967,235.0,67.0,156.4932,8.0818,160.1754,8.3825,158.3
1304116,2022-05-22,2,Punjab Kings,Sunrisers Hyderabad,"Wankhede Stadium, Mumbai",160,162.0097,8.3967,235.0,67.0,159.1185,8.2238,157.1027,8.0147,175.7059
1312197,2022-05-24,1,Rajasthan Royals,Gujarat Titans,"Eden Gardens, Kolkata",188,156.1164,8.1529,232.0,49.0,155.8216,8.0571,158.2857,8.2438,139.3333
1312197,2022-05-24,2,Gujarat Titans,Rajasthan Royals,"Eden Gardens, Kolkata",191,156.1164,8.1529,232.0,49.0,167.0714,8.4056,157.0595,8.2154,167.0714
1312198,2022-05-25,1,Royal Challengers Bengaluru,Lucknow Super Giants,"Eden Gardens, Kolkata",207,156.5676,8.1724,232.0,49.0,156.5229,8.2146,163.5,8.3216,154.5
1312198,2022-05-25,2,Lucknow Super Giants,Royal Challengers Bengaluru,"Eden Gardens, Kolkata",193,156.5676,8.1724,232.0,49.0,168.2143,8.57,158.633,8.2782,168.2143
1312199,2022-05-27,1,Royal Challengers Bengaluru,Rajasthan Royals,"Narendra Modi Stadium, Ahmedabad",157,155.7,8.1867,179.0,123.0,156.7534,8.2244,157.2419,8.2239,156.7534
1312199,2022-05-27,2,Rajasthan Royals,Royal Challengers Bengaluru,"Narendra Modi Stadium, Ahmedabad",161,155.7,8.1867,179.0,123.0,155.9946,8.0644,158.79,8.2844,155.9946
1312200,2022-05-29,1,Rajasthan Royals,Gujarat Titans,"Narendra Modi Stadium, Ahmedabad",130,156.25,8.215,179.0,123.0,156.0214,8.0686,160.2667,8.3208,156.0214
1312200,2022-05-29,2,Gujarat Titans,Rajasthan Royals,"Narendra Modi Stadium, Ahmedabad",133,156.25,8.215,179.0,123.0,168.6667,8.4982,157.2406,8.2219,168.6667
1359475,2023-03-31,1,Chennai Super Kings,Gujarat Titans,"Narendra Modi Stadium, Ahmedabad",178,152.7143,8.0286,179.0,123.0,161.2696,8.273,158.375,8.207,161.2696
1359475,2023-03-31,2,Gujarat Titans,Chennai Super Kings,"Narendra Modi Stadium, Ahmedabad",182,152.7143,8.0286,179.0,123.0,166.4375,8.4247,154.5833,8.0284,166.4375
1359477,2023-04-01,1,Lucknow Super Giants,Delhi Capitals,"Bharat Ratna Shri Atal Bihari Vajpayee Ekana Cricket Stadium, Lucknow",193,156.8831,8.1482,263.0,49.0,169.8667,8.642,158.7454,8.1794,169.8667
1359477,2023-04-01,2,Delhi Capitals,Lucknow Super Giants,"Bharat Ratna Shri Atal Bihari Vajpayee Ekana Cricket Stadium, Lucknow",143,156.8831,8.1482,263.0,49.0,154.9537,8.101,166.4,8.4568,154.9537
1359478,2023-04-02,1,Rajasthan Royals,Sunrisers Hyderabad,"Rajiv Gandhi International Stadium, Uppal, Hyderabad",203,153.6613,7.9436,231.0,80.0,155.883,8.0603,157.1224,8.032,153.3333
1359478,2023-04-02,2,Sunrisers Hyderabad,Rajasthan Royals,"Rajiv Gandhi International Stadium, Uppal, Hyderabad",131,153.6613,7.9436,231.0,80.0,156.4966,8.0803,157.1117,8.2171,154.0714
1359479,2023-04-02,1,Mumbai Indians,Royal Challengers Bengaluru,"M Chinnaswamy Stadium, Bengaluru",171,163.3176,8.6256,263.0,82.0,158.5281,8.2334,158.8,8.2871,157.8333
1359479,2023-04-02,2,Royal Challengers Bengaluru,Mumbai Indians,"M Chinnaswamy Stadium, Bengaluru",172,163.3176,8.6256,263.0,82.0,156.7545,8.2227,154.2727,7.9781,165.169
1359480,2023-04-03,1,Chennai Super Kings,Lucknow Super Giants,"MA Chidambaram Stadium, Chepauk, Chennai",217,155.5522,7.9179,246.0,70.0,161.3512,8.276,164.9375,8.3751,161.1786
1359480,2023-04-03,2,Lucknow Super Giants,Chennai Super Kings,"MA Chidambaram Stadium, Chepauk, Chennai",205,155.5522,7.9179,246.0,70.0,171.3125,8.705,154.7171,8.0351,171.3125
1359481,2023-04-04,1,Delhi Capitals,Gujarat Titans,"Arun Jaitley Stadium, Delhi",162,159.8581,8.2619,231.0,66.0,154.8986,8.0966,159.5294,8.2478,158.4242
1359481,2023-04-04,2,Gujarat Titans,Delhi Capitals,"Arun Jaitley Stadium, Delhi",163,159.8581,8.2619,231.0,66.0,167.3529,8.4829,158.9032,8.1862,167.3529
1359482,2023-04-05,1,Punjab Kings,Rajasthan Royals,"Barsapara Cricket Stadium, Guwahati",197,156.9855,8.1531,263.0,49.0,159.1226,8.2348,156.9735,8.2083,159.1226
1359482,2023-04-05,2,Rajasthan Royals,Punjab Kings,"Barsapara Cricket Stadium, Guwahati",192,156.9855,8.1531,263.0,49.0,156.1323,8.0713,160.1604,8.38,156.1323
1359483,2023-04-06,1,Kolkata Knight Riders,Royal Challengers Bengaluru,"Eden Gardens, Kolkata",204,157.1467,8.1967,232.0,49.0,155.2605,8.1426,158.8552,8.2882,158.2857
1359483,2023-04-06,2,Royal Challengers Bengaluru,Kolkata Knight Riders,"Eden Gardens, Kolkata",123,157.1467,8.1967,232.0,49.0,156.8235,8.2331,154.4326,8.0813,159.2727
1359484,2023-04-07,1,Sunrisers Hyderabad,Lucknow Super Giants,"Bharat Ratna Shri Atal Bihari Vajpayee Ekana Cricket Stadium, Lucknow",121,168.0,8.4,193.0,143.0,156.3243,8.0699,168.0,8.5207,156.3243
1359484,2023-04-07,2,Lucknow Super Giants,Sunrisers Hyderabad,"Bharat Ratna Shri Atal Bihari Vajpayee Ekana Cricket Stadium, Lucknow",127,168.0,8.4,193.0,143.0,173.2941,8.7959,157.4324,8.0463,173.2941
1359485,2023-04-08,1,Rajasthan Royals,Delhi Capitals,"Barsapara Cricket Stadium, Guwahati",199,194.5,9.725,197.0,192.0,156.3211,8.0794,158.922,8.1898,156.3211
1359485,2023-04-08,2,Delhi Capitals,Rajasthan Royals,"Barsapara Cricket Stadium, Guwahati",142,194.5,9.725,197.0,192.0,154.9312,8.0966,157.1842,8.217,154.9312
1359486,2023-04-08,1,Mumbai Indians,Chennai Super Kings,"Wankhede Stadium, Mumbai",157,161.976,8.4044,235.0,67.0,158.5819,8.2348,154.9612,8.0459,161.9577
1359486,2023-04-08,2,Chennai Super Kings,Mumbai Indians,"Wankhede Stadium, Mumbai",159,161.976,8.4044,235.0,67.0,161.6214,8.2885,154.3491,7.9891,157.5652
1359487,2023-04-09,1,Gujarat Titans,Kolkata Knight Riders,"Narendra Modi Stadium, Ahmedabad",204,156.125,8.1697,182.0,123.0,167.1111,8.5101,154.287,8.0761,167.1111
1359487,2023-04-09,2,Kolkata Knight Riders,Gujarat Titans,"Narendra Modi Stadium, Ahmedabad",207,156.125,8.1697,182.0,123.0,155.4861,8.1522,159.6667,8.2396,155.4861
1359488,2023-04-09,1,Punjab Kings,Sunrisers Hyderabad,"Rajiv Gandhi International Stadium, Uppal, Hyderabad",143,153.873,7.9501,231.0,80.0,159.3005,8.2424,157.2282,8.0456,160.0
1359488,2023-04-09,2,Sunrisers Hyderabad,Punjab Kings,"Rajiv Gandhi International Stadium, Uppal, Hyderabad",145,153.873,7.9501,231.0,80.0,156.0872,8.0564,160.3099,8.3857,153.5349
1359489,2023-04-10,1,Royal Challengers Bengaluru,Lucknow Super Giants,"M Chinnaswamy Stadium, Bengaluru",212,163.4267,8.6378,263.0,82.0,156.6712,8.2274,165.3889,8.3834,165.2639
1359489,2023-04-10,2,Lucknow Super Giants,Royal Challengers Bengaluru,"M Chinnaswamy Stadium, Bengaluru",213,163.4267,8.6378,263.0,82.0,170.7222,8.7482,159.0586,8.2969,170.7222
1359490,2023-04-11,1,Delhi Capitals,Mumbai Indians,"Arun Jaitley Stadium, Delhi",172,159.8933,8.2656,231.0,66.0,154.8721,8.092,154.3691,7.9924,158.4776
1359490,2023-04-11,2,Mumbai Indians,Delhi Capitals,"Arun Jaitley Stadium, Delhi",173,159.8933,8.2656,231.0,66.0,158.5751,8.2331,159.105,8.1978,169.9231
1359491,2023-04-12,1,Rajasthan Royals,Chennai Super Kings,"MA Chidambaram Stadium, Chepauk, Chennai",175,156.3676,7.9566,246.0,70.0,156.5445,8.0892,154.971,8.045,174.8571
1359491,2023-04-12,2,Chennai Super Kings,Rajasthan Royals,"MA Chidambaram Stadium, Chepauk, Chennai",172,156.3676,7.9566,246.0,70.0,161.6087,8.2908,157.1047,8.2111,162.1579
1359492,2023-04-13,1,Punjab Kings,Gujarat Titans,"Punjab Cricket Association IS Bindra Stadium, Mohali",153,160.7857,8.3947,240.0,67.0,159.2243,8.2373,162.1579,8.3507,161.5
1359492,2023-04-13,2,Gujarat Titans,Punjab Kings,"Punjab Cricket Association IS Bindra Stadium, Mohali",154,160.7857,8.3947,240.0,67.0,169.0526,8.599,160.2383,8.386,169.0526
1359493,2023-04-14,1,Sunrisers Hyderabad,Kolkata Knight Riders,"Eden Gardens, Kolkata",228,157.2303,8.2018,232.0,49.0,156.0133,8.059,154.5161,8.0859,152.75
1359493,2023-04-14,2,Kolkata Knight Riders,Sunrisers Hyderabad,"Eden Gardens, Kolkata",205,157.2303,8.2018,232.0,49.0,155.7235,8.1623,157.1333,8.0396,158.9296
1359494,2023-04-15,1,Royal Challengers Bengaluru,Delhi Capitals,"M Chinnaswamy Stadium, Bengaluru",174,164.0724,8.6639,263.0,82.0,156.9193,8.238,159.1682,8.1999,165.9041
1359494,2023-04-15,2,Delhi Capitals,Royal Challengers Bengaluru,"M Chinnaswamy Stadium, Bengaluru",151,164.0724,8.6639,263.0,82.0,154.95,8.095,159.3004,8.3074,162.2222
1359495,2023-04-15,1,Lucknow Super Giants,Punjab Kings,"Bharat Ratna Shri Atal Bihari Vajpayee Ekana Cricket Stadium, Lucknow",159,146.0,7.6969,193.0,121.0,172.9474,8.8483,160.2093,8.3831,172.9474
1359495,2023-04-15,2,Punjab Kings,Lucknow Super Giants,"Bharat Ratna Shri Atal Bihari Vajpayee Ekana Cricket Stadium, Lucknow",161,146.0,7.6969,193.0,121.0,159.1953,8.2346,167.8421,8.5001,159.1953
1359496,2023-04-16,1,Kolkata Knight Riders,Mumbai Indians,"Wankhede Stadium, Mumbai",185,161.9381,8.4034,235.0,67.0,155.9495,8.1719,154.4444,7.9956,146.0667
1359496,2023-04-16,2,Mumbai Indians,Kolkata Knight Riders,"Wankhede Stadium, Mumbai",186,161.9381,8.4034,235.0,67.0,158.6368,8.2349,154.8532,8.1011,161.8889
1359497,2023-04-16,1,Gujarat Titans,Rajasthan Royals,"Narendra Modi Stadium, Ahmedabad",177,161.6111,8.4036,207.0,123.0,168.3,8.5573,157.1823,8.2131,173.0
1359497,2023-04-16,2,Rajasthan Royals,Gujarat Titans,"Narendra Modi Stadium, Ahmedabad",179,161.6111,8.4036,207.0,123.0,156.6406,8.0926,161.7,8.3156,156.6406
1359498,2023-04-17,1,Chennai Super Kings,Royal Challengers Bengaluru,"M Chinnaswamy Stadium, Bengaluru",226,164.0519,8.6569,263.0,82.0,161.6587,8.2922,159.2634,8.304,157.5556
1359498,2023-04-17,2,Royal Challengers Bengaluru,Chennai Super Kings,"M Chinnaswamy Stadium, Bengaluru",218,164.0519,8.6569,263.0,82.0,156.9955,8.2401,155.0673,8.0483,166.0135
1359499,2023-04-18,1,Mumbai Indians,Sunrisers Hyderabad,"Rajiv Gandhi International Stadium, Uppal, Hyderabad",192,153.7188,7.9477,231.0,80.0,158.7532,8.2447,157.4503,8.0542,144.9091
1359499,2023-04-18,2,Sunrisers Hyderabad,Mumbai Indians,"Rajiv Gandhi International Stadium, Uppal, Hyderabad",178,153.7188,7.9477,231.0,80.0,156.4901,8.0811,154.5745,8.0009,153.3409
1359500,2023-04-19,1,Lucknow Super Giants,Rajasthan Royals,"Sawai Mansingh Stadium, Jaipur",154,152.7283,7.9586,197.0,92.0,172.25,8.8034,157.285,8.2164,172.25
1359500,2023-04-19,2,Rajasthan Royals,Lucknow Super Giants,"Sawai Mansingh Stadium, Jaipur",144,152.7283,7.9586,197.0,92.0,156.7565,8.0987,167.5,8.4879,154.9783
1359501,2023-04-20,1,Royal Challengers Bengaluru,Punjab Kings,"Punjab Cricket Association IS Bindra Stadium, Mohali",174,160.6579,8.3826,240.0,67.0,157.2667,8.2519,160.2037,8.3811,159.4286
1359501,2023-04-20,2,Punjab Kings,Royal Challengers Bengaluru,"Punjab Cricket Association IS Bindra Stadium, Mohali",150,160.6579,8.3826,240.0,67.0,159.2037,8.2347,159.56,8.3173,161.3509
1359502,2023-04-20,1,Kolkata Knight Riders,Delhi Capitals,"Arun Jaitley Stadium, Delhi",127,160.0592,8.2713,231.0,66.0,156.0822,8.1768,159.2353,8.2021,156.4
1359502,2023-04-20,2,Delhi Capitals,Kolkata Knight Riders,"Arun Jaitley Stadium, Delhi",128,160.0592,8.2713,231.0,66.0,154.9321,8.0925,154.9954,8.1121,158.6765
1359503,2023-04-21,1,Sunrisers Hyderabad,Chennai Super Kings,"MA Chidambaram Stadium, Chepauk, Chennai",134,156.6159,7.967,246.0,70.0,156.6316,8.087,155.3684,8.062,154.375
1359503,2023-04-21,2,Chennai Super Kings,Sunrisers Hyderabad,"MA Chidambaram Stadium, Chepauk, Chennai",138,156.6159,7.967,246.0,70.0,161.9665,8.3066,157.6776,8.0644,162.3276
1359504,2023-04-22,1,Gujarat Titans,Lucknow Super Giants,"Bharat Ratna Shri Atal Bihari Vajpayee Ekana Cricket Stadium, Lucknow",135,150.6667,7.8323,193.0,121.0,168.7143,8.5712,166.381,8.4266,168.7143
1359504,2023-04-22,2,Lucknow Super Giants,Gujarat Titans,"Bharat Ratna Shri Atal Bihari Vajpayee Ekana Cricket Stadium, Lucknow",128,150.6667,7.8323,193.0,121.0,171.381,8.7508,162.5238,8.3605,159.6667
1359505,2023-04-22,1,Punjab Kings,Mumbai Indians,"Wankhede Stadium, Mumbai",214,162.1604,8.4174,235.0,67.0,159.1613,8.2344,154.6737,8.005,174.8333
1359505,2023-04-22,2,Mumbai Indians,Punjab Kings,"Wankhede Stadium, Mumbai",201,162.1604,8.4174,235.0,67.0,158.8941,8.2504,160.2673,8.3826,162.2192
1359506,2023-04-23,1,Royal Challengers Bengaluru,Rajasthan Royals,"M Chinnaswamy Stadium, Bengaluru",189,164.7949,8.6882,263.0,82.0,157.3407,8.2539,157.268,8.2138,166.7067
1359506,2023-04-23,2,Rajasthan Royals,Royal Challengers Bengaluru,"M Chinnaswamy Stadium, Bengaluru",182,164.7949,8.6882,263.0,82.0,156.6907,8.094,159.5177,8.3167,158.3333
1359507,2023-04-23,1,Chennai Super Kings,Kolkata Knight Riders,"Eden Gardens, Kolkata",235,158.0,8.2359,232.0,49.0,161.8524,8.3023,154.8727,8.1054,154.6667
1359507,2023-04-23,2,Kolkata Knight Riders,Chennai Super Kings,"Eden Gardens, Kolkata",186,158.0,8.2359,232.0,49.0,155.95,8.1685,155.2667,8.0555,159.5694
1359508,2023-04-24,1,Delhi Capitals,Sunrisers Hyderabad,"Rajiv Gandhi International Stadium, Uppal, Hyderabad",144,154.2,7.9683,231.0,80.0,154.8108,8.0859,157.549,8.06,154.875
1359508,2023-04-24,2,Sunrisers Hyderabad,Delhi Capitals,"Rajiv Gandhi International Stadium, Uppal, Hyderabad",137,154.2,7.9683,231.0,80.0,156.4837,8.0779,159.0901,8.1938,153.8889
1359509,2023-04-25,1,Gujarat Titans,Mumbai Indians,"Narendra Modi Stadium, Ahmedabad",207,163.25,8.4687,207.0,123.0,167.1818,8.4884,154.9241,8.0164,174.0
1359509,2023-04-25,2,Mumbai Indians,Gujarat Titans,"Narendra Modi Stadium, Ahmedabad",152,163.25,8.4687,207.0,123.0,159.0717,8.258,160.9545,8.2714,159.0717
1359510,2023-04-26,1,Kolkata Knight Riders,Royal Challengers Bengaluru,"M Chinnaswamy Stadium, Bengaluru",200,165.057,8.6957,263.0,82.0,156.086,8.1736,159.6167,8.3202,168.0909
1359510,2023-04-26,2,Royal Challengers Bengaluru,Kolkata Knight Riders,"M Chinnaswamy Stadium, Bengaluru",179,165.057,8.6957,263.0,82.0,157.4802,8.2592,155.2353,8.1219,167.0
1359511,2023-04-27,1,Rajasthan Royals,Chennai Super Kings,"Sawai Mansingh Stadium, Jaipur",202,152.6489,7.9478,197.0,92.0,156.8205,8.0992,155.4123,8.0614,154.7447
1359511,2023-04-27,2,Chennai Super Kings,Rajasthan Royals,"Sawai Mansingh Stadium, Jaipur",170,152.6489,7.9478,197.0,92.0,162.1991,8.3186,157.4308,8.2201,150.6667
1359512,2023-04-28,1,Lucknow Super Giants,Punjab Kings,"Punjab Cricket Association IS Bindra Stadium, Mohali",257,160.681,8.3836,240.0,67.0,169.4091,8.644,160.4541,8.3902,169.4091
1359512,2023-04-28,2,Punjab Kings,Lucknow Super Giants,"Punjab Cricket Association IS Bindra Stadium, Mohali",201,160.681,8.3836,240.0,67.0,159.4128,8.2457,164.9545,8.3504,161.1552
1359513,2023-04-29,1,Kolkata Knight Riders,Gujarat Titans,"Eden Gardens, Kolkata",179,158.6731,8.2652,235.0,49.0,156.2838,8.1818,160.5652,8.2422,159.9315
1359513,2023-04-29,2,Gujarat Titans,Kolkata Knight Riders,"Eden Gardens, Kolkata",180,158.6731,8.2652,235.0,49.0,168.913,8.5694,155.3423,8.1256,168.913
1359514,2023-04-29,1,Sunrisers Hyderabad,Delhi Capitals,"Arun Jaitley Stadium, Delhi",197,159.6364,8.2481,231.0,66.0,156.3571,8.0699,158.991,8.1878,157.2222
1359514,2023-04-29,2,Delhi Capitals,Sunrisers Hyderabad,"Arun Jaitley Stadium, Delhi",188,159.6364,8.2481,231.0,66.0,154.7623,8.0819,157.461,8.0544,158.2319
1359515,2023-04-30,1,Chennai Super Kings,Punjab Kings,"MA Chidambaram Stadium, Chepauk, Chennai",200,156.3214,7.9539,246.0,70.0,162.2358,8.3195,160.895,8.4106,161.9153
1359515,2023-04-30,2,Punjab Kings,Chennai Super Kings,"MA Chidambaram Stadium, Chepauk, Chennai",201,156.3214,7.9539,246.0,70.0,159.6027,8.2544,155.6321,8.071,138.875
1359516,2023-04-30,1,Rajasthan Royals,Mumbai Indians,"Wankhede Stadium, Mumbai",212,162.5841,8.4357,235.0,67.0,157.051,8.1094,155.1429,8.0262,171.8889
1359516,2023-04-30,2,Mumbai Indians,Rajasthan Royals,"Wankhede Stadium, Mumbai",214,162.5841,8.4357,235.0,67.0,159.042,8.2552,157.4949,8.2215,162.7432
1359517,2023-05-01,1,Royal Challengers Bengaluru,Lucknow Super Giants,"Bharat Ratna Shri Atal Bihari Vajpayee Ekana Cricket Stadium, Lucknow",126,145.875,7.518,193.0,121.0,157.5746,8.2622,166.5217,8.4279,157.5746
1359517,2023-05-01,2,Lucknow Super Giants,Royal Challengers Bengaluru,"Bharat Ratna Shri Atal Bihari Vajpayee Ekana Cricket Stadium, Lucknow",108,145.875,7.518,193.0,121.0,173.2174,8.8268,159.7939,8.3276,151.75
1359518,2023-05-02,1,Delhi Capitals,Gujarat Titans,"Narendra Modi Stadium, Ahmedabad",130,164.7273,8.5147,207.0,123.0,154.9107,8.0878,161.3333,8.2717,164.3333
1359518,2023-05-02,2,Gujarat Titans,Delhi Capitals,"Narendra Modi Stadium, Ahmedabad",125,164.7273,8.5147,207.0,123.0,169.375,8.6329,159.1607,8.1952,180.6
1359520,2023-05-03,1,Punjab Kings,Mumbai Indians,"Punjab Cricket Association IS Bindra Stadium, Mohali",214,161.839,8.4363,257.0,67.0,159.7909,8.2625,155.3808,8.037,161.8305
1359520,2023-05-03,2,Mumbai Indians,Punjab Kings,"Punjab Cricket Association IS Bindra Stadium, Mohali",216,161.839,8.4363,257.0,67.0,159.272,8.2666,161.0727,8.4178,153.0
1359521,2023-05-04,1,Kolkata Knight Riders,Sunrisers Hyderabad,"Rajiv Gandhi International Stadium, Uppal, Hyderabad",171,153.9924,7.954,231.0,80.0,156.3857,8.1853,157.6581,8.0631,161.0
1359521,2023-05-04,2,Sunrisers Hyderabad,Kolkata Knight Riders,"Rajiv Gandhi International Stadium, Uppal, Hyderabad",166,153.9924,7.954,231.0,80.0,156.6194,8.0814,155.4529,8.1344,153.5217
1359522,2023-05-05,1,Rajasthan Royals,Gujarat Titans,"Sawai Mansingh Stadium, Jaipur",118,153.3438,7.976,202.0,92.0,157.3299,8.122,160.08,8.2008,155.7292
1359522,2023-05-05,2,Gujarat Titans,Rajasthan Royals,"Sawai Mansingh Stadium, Jaipur",119,153.3438,7.976,202.0,92.0,167.6,8.5376,157.7817,8.2355,167.6
1359523,2023-05-06,1,Mumbai Indians,Chennai Super Kings,"MA Chidambaram Stadium, Chepauk, Chennai",139,156.9437,7.983,246.0,70.0,159.5083,8.2799,155.8451,8.0803,147.9231
1359523,2023-05-06,2,Chennai Super Kings,Mumbai Indians,"MA Chidambaram Stadium, Chepauk, Chennai",140,156.9437,7.983,246.0,70.0,162.4131,8.3274,155.625,8.0481,162.55
1359524,2023-05-06,1,Royal Challengers Bengaluru,Delhi Capitals,"Arun Jaitley Stadium, Delhi",181,160.0577,8.2657,231.0,66.0,157.4367,8.2536,159.0089,8.1865,167.2222
1359524,2023-05-06,2,Delhi Capitals,Royal Challengers Bengaluru,"Arun Jaitley Stadium, Delhi",187,160.0577,8.2657,231.0,66.0,154.8,8.0808,159.5677,8.315,158.6571
1359525,2023-05-07,1,Gujarat Titans,Lucknow Super Giants,"Narendra Modi Stadium, Ahmedabad",227,161.625,8.3364,207.0,123.0,165.7308,8.5401,164.8333,8.3393,171.3333
1359525,2023-05-07,2,Lucknow Super Giants,Gujarat Titans,"Narendra Modi Stadium, Ahmedabad",171,161.625,8.3364,207.0,123.0,170.5,8.6859,158.4615,8.1399,170.5
1359526,2023-05-07,1,Rajasthan Royals,Sunrisers Hyderabad,"Sawai Mansingh Stadium, Jaipur",214,152.6327,7.9685,202.0,92.0,157.1313,8.1144,157.7436,8.0662,154.9592
1359526,2023-05-07,2,Sunrisers Hyderabad,Rajasthan Royals,"Sawai Mansingh Stadium, Jaipur",217,152.6327,7.9685,202.0,92.0,156.6795,8.0828,157.5859,8.2374,151.6667
1359527,2023-05-08,1,Punjab Kings,Kolkata Knight Riders,"Eden Gardens, Kolkata",179,158.9367,8.2811,235.0,49.0,160.0362,8.2735,155.5,8.1352,161.5
1359527,2023-05-08,2,Kolkata Knight Riders,Punjab Kings,"Eden Gardens, Kolkata",182,158.9367,8.2811,235.0,49.0,156.4509,8.1869,161.3213,8.4316,160.1892
1359528,2023-05-09,1,Royal Challengers Bengaluru,Mumbai Indians,"Wankhede Stadium, Mumbai",199,163.0509,8.4575,235.0,67.0,157.5391,8.2571,155.5602,8.0476,169.9375
1359528,2023-05-09,2,Mumbai Indians,Royal Challengers Bengaluru,"Wankhede Stadium, Mumbai",200,163.0509,8.4575,235.0,67.0,159.4232,8.2744,159.687,8.3276,163.4267
1359529,2023-05-10,1,Chennai Super Kings,Delhi Capitals,"MA Chidambaram Stadium, Chepauk, Chennai",167,156.7014,7.9755,246.0,70.0,162.3084,8.3255,159.1062,8.1903,162.1803
1359529,2023-05-10,2,Delhi Capitals,Chennai Super Kings,"MA Chidambaram Stadium, Chepauk, Chennai",140,156.7014,7.9755,246.0,70.0,154.9425,8.0947,155.7664,8.075,137.3
1359530,2023-05-11,1,Kolkata Knight Riders,Rajasthan Royals,"Eden Gardens, Kolkata",149,159.2062,8.2904,235.0,49.0,156.5644,8.191,157.8844,8.2505,160.48
1359530,2023-05-11,2,Rajasthan Royals,Kolkata Knight Riders,"Eden Gardens, Kolkata",151,159.2062,8.2904,235.0,49.0,157.4171,8.1274,155.6044,8.1388,144.2
1359531,2023-05-12,1,Mumbai Indians,Gujarat Titans,"Wankhede Stadium, Mumbai",218,163.3853,8.4811,235.0,67.0,159.5909,8.2903,158.9259,8.1551,163.9079
1359531,2023-05-12,2,Gujarat Titans,Mumbai Indians,"Wankhede Stadium, Mumbai",191,163.3853,8.4811,235.0,67.0,168.0,8.6441,155.7397,8.0554,166.25
1359532,2023-05-13,1,Sunrisers Hyderabad,Lucknow Super Giants,"Rajiv Gandhi International Stadium, Uppal, Hyderabad",182,154.209,7.961,231.0,80.0,157.0637,8.1004,167.32,8.4597,153.7872
1359532,2023-05-13,2,Lucknow Super Giants,Sunrisers Hyderabad,"Rajiv Gandhi International Stadium, Uppal, Hyderabad",185,154.209,7.961,231.0,80.0,170.52,8.6805,158.1019,8.083,170.52
1359533,2023-05-13,1,Punjab Kings,Delhi Capitals,"Arun Jaitley Stadium, Delhi",167,160.3608,8.2894,231.0,66.0,160.1216,8.2766,159.141,8.1911,140.8
1359533,2023-05-13,2,Delhi Capitals,Punjab Kings,"Arun Jaitley Stadium, Delhi",136,160.3608,8.2894,231.0,66.0,154.8767,8.0898,161.4144,8.4346,159.0563
1359534,2023-05-14,1,Royal Challengers Bengaluru,Rajasthan Royals,"Sawai Mansingh Stadium, Jaipur",171,153.89,8.0246,217.0,92.0,157.7186,8.2644,157.84,8.2465,152.4286
1359534,2023-05-14,2,Rajasthan Royals,Royal Challengers Bengaluru,"Sawai Mansingh Stadium, Jaipur",59,153.89,8.0246,217.0,92.0,157.385,8.1441,159.8615,8.344,156.14
1359535,2023-05-14,1,Chennai Super Kings,Kolkata Knight Riders,"MA Chidambaram Stadium, Chepauk, Chennai",144,156.6575,7.9714,246.0,70.0,162.3302,8.3256,155.5841,8.1535,162.2581
1359535,2023-05-14,2,Kolkata Knight Riders,Chennai Super Kings,"MA Chidambaram Stadium, Chepauk, Chennai",147,156.6575,7.9714,246.0,70.0,156.531,8.1877,155.693,8.07,157.6667
1359536,2023-05-15,1,Gujarat Titans,Sunrisers Hyderabad,"Narendra Modi Stadium, Ahmedabad",188,164.5,8.4605,227.0,123.0,168.8214,8.6765,158.2722,8.0924,179.2857
1359536,2023-05-15,2,Sunrisers Hyderabad,Gujarat Titans,"Narendra Modi Stadium, Ahmedabad",154,164.5,8.4605,227.0,123.0,157.2215,8.1068,161.0357,8.2531,157.2215
1359537,2023-05-16,1,Lucknow Super Giants,Mumbai Indians,"Bharat Ratna Shri Atal Bihari Vajpayee Ekana Cricket Stadium, Lucknow",177,140.1,7.1889,193.0,108.0,171.0769,8.7147,155.8848,8.0616,143.0
1359537,2023-05-16,2,Mumbai Indians,Lucknow Super Giants,"Bharat Ratna Shri Atal Bihari Vajpayee Ekana Cricket Stadium, Lucknow",172,140.1,7.1889,193.0,108.0,159.8313,8.3011,167.8846,8.4843,159.8313
1359538,2023-05-17,1,Delhi Capitals,Punjab Kings,"Himachal Pradesh Cricket Association Stadium, Dharamsala",213,160.9444,8.2793,232.0,116.0,154.7939,8.0842,161.3004,8.4273,150.0
1359538,2023-05-17,2,Punjab Kings,Delhi Capitals,"Himachal Pradesh Cricket Association Stadium, Dharamsala",198,160.9444,8.2793,232.0,116.0,160.1525,8.2769,159.1754,8.1917,166.8889
1359539,2023-05-18,1,Sunrisers Hyderabad,Royal Challengers Bengaluru,"Rajiv Gandhi International Stadium, Uppal, Hyderabad",186,154.6397,7.9812,231.0,80.0,157.2013,8.1042,159.4267,8.3323,154.375
1359539,2023-05-18,2,Royal Challengers Bengaluru,Sunrisers Hyderabad,"Rajiv Gandhi International Stadium, Uppal, Hyderabad",187,154.6397,7.9812,231.0,80.0,157.7759,8.2657,158.4591,8.1006,147.8889
1359540,2023-05-19,1,Punjab Kings,Rajasthan Royals,"Himachal Pradesh Cricket Association Stadium, Dharamsala",187,165.4,8.4789,232.0,116.0,160.3214,8.2842,157.9055,8.248,170.0
1359540,2023-05-19,2,Rajasthan Royals,Punjab Kings,"Himachal Pradesh Cricket Association Stadium, Dharamsala",189,165.4,8.4789,232.0,116.0,156.8955,8.1316,161.5312,8.4372,156.8955
1359541,2023-05-20,1,Chennai Super Kings,Delhi Capitals,"Arun Jaitley Stadium, Delhi",223,160.25,8.2804,231.0,66.0,162.2454,8.3204,159.345,8.1992,169.9
1359541,2023-05-20,2,Delhi Capitals,Chennai Super Kings,"Arun Jaitley Stadium, Delhi",146,160.25,8.2804,231.0,66.0,155.048,8.0954,155.6528,8.0695,158.7361
1359542,2023-05-20,1,Lucknow Super Giants,Kolkata Knight Riders,"Eden Gardens, Kolkata",176,159.0926,8.3049,235.0,49.0,171.2963,8.7197,155.533,8.1493,171.2963
1359542,2023-05-20,2,Kolkata Knight Riders,Lucknow Super Giants,"Eden Gardens, Kolkata",175,159.0926,8.3049,235.0,49.0,156.489,8.1866,168.037,8.4886,160.3289
1359543,2023-05-21,1,Sunrisers Hyderabad,Mumbai Indians,"Wankhede Stadium, Mumbai",200,163.7591,8.497,235.0,67.0,157.3812,8.1117,155.9713,8.0648,158.1818
1359543,2023-05-21,2,Mumbai Indians,Sunrisers Hyderabad,"Wankhede Stadium, Mumbai",201,163.7591,8.497,235.0,67.0,159.8811,8.3023,158.6375,8.1105,164.6104
1359544,2023-05-21,1,Royal Challengers Bengaluru,Gujarat Titans,"M Chinnaswamy Stadium, Bengaluru",197,165.3625,8.7054,263.0,82.0,157.9013,8.2717,160.7931,8.2341,167.1558
1359544,2023-05-21,2,Gujarat Titans,Royal Challengers Bengaluru,"M Chinnaswamy Stadium, Bengaluru",198,165.3625,8.7054,263.0,82.0,169.4828,8.7014,159.5408,8.3364,169.4828
1370350,2023-05-23,1,Chennai Super Kings,Gujarat Titans,"MA Chidambaram Stadium, Chepauk, Chennai",172,156.5068,7.966,246.0,70.0,162.5253,8.3334,162.0,8.2879,161.9683
1370350,2023-05-23,2,Gujarat Titans,Chennai Super Kings,"MA Chidambaram Stadium, Chepauk, Chennai",157,156.5068,7.966,246.0,70.0,170.4333,8.7557,155.6083,8.0659,170.4333
1370351,2023-05-24,1,Mumbai Indians,Lucknow Super Giants,"MA Chidambaram Stadium, Chepauk, Chennai",182,156.6133,7.9694,246.0,70.0,160.049,8.314,168.2857,8.498,147.2857
1370351,2023-05-24,2,Lucknow Super Giants,Mumbai Indians,"MA Chidambaram Stadium, Chepauk, Chennai",101,156.6133,7.9694,246.0,70.0,171.4643,8.7226,156.151,8.0727,171.4643
1370352,2023-05-26,1,Gujarat Titans,Mumbai Indians,"Narendra Modi Stadium, Ahmedabad",233,164.9643,8.4669,227.0,123.0,170.0,8.7265,155.9268,8.0648,180.375
1370352,2023-05-26,2,Mumbai Indians,Gujarat Titans,"Narendra Modi Stadium, Ahmedabad",171,164.9643,8.4669,227.0,123.0,160.1382,8.3172,162.3226,8.298,160.1382
1422119,2024-03-22,1,Royal Challengers Bengaluru,Chennai Super Kings,"MA Chidambaram Stadium, Chepauk, Chennai",173,156.4145,7.9647,246.0,70.0,158.0684,8.2784,155.6147,8.0649,154.8333
1422119,2024-03-22,2,Chennai Super Kings,Royal Challengers Bengaluru,"MA Chidambaram Stadium, Chepauk, Chennai",176,156.4145,7.9647,246.0,70.0,162.5688,8.3347,159.7051,8.345,162.125
1422120,2024-03-23,1,Delhi Capitals,Punjab Kings,"Maharaja Yadavindra Singh International Cricket Stadium, New Chandigarh",174,158.1607,8.207,263.0,49.0,155.0087,8.0919,161.6533,8.4424,155.0087
1422120,2024-03-23,2,Punjab Kings,Delhi Capitals,"Maharaja Yadavindra Singh International Cricket Stadium, New Chandigarh",177,158.1607,8.207,263.0,49.0,160.44,8.2889,159.6217,8.212,160.44
1422121,2024-03-23,1,Kolkata Knight Riders,Sunrisers Hyderabad,"Eden Gardens, Kolkata",208,159.2927,8.3106,235.0,49.0,156.5702,8.1891,158.9006,8.1294,160.5195
1422121,2024-03-23,2,Sunrisers Hyderabad,Kolkata Knight Riders,"Eden Gardens, Kolkata",204,159.2927,8.3106,235.0,49.0,157.646,8.1234,155.6228,8.1522,161.1111
1422122,2024-03-24,1,Rajasthan Royals,Lucknow Super Giants,"Sawai Mansingh Stadium, Jaipur",193,153.1275,8.0062,217.0,59.0,157.0545,8.1389,168.7586,8.5187,154.2353
1422122,2024-03-24,2,Lucknow Super Giants,Rajasthan Royals,"Sawai Mansingh Stadium, Jaipur",173,153.1275,8.0062,217.0,59.0,169.0345,8.6328,158.0495,8.2535,169.0345
1422123,2024-03-24,1,Gujarat Titans,Mumbai Indians,"Narendra Modi Stadium, Ahmedabad",168,167.4333,8.6017,233.0,123.0,171.9688,8.8179,156.2389,8.0793,186.2222
1422123,2024-03-24,2,Mumbai Indians,Gujarat Titans,"Narendra Modi Stadium, Ahmedabad",162,167.4333,8.6017,233.0,123.0,160.1822,8.3213,162.5938,8.3302,160.1822
1422124,2024-03-25,1,Punjab Kings,Royal Challengers Bengaluru,"M Chinnaswamy Stadium, Bengaluru",176,165.7593,8.7225,263.0,82.0,160.5133,8.2927,159.7745,8.3496,159.2727
1422124,2024-03-25,2,Royal Challengers Bengaluru,Punjab Kings,"M Chinnaswamy Stadium, Bengaluru",178,165.7593,8.7225,263.0,82.0,158.1319,8.28,161.708,8.4436,167.5385
1422125,2024-03-26,1,Chennai Super Kings,Gujarat Titans,"MA Chidambaram Stadium, Chepauk, Chennai",206,156.6494,7.9787,246.0,70.0,162.6301,8.3396,162.5758,8.3232,162.3385
1422125,2024-03-26,2,Gujarat Titans,Chennai Super Kings,"MA Chidambaram Stadium, Chepauk, Chennai",143,156.6494,7.9787,246.0,70.0,171.8485,8.8052,155.6941,8.0676,171.8485
1422126,2024-03-27,1,Sunrisers Hyderabad,Mumbai Indians,"Rajiv Gandhi International Stadium, Uppal, Hyderabad",277,155.1014,8.003,231.0,80.0,157.9321,8.1362,156.2863,8.0806,155.0204
1422126,2024-03-27,2,Mumbai Indians,Sunrisers Hyderabad,"Rajiv Gandhi International Stadium, Uppal, Hyderabad",246,155.1014,8.003,231.0,80.0,160.1895,8.3204,159.2037,8.1435,148.8333
1422127,2024-03-28,1,Rajasthan Royals,Delhi Capitals,"Sawai Mansingh Stadium, Jaipur",185,153.7019,8.0282,217.0,59.0,157.2315,8.1463,159.697,8.2161,154.9808
1422127,2024-03-28,2,Delhi Capitals,Rajasthan Royals,"Sawai Mansingh Stadium, Jaipur",173,153.7019,8.0282,217.0,59.0,155.0909,8.0946,158.1232,8.2554,159.6
1422128,2024-03-29,1,Royal Challengers Bengaluru,Kolkata Knight Riders,"M Chinnaswamy Stadium, Bengaluru",182,165.8963,8.7259,263.0,82.0,158.2161,8.284,155.8341,8.1611,167.6709
1422128,2024-03-29,2,Kolkata Knight Riders,Royal Challengers Bengaluru,"M Chinnaswamy Stadium, Bengaluru",186,165.8963,8.7259,263.0,82.0,156.7948,8.1987,159.8432,8.3515,170.75
1422129,2024-03-30,1,Lucknow Super Giants,Punjab Kings,"Bharat Ratna Shri Atal Bihari Vajpayee Ekana Cricket Stadium, Lucknow",199,145.8333,7.4449,193.0,108.0,169.1667,8.6334,161.7797,8.4469,148.6667
1422129,2024-03-30,2,Punjab Kings,Lucknow Super Giants,"Bharat Ratna Shri Atal Bihari Vajpayee Ekana Cricket Stadium, Lucknow",178,145.8333,7.4449,193.0,108.0,160.5815,8.295,169.5667,8.5564,160.5815
1422130,2024-03-31,1,Sunrisers Hyderabad,Gujarat Titans,"Narendra Modi Stadium, Ahmedabad",162,167.2812,8.5797,233.0,123.0,158.6626,8.1713,163.8529,8.3813,158.6626
1422130,2024-03-31,2,Gujarat Titans,Sunrisers Hyderabad,"Narendra Modi Stadium, Ahmedabad",168,167.2812,8.5797,233.0,123.0,171.0,8.7565,159.7362,8.169,184.4
1422131,2024-03-31,1,Delhi Capitals,Chennai Super Kings,"Dr. Y.S. Rajasekhara Reddy ACA-VDCA Cricket Stadium, Visakhapatnam",191,148.7273,7.61,206.0,92.0,155.1681,8.0969,155.6364,8.0634,151.25
1422131,2024-03-31,2,Chennai Super Kings,Delhi Capitals,"Dr. Y.S. Rajasekhara Reddy ACA-VDCA Cricket Stadium, Visakhapatnam",171,148.7273,7.61,206.0,92.0,162.8273,8.3486,159.806,8.2206,162.8273
1422132,2024-04-01,1,Mumbai Indians,Rajasthan Royals,"Wankhede Stadium, Mumbai",125,164.0901,8.5158,235.0,67.0,160.5341,8.3364,158.1961,8.2573,165.0769
1422132,2024-04-01,2,Rajasthan Royals,Mumbai Indians,"Wankhede Stadium, Mumbai",127,164.0901,8.5158,235.0,67.0,157.3676,8.1517,156.7711,8.1038,174.0
1422133,2024-04-02,1,Lucknow Super Giants,Royal Challengers Bengaluru,"M Chinnaswamy Stadium, Bengaluru",181,166.1145,8.7422,263.0,82.0,170.129,8.6759,159.9536,8.3629,170.129
1422133,2024-04-02,2,Royal Challengers Bengaluru,Lucknow Super Giants,"M Chinnaswamy Stadium, Bengaluru",153,166.1145,8.7422,263.0,82.0,158.3165,8.2874,169.8387,8.5675,167.85
1422134,2024-04-03,1,Kolkata Knight Riders,Delhi Capitals,"Dr. Y.S. Rajasekhara Reddy ACA-VDCA Cricket Stadium, Visakhapatnam",272,151.4167,7.73,206.0,92.0,156.9217,8.2111,159.8541,8.222,156.9217
1422134,2024-04-03,2,Delhi Capitals,Kolkata Knight Riders,"Dr. Y.S. Rajasekhara Reddy ACA-VDCA Cricket Stadium, Visakhapatnam",166,151.4167,7.73,206.0,92.0,155.3219,8.1032,155.9478,8.1652,159.2
1422135,2024-04-04,1,Gujarat Titans,Punjab Kings,"Narendra Modi Stadium, Ahmedabad",199,167.1471,8.5711,233.0,123.0,170.9143,8.7568,161.943,8.4535,182.9091
1422135,2024-04-04,2,Punjab Kings,Gujarat Titans,"Narendra Modi Stadium, Ahmedabad",200,167.1471,8.5711,233.0,123.0,160.6579,8.2976,163.8,8.3733,156.0
1422136,2024-04-05,1,Chennai Super Kings,Sunrisers Hyderabad,"Rajiv Gandhi International Stadium, Uppal, Hyderabad",165,156.6214,8.0755,277.0,80.0,162.8643,8.3495,159.7866,8.1726,167.1667
1422136,2024-04-05,2,Sunrisers Hyderabad,Chennai Super Kings,"Rajiv Gandhi International Stadium, Uppal, Hyderabad",166,156.6214,8.0755,277.0,80.0,158.6829,8.1708,155.7964,8.0701,157.46
1422137,2024-04-06,1,Royal Challengers Bengaluru,Rajasthan Royals,"Sawai Mansingh Stadium, Jaipur",183,154.1792,8.0456,217.0,59.0,158.2941,8.2853,158.0341,8.2476,154.75
1422137,2024-04-06,2,Rajasthan Royals,Royal Challengers Bengaluru,"Sawai Mansingh Stadium, Jaipur",189,154.1792,8.0456,217.0,59.0,157.2195,8.1519,160.042,8.3657,155.5472
1422138,2024-04-07,1,Mumbai Indians,Delhi Capitals,"Wankhede Stadium, Mumbai",234,163.75,8.5042,235.0,67.0,160.392,8.328,160.3333,8.245,164.5696
1422138,2024-04-07,2,Delhi Capitals,Mumbai Indians,"Wankhede Stadium, Mumbai",205,163.75,8.5042,235.0,67.0,155.3675,8.1095,156.652,8.1041,161.7647
1422139,2024-04-07,1,Lucknow Super Giants,Gujarat Titans,"Bharat Ratna Shri Atal Bihari Vajpayee Ekana Cricket Stadium, Lucknow",163,151.9286,7.7278,199.0,108.0,170.4688,8.6876,164.8056,8.4208,155.8571
1422139,2024-04-07,2,Gujarat Titans,Lucknow Super Giants,"Bharat Ratna Shri Atal Bihari Vajpayee Ekana Cricket Stadium, Lucknow",130,151.9286,7.7278,199.0,108.0,171.6944,8.7899,169.3125,8.5429,171.6944
1426260,2024-04-08,1,Kolkata Knight Riders,Chennai Super Kings,"MA Chidambaram Stadium, Chepauk, Chennai",137,156.8782,7.9882,246.0,70.0,157.4199,8.2345,155.8423,8.075,156.8462
1426260,2024-04-08,2,Chennai Super Kings,Kolkata Knight Riders,"MA Chidambaram Stadium, Chepauk, Chennai",141,156.8782,7.9882,246.0,70.0,162.8739,8.349,155.9913,8.1713,163.0
1426261,2024-04-09,1,Sunrisers Hyderabad,Punjab Kings,"Maharaja Yadavindra Singh International Cricket Stadium, New Chandigarh",182,175.5,8.9276,177.0,174.0,158.7273,8.1767,162.1048,8.4601,158.7273
1426261,2024-04-09,2,Punjab Kings,Sunrisers Hyderabad,"Maharaja Yadavindra Singh International Cricket Stadium, New Chandigarh",180,175.5,8.9276,177.0,174.0,160.8297,8.3054,159.8182,8.1731,160.8297
1426262,2024-04-10,1,Rajasthan Royals,Gujarat Titans,"Sawai Mansingh Stadium, Jaipur",196,154.7685,8.0726,217.0,59.0,157.3738,8.1602,164.7568,8.4135,156.1667
1426262,2024-04-10,2,Gujarat Titans,Rajasthan Royals,"Sawai Mansingh Stadium, Jaipur",199,154.7685,8.0726,217.0,59.0,170.5676,8.7389,158.1553,8.2519,170.5676
1426263,2024-04-11,1,Royal Challengers Bengaluru,Mumbai Indians,"Wankhede Stadium, Mumbai",196,164.2434,8.5261,235.0,67.0,158.3975,8.2889,156.8446,8.1127,171.6471
1426263,2024-04-11,2,Mumbai Indians,Royal Challengers Bengaluru,"Wankhede Stadium, Mumbai",199,164.2434,8.5261,235.0,67.0,160.6853,8.3414,160.1632,8.372,165.4375
1426264,2024-04-12,1,Lucknow Super Giants,Delhi Capitals,"Bharat Ratna Shri Atal Bihari Vajpayee Ekana Cricket Stadium, Lucknow",167,151.25,7.7026,199.0,108.0,170.2424,8.6713,160.6468,8.2597,156.75
1426264,2024-04-12,2,Delhi Capitals,Lucknow Super Giants,"Bharat Ratna Shri Atal Bihari Vajpayee Ekana Cricket Stadium, Lucknow",170,151.25,7.7026,199.0,108.0,155.5787,8.1186,168.1212,8.4932,155.5787
1426265,2024-04-13,1,Punjab Kings,Rajasthan Royals,"Maharaja Yadavindra Singh International Cricket Stadium, New Chandigarh",147,178.25,8.9888,182.0,174.0,160.913,8.3084,158.3527,8.2601,160.913
1426265,2024-04-13,2,Rajasthan Royals,Punjab Kings,"Maharaja Yadavindra Singh International Cricket Stadium, New Chandigarh",152,178.25,8.9888,182.0,174.0,157.5604,8.1682,162.1913,8.4628,157.5604
1426266,2024-04-14,1,Lucknow Super Giants,Kolkata Knight Riders,"Eden Gardens, Kolkata",161,159.8554,8.3346,235.0,49.0,170.1471,8.6618,155.9267,8.1705,170.1471
1426266,2024-04-14,2,Kolkata Knight Riders,Lucknow Super Giants,"Eden Gardens, Kolkata",162,159.8554,8.3346,235.0,49.0,157.3319,8.2285,168.1765,8.5186,161.1282
1426267,2024-04-14,1,Chennai Super Kings,Mumbai Indians,"Wankhede Stadium, Mumbai",206,164.5351,8.5506,235.0,67.0,162.7758,8.3474,157.0,8.1194,157.625
1426267,2024-04-14,2,Mumbai Indians,Chennai Super Kings,"Wankhede Stadium, Mumbai",186,164.5351,8.5506,235.0,67.0,160.8373,8.3593,155.7578,8.0695,165.8519
1426268,2024-04-15,1,Sunrisers Hyderabad,Royal Challengers Bengaluru,"M Chinnaswamy Stadium, Bengaluru",287,166.125,8.7383,263.0,82.0,158.8675,8.1823,160.325,8.3906,179.5714
1426268,2024-04-15,2,Royal Challengers Bengaluru,Sunrisers Hyderabad,"M Chinnaswamy Stadium, Bengaluru",262,166.125,8.7383,263.0,82.0,158.5542,8.2952,159.9398,8.178,167.6667
1426269,2024-04-16,1,Kolkata Knight Riders,Rajasthan Royals,"Eden Gardens, Kolkata",223,159.875,8.3448,235.0,49.0,157.3519,8.2376,158.2981,8.2558,161.1392
1426269,2024-04-16,2,Rajasthan Royals,Kolkata Knight Riders,"Eden Gardens, Kolkata",224,159.875,8.3448,235.0,49.0,157.5337,8.1657,155.9485,8.17,144.8182
1426270,2024-04-17,1,Gujarat Titans,Delhi Capitals,"Narendra Modi Stadium, Ahmedabad",89,168.9444,8.6514,233.0,123.0,171.3158,8.7708,160.6737,8.2601,184.25
1426270,2024-04-17,2,Delhi Capitals,Gujarat Titans,"Narendra Modi Stadium, Ahmedabad",92,168.9444,8.6514,233.0,123.0,155.6398,8.1238,165.5789,8.45,155.75
1426271,2024-04-18,1,Mumbai Indians,Punjab Kings,"Maharaja Yadavindra Singh International Cricket Stadium, New Chandigarh",192,168.6667,8.4948,182.0,147.0,160.9368,8.363,162.1472,8.4594,160.9368
1426271,2024-04-18,2,Punjab Kings,Mumbai Indians,"Maharaja Yadavindra Singh International Cricket Stadium, New Chandigarh",183,168.6667,8.4948,182.0,147.0,160.8528,8.3043,157.1937,8.128,168.0
1426272,2024-04-19,1,Chennai Super Kings,Lucknow Super Giants,"Bharat Ratna Shri Atal Bihari Vajpayee Ekana Cricket Stadium, Lucknow",176,153.1667,7.8305,199.0,108.0,162.9688,8.3561,168.0,8.5707,162.9688
1426272,2024-04-19,2,Lucknow Super Giants,Chennai Super Kings,"Bharat Ratna Shri Atal Bihari Vajpayee Ekana Cricket Stadium, Lucknow",180,153.1667,7.8305,199.0,108.0,169.8857,8.6444,155.8929,8.075,157.8889
1426273,2024-04-20,1,Sunrisers Hyderabad,Delhi Capitals,"Arun Jaitley Stadium, Delhi",266,160.5494,8.2921,231.0,66.0,159.6347,8.2192,160.3713,8.2467,161.2
1426273,2024-04-20,2,Delhi Capitals,Sunrisers Hyderabad,"Arun Jaitley Stadium, Delhi",199,160.5494,8.2921,231.0,66.0,155.3713,8.1335,160.5509,8.2075,158.5616
1426274,2024-04-21,1,Kolkata Knight Riders,Royal Challengers Bengaluru,"Eden Gardens, Kolkata",222,160.6235,8.3781,235.0,49.0,157.6325,8.25,160.8506,8.4153,161.9125
1426274,2024-04-21,2,Royal Challengers Bengaluru,Kolkata Knight Riders,"Eden Gardens, Kolkata",221,160.6235,8.3781,235.0,49.0,158.9834,8.3151,156.2393,8.1829,156.25
1426275,2024-04-21,1,Punjab Kings,Gujarat Titans,"Maharaja Yadavindra Singh International Cricket Stadium, New Chandigarh",142,173.375,8.7646,192.0,147.0,160.9483,8.3097,163.6923,8.5004,171.75
1426275,2024-04-21,2,Gujarat Titans,Punjab Kings,"Maharaja Yadavindra Singh International Cricket Stadium, New Chandigarh",146,173.375,8.7646,192.0,147.0,169.2051,8.6763,162.2759,8.4643,169.2051
1426276,2024-04-22,1,Mumbai Indians,Rajasthan Royals,"Sawai Mansingh Stadium, Jaipur",179,155.5455,8.1054,217.0,59.0,161.0591,8.3679,158.6077,8.2696,142.2857
1426276,2024-04-22,2,Rajasthan Royals,Mumbai Indians,"Sawai Mansingh Stadium, Jaipur",183,155.5455,8.1054,217.0,59.0,157.8517,8.1803,157.2953,8.1336,156.8909
1426277,2024-04-23,1,Chennai Super Kings,Lucknow Super Giants,"MA Chidambaram Stadium, Chepauk, Chennai",210,156.6519,7.981,246.0,70.0,163.0267,8.3581,168.2222,8.577,162.6716
1426277,2024-04-23,2,Lucknow Super Giants,Chennai Super Kings,"MA Chidambaram Stadium, Chepauk, Chennai",213,156.6519,7.981,246.0,70.0,170.1667,8.6674,156.0,8.0812,170.1667
1426278,2024-04-24,1,Delhi Capitals,Gujarat Titans,"Arun Jaitley Stadium, Delhi",224,161.4268,8.3354,266.0,66.0,155.5546,8.143,163.15,8.4654,159.1081
1426278,2024-04-24,2,Gujarat Titans,Delhi Capitals,"Arun Jaitley Stadium, Delhi",220,161.4268,8.3354,266.0,66.0,168.625,8.6498,160.8151,8.2679,168.625
1426279,2024-04-25,1,Royal Challengers Bengaluru,Sunrisers Hyderabad,"Rajiv Gandhi International Stadium, Uppal, Hyderabad",206,156.7465,8.0842,277.0,80.0,159.2397,8.3264,160.7798,8.2205,151.8
1426279,2024-04-25,2,Sunrisers Hyderabad,Royal Challengers Bengaluru,"Rajiv Gandhi International Stadium, Uppal, Hyderabad",171,156.7465,8.0842,277.0,80.0,160.2679,8.2494,161.1033,8.4264,157.6275
1426280,2024-04-26,1,Kolkata Knight Riders,Punjab Kings,"Eden Gardens, Kolkata",261,161.3314,8.4095,235.0,49.0,157.9064,8.2621,162.206,8.4607,162.6543
1426280,2024-04-26,2,Punjab Kings,Kolkata Knight Riders,"Eden Gardens, Kolkata",262,161.3314,8.4095,235.0,49.0,160.867,8.3045,156.5149,8.1951,163.0909
1426281,2024-04-27,1,Delhi Capitals,Mumbai Indians,"Arun Jaitley Stadium, Delhi",257,162.1566,8.3687,266.0,66.0,155.841,8.1557,157.3961,8.1401,159.9733
1426281,2024-04-27,2,Mumbai Indians,Delhi Capitals,"Arun Jaitley Stadium, Delhi",247,162.1566,8.3687,266.0,66.0,161.1294,8.3702,161.0628,8.2793,170.1429
1426282,2024-04-27,1,Lucknow Super Giants,Rajasthan Royals,"Bharat Ratna Shri Atal Bihari Vajpayee Ekana Cricket Stadium, Lucknow",196,155.65,7.9612,199.0,108.0,171.3243,8.7284,158.7048,8.2729,160.1
1426282,2024-04-27,2,Rajasthan Royals,Lucknow Super Giants,"Bharat Ratna Shri Atal Bihari Vajpayee Ekana Cricket Stadium, Lucknow",199,155.65,7.9612,199.0,108.0,157.9714,8.188,169.3514,8.629,157.9714
1426283,2024-04-28,1,Gujarat Titans,Royal Challengers Bengaluru,"Narendra Modi Stadium, Ahmedabad",200,164.8158,8.604,233.0,89.0,169.878,8.7071,161.144,8.4269,176.9231
1426283,2024-04-28,2,Royal Challengers Bengaluru,Gujarat Titans,"Narendra Modi Stadium, Ahmedabad",206,164.8158,8.604,233.0,89.0,159.4321,8.3345,164.6341,8.5321,157.6667
1426284,2024-04-28,1,Chennai Super Kings,Sunrisers Hyderabad,"MA Chidambaram Stadium, Chepauk, Chennai",212,157.3375,8.0151,246.0,70.0,163.2345,8.3675,161.0473,8.2328,163.3676
1426284,2024-04-28,2,Sunrisers Hyderabad,Chennai Super Kings,"MA Chidambaram Stadium, Chepauk, Chennai",134,157.3375,8.0151,246.0,70.0,160.3314,8.2512,156.2522,8.0937,152.1111
1426285,2024-04-29,1,Delhi Capitals,Kolkata Knight Riders,"Eden Gardens, Kolkata",153,162.4828,8.4685,262.0,49.0,156.2625,8.1753,156.9619,8.2199,136.6667
1426285,2024-04-29,2,Kolkata Knight Riders,Delhi Capitals,"Eden Gardens, Kolkata",157,162.4828,8.4685,262.0,49.0,158.3432,8.2824,161.4208,8.2963,163.8537
1426286,2024-04-30,1,Mumbai Indians,Lucknow Super Giants,"Bharat Ratna Shri Atal Bihari Vajpayee Ekana Cricket Stadium, Lucknow",144,159.4545,8.159,199.0,108.0,161.4648,8.3857,170.1316,8.6776,161.4648
1426286,2024-04-30,2,Lucknow Super Giants,Mumbai Indians,"Bharat Ratna Shri Atal Bihari Vajpayee Ekana Cricket Stadium, Lucknow",145,159.4545,8.159,199.0,108.0,171.9737,8.7566,157.7852,8.1585,163.3636
1426287,2024-05-01,1,Chennai Super Kings,Punjab Kings,"MA Chidambaram Stadium, Chepauk, Chennai",162,157.5309,8.0255,246.0,70.0,163.4493,8.3774,162.6282,8.4803,164.0725
1426287,2024-05-01,2,Punjab Kings,Chennai Super Kings,"MA Chidambaram Stadium, Chepauk, Chennai",163,157.5309,8.0255,246.0,70.0,161.2991,8.329,156.1542,8.0894,145.7778
1426288,2024-05-02,1,Sunrisers Hyderabad,Rajasthan Royals,"Rajiv Gandhi International Stadium, Uppal, Hyderabad",201,157.1875,8.1028,277.0,80.0,160.1765,8.2445,158.8815,8.2801,157.8846
1426288,2024-05-02,2,Rajasthan Royals,Sunrisers Hyderabad,"Rajiv Gandhi International Stadium, Uppal, Hyderabad",200,157.1875,8.1028,277.0,80.0,158.1659,8.1988,161.3471,8.2467,160.4286
1426289,2024-05-03,1,Kolkata Knight Riders,Mumbai Indians,"Wankhede Stadium, Mumbai",169,164.8087,8.5615,235.0,67.0,158.3376,8.2876,157.7354,8.156,148.5
1426289,2024-05-03,2,Mumbai Indians,Kolkata Knight Riders,"Wankhede Stadium, Mumbai",145,164.8087,8.5615,235.0,67.0,161.3969,8.3811,156.9451,8.2175,166.0976
1426290,2024-05-04,1,Gujarat Titans,Royal Challengers Bengaluru,"M Chinnaswamy Stadium, Bengaluru",147,167.4,8.797,287.0,82.0,170.5952,8.7379,161.3033,8.4334,170.5952
1426290,2024-05-04,2,Royal Challengers Bengaluru,Gujarat Titans,"M Chinnaswamy Stadium, Bengaluru",152,167.4,8.797,287.0,82.0,159.623,8.3531,165.619,8.6355,168.8171
1426291,2024-05-05,1,Chennai Super Kings,Punjab Kings,"Himachal Pradesh Cricket Association Stadium, Dharamsala",167,167.4545,8.5699,232.0,116.0,163.443,8.3762,162.6255,8.4787,163.443
1426291,2024-05-05,2,Punjab Kings,Chennai Super Kings,"Himachal Pradesh Cricket Association Stadium, Dharamsala",139,167.4545,8.5699,232.0,116.0,161.3064,8.3324,156.1842,8.094,171.5455
1426292,2024-05-05,1,Kolkata Knight Riders,Lucknow Super Giants,"Bharat Ratna Shri Atal Bihari Vajpayee Ekana Cricket Stadium, Lucknow",235,158.2083,8.0915,199.0,108.0,158.3824,8.2886,169.4615,8.6397,158.3824
1426292,2024-05-05,2,Lucknow Super Giants,Kolkata Knight Riders,"Bharat Ratna Shri Atal Bihari Vajpayee Ekana Cricket Stadium, Lucknow",137,158.2083,8.0915,199.0,108.0,171.2821,8.7243,156.895,8.2153,161.8333
1426293,2024-05-06,1,Sunrisers Hyderabad,Mumbai Indians,"Wankhede Stadium, Mumbai",173,164.7414,8.5576,235.0,67.0,160.4152,8.2551,157.7791,8.1574,161.6667
1426293,2024-05-06,2,Mumbai Indians,Sunrisers Hyderabad,"Wankhede Stadium, Mumbai",174,164.7414,8.5576,235.0,67.0,161.3333,8.3784,161.5731,8.2569,165.8434
1426294,2024-05-07,1,Delhi Capitals,Rajasthan Royals,"Arun Jaitley Stadium, Delhi",221,163.2262,8.4191,266.0,66.0,156.249,8.1731,159.0802,8.2884,161.25
1426294,2024-05-07,2,Rajasthan Royals,Delhi Capitals,"Arun Jaitley Stadium, Delhi",201,163.2262,8.4191,266.0,66.0,158.3632,8.2073,161.4025,8.3013,154.9
1426295,2024-05-08,1,Lucknow Super Giants,Sunrisers Hyderabad,"Rajiv Gandhi International Stadium, Uppal, Hyderabad",165,157.7808,8.1292,277.0,80.0,170.425,8.7181,161.6453,8.2673,170.425
1426295,2024-05-08,2,Sunrisers Hyderabad,Lucknow Super Giants,"Rajiv Gandhi International Stadium, Uppal, Hyderabad",167,157.7808,8.1292,277.0,80.0,160.4884,8.2574,171.1,8.7174,158.6981
1426296,2024-05-09,1,Royal Challengers Bengaluru,Punjab Kings,"Himachal Pradesh Cricket Association Stadium, Dharamsala",241,166.25,8.4933,232.0,116.0,159.5918,8.3644,162.6441,8.4781,159.5918
1426296,2024-05-09,2,Punjab Kings,Royal Challengers Bengaluru,"Himachal Pradesh Cricket Association Stadium, Dharamsala",181,166.25,8.4933,232.0,116.0,161.2119,8.3266,161.2449,8.4297,168.8333
1426297,2024-05-10,1,Gujarat Titans,Chennai Super Kings,"Narendra Modi Stadium, Ahmedabad",231,166.725,8.7456,233.0,89.0,170.0465,8.71,156.1092,8.089,178.5714
1426297,2024-05-10,2,Chennai Super Kings,Gujarat Titans,"Narendra Modi Stadium, Ahmedabad",196,166.725,8.7456,233.0,89.0,163.4585,8.376,165.3023,8.6933,163.4585
1426298,2024-05-11,1,Kolkata Knight Riders,Mumbai Indians,"Eden Gardens, Kolkata",157,162.3977,8.4698,262.0,49.0,158.7029,8.3031,157.8378,8.1593,163.7711
1426298,2024-05-11,2,Mumbai Indians,Kolkata Knight Riders,"Eden Gardens, Kolkata",139,162.3977,8.4698,262.0,49.0,161.3822,8.3849,156.8117,8.2164,173.0
1426299,2024-05-12,1,Rajasthan Royals,Chennai Super Kings,"MA Chidambaram Stadium, Chepauk, Chennai",141,157.5915,8.0328,246.0,70.0,158.5634,8.216,156.4348,8.1041,174.875
1426299,2024-05-12,2,Chennai Super Kings,Rajasthan Royals,"MA Chidambaram Stadium, Chepauk, Chennai",145,157.5915,8.0328,246.0,70.0,163.6,8.3822,159.3709,8.3014,164.0429
1426300,2024-05-12,1,Royal Challengers Bengaluru,Delhi Capitals,"M Chinnaswamy Stadium, Bengaluru",187,167.1919,8.8032,287.0,82.0,159.9228,8.3794,161.5661,8.3086,168.6145
1426300,2024-05-12,2,Delhi Capitals,Royal Challengers Bengaluru,"M Chinnaswamy Stadium, Bengaluru",140,167.1919,8.8032,287.0,82.0,156.5165,8.185,161.3252,8.4388,161.1
1426302,2024-05-14,1,Delhi Capitals,Lucknow Super Giants,"Arun Jaitley Stadium, Delhi",208,163.7882,8.4441,266.0,66.0,156.4486,8.1814,171.0,8.9262,162.026
1426302,2024-05-14,2,Lucknow Super Giants,Delhi Capitals,"Arun Jaitley Stadium, Delhi",189,163.7882,8.4441,266.0,66.0,170.2927,8.7067,161.6708,8.3129,170.2927
1426303,2024-05-15,1,Rajasthan Royals,Punjab Kings,"Barsapara Cricket Stadium, Guwahati",144,182.5,9.125,199.0,142.0,158.4813,8.2105,162.9747,8.4932,158.4813
1426303,2024-05-15,2,Punjab Kings,Rajasthan Royals,"Barsapara Cricket Stadium, Guwahati",145,182.5,9.125,199.0,142.0,161.2954,8.3363,159.3037,8.2996,161.2954
1426305,2024-05-17,1,Lucknow Super Giants,Mumbai Indians,"Wankhede Stadium, Mumbai",214,164.8162,8.5643,235.0,67.0,170.7381,8.7244,157.8346,8.1656,170.75
1426305,2024-05-17,2,Mumbai Indians,Lucknow Super Giants,"Wankhede Stadium, Mumbai",196,164.8162,8.5643,235.0,67.0,161.2962,8.386,171.881,8.9613,165.9405
1426306,2024-05-18,1,Royal Challengers Bengaluru,Chennai Super Kings,"M Chinnaswamy Stadium, Bengaluru",218,167.1494,8.7977,287.0,82.0,160.0324,8.3834,156.368,8.0995,168.8333
1426306,2024-05-18,2,Chennai Super Kings,Royal Challengers Bengaluru,"M Chinnaswamy Stadium, Bengaluru",191,167.1494,8.7977,287.0,82.0,163.5195,8.3802,161.2389,8.4342,164.4
1426307,2024-05-19,1,Punjab Kings,Sunrisers Hyderabad,"Rajiv Gandhi International Stadium, Uppal, Hyderabad",214,157.8919,8.1918,277.0,80.0,161.2269,8.3337,161.6647,8.2672,158.4545
1426307,2024-05-19,2,Sunrisers Hyderabad,Punjab Kings,"Rajiv Gandhi International Stadium, Uppal, Hyderabad",215,157.8919,8.1918,277.0,80.0,160.526,8.3095,162.895,8.4878,158.8519
1426309,2024-05-21,1,Sunrisers Hyderabad,Kolkata Knight Riders,"Narendra Modi Stadium, Ahmedabad",159,168.9524,8.8375,233.0,89.0,160.8391,8.3262,156.7375,8.2183,160.8391
1426309,2024-05-21,2,Kolkata Knight Riders,Sunrisers Hyderabad,"Narendra Modi Stadium, Ahmedabad",164,168.9524,8.8375,233.0,89.0,158.6958,8.3094,161.9655,8.2812,162.3333
1426310,2024-05-22,1,Royal Challengers Bengaluru,Rajasthan Royals,"Narendra Modi Stadium, Ahmedabad",172,168.6136,8.8939,233.0,89.0,160.2661,8.3935,159.2372,8.2968,169.75
1426310,2024-05-22,2,Rajasthan Royals,Royal Challengers Bengaluru,"Narendra Modi Stadium, Ahmedabad",174,168.6136,8.8939,233.0,89.0,158.414,8.2058,161.3589,8.4387,156.6667
1426311,2024-05-24,1,Sunrisers Hyderabad,Rajasthan Royals,"MA Chidambaram Stadium, Chepauk, Chennai",175,157.4157,8.0261,246.0,70.0,160.8286,8.3253,159.2963,8.2982,150.3
1426311,2024-05-24,2,Rajasthan Royals,Sunrisers Hyderabad,"MA Chidambaram Stadium, Chepauk, Chennai",139,157.4157,8.0261,246.0,70.0,158.4861,8.2102,161.9771,8.3024,171.1111
1426312,2024-05-26,1,Sunrisers Hyderabad,Kolkata Knight Riders,"MA Chidambaram Stadium, Chepauk, Chennai",113,157.4107,8.024,246.0,70.0,160.9091,8.3277,156.7469,8.2181,152.5455
1426312,2024-05-26,2,Kolkata Knight Riders,Sunrisers Hyderabad,"MA Chidambaram Stadium, Chepauk, Chennai",114,157.4107,8.024,246.0,70.0,158.7178,8.3247,161.8466,8.2947,155.4286
1473438,2025-03-22,1,Kolkata Knight Riders,Royal Challengers Bengaluru,"Eden Gardens, Kolkata",174,162.236,8.4785,262.0,49.0,158.5331,8.3352,161.4096,8.4415,163.6905
1473438,2025-03-22,2,Royal Challengers Bengaluru,Kolkata Knight Riders,"Eden Gardens, Kolkata",177,162.236,8.4785,262.0,49.0,160.3133,8.3943,156.5661,8.2093,161.2308
1473439,2025-03-23,1,Sunrisers Hyderabad,Rajasthan Royals,"Rajiv Gandhi International Stadium, Uppal, Hyderabad",286,158.6467,8.2287,277.0,80.0,160.6384,8.3151,159.3687,8.3003,159.8727
1473439,2025-03-23,2,Rajasthan Royals,Sunrisers Hyderabad,"Rajiv Gandhi International Stadium, Uppal, Hyderabad",242,158.6467,8.2287,277.0,80.0,158.3963,8.2044,161.5763,8.3092,165.375
1473440,2025-03-23,1,Mumbai Indians,Chennai Super Kings,"MA Chidambaram Stadium, Chepauk, Chennai",155,156.8941,8.0294,246.0,70.0,161.4291,8.3914,156.6336,8.1116,149.6
1473440,2025-03-23,2,Chennai Super Kings,Mumbai Indians,"MA Chidambaram Stadium, Chepauk, Chennai",158,156.8941,8.0294,246.0,70.0,163.6379,8.3852,158.0498,8.1753,163.7746
1473441,2025-03-24,1,Lucknow Super Giants,Delhi Capitals,"Dr. Y.S. Rajasekhara Reddy ACA-VDCA Cricket Stadium, Visakhapatnam",209,156.6154,8.0268,272.0,92.0,171.7442,8.7703,161.7828,8.3175,171.7442
1473441,2025-03-24,2,Delhi Capitals,Lucknow Super Giants,"Dr. Y.S. Rajasekhara Reddy ACA-VDCA Cricket Stadium, Visakhapatnam",211,156.6154,8.0268,272.0,92.0,156.6598,8.1905,172.4419,8.9808,160.3333
1473442,2025-03-25,1,Punjab Kings,Gujarat Titans,"Narendra Modi Stadium, Ahmedabad",243,168.8043,8.8932,233.0,89.0,161.4477,8.3436,166.0,8.7184,167.0
1473442,2025-03-25,2,Gujarat Titans,Punjab Kings,"Narendra Modi Stadium, Ahmedabad",232,168.8043,8.8932,233.0,89.0,171.4318,8.7746,163.113,8.4992,182.0667
1473443,2025-03-26,1,Rajasthan Royals,Kolkata Knight Riders,"Barsapara Cricket Stadium, Guwahati",151,169.8333,8.5665,199.0,142.0,158.7798,8.2223,156.6502,8.2202,178.3333
1473443,2025-03-26,2,Kolkata Knight Riders,Rajasthan Royals,"Barsapara Cricket Stadium, Guwahati",153,169.8333,8.5665,199.0,142.0,158.5967,8.3367,159.9495,8.3278,158.5967
1473444,2025-03-27,1,Sunrisers Hyderabad,Lucknow Super Giants,"Rajiv Gandhi International Stadium, Uppal, Hyderabad",190,160.0329,8.2941,286.0,80.0,161.3427,8.3487,173.3182,9.0226,162.125
1473444,2025-03-27,2,Lucknow Super Giants,Sunrisers Hyderabad,"Rajiv Gandhi International Stadium, Uppal, Hyderabad",193,160.0329,8.2941,286.0,80.0,172.5909,8.8085,162.0281,8.3305,172.5909
1473445,2025-03-28,1,Royal Challengers Bengaluru,Chennai Super Kings,"MA Chidambaram Stadium, Chepauk, Chennai",196,156.8895,8.029,246.0,70.0,160.38,8.4041,156.6266,8.11,156.2308
1473445,2025-03-28,2,Chennai Super Kings,Royal Challengers Bengaluru,"MA Chidambaram Stadium, Chepauk, Chennai",146,156.8895,8.029,246.0,70.0,163.6137,8.3846,161.46,8.4426,163.6944
1473446,2025-03-29,1,Gujarat Titans,Mumbai Indians,"Narendra Modi Stadium, Ahmedabad",196,171.6667,9.0174,243.0,89.0,172.7778,8.8374,158.0496,8.1756,185.1875
1473446,2025-03-29,2,Mumbai Indians,Gujarat Titans,"Narendra Modi Stadium, Ahmedabad",160,171.6667,9.0174,243.0,89.0,161.4046,8.389,167.7111,8.7947,161.6667
1473447,2025-03-30,1,Sunrisers Hyderabad,Delhi Capitals,"Dr. Y.S. Rajasekhara Reddy ACA-VDCA Cricket Stadium, Visakhapatnam",163,160.4286,8.2131,272.0,92.0,161.5028,8.3552,161.9755,8.3262,153.2
1473447,2025-03-30,2,Delhi Capitals,Sunrisers Hyderabad,"Dr. Y.S. Rajasekhara Reddy ACA-VDCA Cricket Stadium, Visakhapatnam",166,160.4286,8.2131,272.0,92.0,156.8816,8.2012,162.2011,8.3507,167.5714
1473448,2025-03-30,1,Rajasthan Royals,Chennai Super Kings,"Barsapara Cricket Stadium, Guwahati",182,165.375,8.4615,199.0,142.0,158.7443,8.2192,156.7949,8.1173,171.5
1473448,2025-03-30,2,Chennai Super Kings,Rajasthan Royals,"Barsapara Cricket Stadium, Guwahati",176,165.375,8.4615,199.0,142.0,163.5385,8.38,159.9178,8.3297,163.5385
1473449,2025-03-31,1,Kolkata Knight Riders,Mumbai Indians,"Wankhede Stadium, Mumbai",116,165.1568,8.5786,235.0,67.0,158.5738,8.3383,158.1939,8.1818,149.7059
1473449,2025-03-31,2,Mumbai Indians,Kolkata Knight Riders,"Wankhede Stadium, Mumbai",121,165.1568,8.5786,235.0,67.0,161.3992,8.3875,156.627,8.2174,166.2941
1473450,2025-04-01,1,Lucknow Super Giants,Punjab Kings,"Bharat Ratna Shri Atal Bihari Vajpayee Ekana Cricket Stadium, Lucknow",171,160.3462,8.247,235.0,108.0,173.0444,8.878,163.4,8.5121,159.9231
1473450,2025-04-01,2,Punjab Kings,Lucknow Super Giants,"Bharat Ratna Shri Atal Bihari Vajpayee Ekana Cricket Stadium, Lucknow",177,160.3462,8.247,235.0,108.0,161.7875,8.3594,173.6889,9.0332,161.7875
1473451,2025-04-02,1,Royal Challengers Bengaluru,Gujarat Titans,"M Chinnaswamy Stadium, Bengaluru",169,167.5739,8.8139,287.0,82.0,160.5219,8.4097,167.5435,8.7774,169.4118
1473451,2025-04-02,2,Gujarat Titans,Royal Challengers Bengaluru,"M Chinnaswamy Stadium, Bengaluru",170,167.5739,8.8139,287.0,82.0,173.2826,8.8583,161.3984,8.438,173.2826
1473452,2025-04-03,1,Kolkata Knight Riders,Sunrisers Hyderabad,"Eden Gardens, Kolkata",200,162.3833,8.4929,262.0,49.0,158.4,8.3333,162.2222,8.3619,163.8118
1473452,2025-04-03,2,Sunrisers Hyderabad,Kolkata Knight Riders,"Eden Gardens, Kolkata",120,162.3833,8.4929,262.0,49.0,161.5111,8.3573,156.4816,8.2223,165.4
1473453,2025-04-04,1,Lucknow Super Giants,Mumbai Indians,"Bharat Ratna Shri Atal Bihari Vajpayee Ekana Cricket Stadium, Lucknow",203,161.3214,8.3503,235.0,108.0,173.0,8.8709,158.0341,8.1777,160.7143
1473453,2025-04-04,2,Mumbai Indians,Lucknow Super Giants,"Bharat Ratna Shri Atal Bihari Vajpayee Ekana Cricket Stadium, Lucknow",191,161.3214,8.3503,235.0,108.0,161.2462,8.3915,173.7609,9.0724,161.2462
1473454,2025-04-05,1,Delhi Capitals,Chennai Super Kings,"MA Chidambaram Stadium, Chepauk, Chennai",183,157.0517,8.035,246.0,70.0,156.9187,8.2101,156.9021,8.1215,137.5455
1473454,2025-04-05,2,Chennai Super Kings,Delhi Capitals,"MA Chidambaram Stadium, Chepauk, Chennai",158,157.0517,8.035,246.0,70.0,163.5915,8.3818,161.9797,8.3279,163.4521
1473455,2025-04-05,1,Rajasthan Royals,Punjab Kings,"Maharaja Yadavindra Singh International Cricket Stadium, New Chandigarh",205,167.5,8.4834,192.0,142.0,158.85,8.2232,163.4315,8.5123,158.85
1473455,2025-04-05,2,Punjab Kings,Rajasthan Royals,"Maharaja Yadavindra Singh International Cricket Stadium, New Chandigarh",155,167.5,8.4834,192.0,142.0,161.8506,8.3697,159.9909,8.3318,165.8
1473457,2025-04-06,1,Sunrisers Hyderabad,Gujarat Titans,"Rajiv Gandhi International Stadium, Uppal, Hyderabad",152,160.4416,8.3256,286.0,80.0,161.2818,8.3509,167.5745,8.7705,162.614
1473457,2025-04-06,2,Gujarat Titans,Sunrisers Hyderabad,"Rajiv Gandhi International Stadium, Uppal, Hyderabad",153,160.4416,8.3256,286.0,80.0,173.2128,8.8726,162.4309,8.371,173.2128
1473458,2025-04-07,1,Royal Challengers Bengaluru,Mumbai Indians,"Wankhede Stadium, Mumbai",221,164.7647,8.576,235.0,67.0,160.5556,8.4098,158.2038,8.1851,173.0
1473458,2025-04-07,2,Mumbai Indians,Royal Challengers Bengaluru,"Wankhede Stadium, Mumbai",209,164.7647,8.576,235.0,67.0,161.3585,8.3958,161.4325,8.4424,165.7674
1473456,2025-04-08,1,Lucknow Super Giants,Kolkata Knight Riders,"Eden Gardens, Kolkata",238,162.3571,8.494,262.0,49.0,173.6383,8.8981,156.3333,8.2182,176.6667
1473456,2025-04-08,2,Kolkata Knight Riders,Lucknow Super Giants,"Eden Gardens, Kolkata",234,162.3571,8.494,262.0,49.0,158.5691,8.3401,174.1277,9.0826,164.2326
1473459,2025-04-08,1,Punjab Kings,Chennai Super Kings,"Maharaja Yadavindra Singh International Cricket Stadium, New Chandigarh",219,169.5833,8.5695,205.0,142.0,161.8223,8.3671,157.0127,8.1258,164.0
1473459,2025-04-08,2,Chennai Super Kings,Punjab Kings,"Maharaja Yadavindra Singh International Cricket Stadium, New Chandigarh",201,169.5833,8.5695,205.0,142.0,163.5678,8.3797,163.6033,8.5194,163.5678
1473460,2025-04-09,1,Gujarat Titans,Rajasthan Royals,"Narendra Modi Stadium, Ahmedabad",217,171.92,9.0127,243.0,89.0,172.7917,8.879,159.9683,8.3292,185.8235
1473460,2025-04-09,2,Rajasthan Royals,Gujarat Titans,"Narendra Modi Stadium, Ahmedabad",159,171.92,9.0127,243.0,89.0,159.0588,8.2324,167.25,8.7461,161.0
1473461,2025-04-10,1,Royal Challengers Bengaluru,Delhi Capitals,"M Chinnaswamy Stadium, Bengaluru",163,167.5955,8.8159,287.0,82.0,160.7945,8.4203,161.9636,8.3261,169.407
1473461,2025-04-10,2,Delhi Capitals,Royal Challengers Bengaluru,"M Chinnaswamy Stadium, Bengaluru",169,167.5955,8.8159,287.0,82.0,157.0243,8.2139,161.6206,8.4503,159.1818
1473462,2025-04-11,1,Chennai Super Kings,Kolkata Knight Riders,"MA Chidambaram Stadium, Chepauk, Chennai",103,157.2045,8.0406,246.0,70.0,163.7257,8.3868,156.664,8.2331,163.3784
1473462,2025-04-11,2,Kolkata Knight Riders,Chennai Super Kings,"MA Chidambaram Stadium, Chepauk, Chennai",107,157.2045,8.0406,246.0,70.0,158.8745,8.3537,157.2743,8.1377,152.6667
1473463,2025-04-12,1,Gujarat Titans,Lucknow Super Giants,"Bharat Ratna Shri Atal Bihari Vajpayee Ekana Cricket Stadium, Lucknow",180,163.7,8.4503,235.0,108.0,173.6939,8.9193,175.375,9.1371,173.6939
1473463,2025-04-12,2,Lucknow Super Giants,Gujarat Titans,"Bharat Ratna Shri Atal Bihari Vajpayee Ekana Cricket Stadium, Lucknow",186,163.7,8.4503,235.0,108.0,174.9792,8.9607,167.0816,8.7354,163.5333
1473464,2025-04-12,1,Punjab Kings,Sunrisers Hyderabad,"Rajiv Gandhi International Stadium, Uppal, Hyderabad",245,160.3397,8.3264,286.0,80.0,162.0576,8.3778,162.3791,8.3754,163.0833
1473464,2025-04-12,2,Sunrisers Hyderabad,Punjab Kings,"Rajiv Gandhi International Stadium, Uppal, Hyderabad",247,160.3397,8.3264,286.0,80.0,161.2308,8.3468,163.7572,8.5257,162.431
1473465,2025-04-13,1,Rajasthan Royals,Royal Challengers Bengaluru,"Sawai Mansingh Stadium, Jaipur",173,156.0,8.1281,217.0,59.0,159.0586,8.2324,161.6496,8.4543,157.3571
1473465,2025-04-13,2,Royal Challengers Bengaluru,Rajasthan Royals,"Sawai Mansingh Stadium, Jaipur",175,156.0,8.1281,217.0,59.0,160.8031,8.4192,160.2252,8.3405,157.8889
1473466,2025-04-13,1,Mumbai Indians,Delhi Capitals,"Arun Jaitley Stadium, Delhi",205,164.1919,8.4614,266.0,66.0,161.5376,8.4035,161.9677,8.3254,175.2667
1473466,2025-04-13,2,Delhi Capitals,Mumbai Indians,"Arun Jaitley Stadium, Delhi",193,164.1919,8.4614,266.0,66.0,157.0726,8.219,158.4398,8.1959,162.6154
1473467,2025-04-14,1,Lucknow Super Giants,Chennai Super Kings,"Bharat Ratna Shri Atal Bihari Vajpayee Ekana Cricket Stadium, Lucknow",166,164.9062,8.5015,235.0,108.0,175.2041,8.9725,157.063,8.1478,164.9375
1473467,2025-04-14,2,Chennai Super Kings,Lucknow Super Giants,"Bharat Ratna Shri Atal Bihari Vajpayee Ekana Cricket Stadium, Lucknow",168,164.9062,8.5015,235.0,108.0,163.4706,8.3732,175.4694,9.1343,163.4706
1473468,2025-04-15,1,Punjab Kings,Kolkata Knight Riders,"Maharaja Yadavindra Singh International Cricket Stadium, New Chandigarh",111,175.3571,8.8453,219.0,142.0,162.3975,8.3936,156.4476,8.2207,171.8571
1473468,2025-04-15,2,Kolkata Knight Riders,Punjab Kings,"Maharaja Yadavindra Singh International Cricket Stadium, New Chandigarh",95,175.3571,8.8453,219.0,142.0,158.6653,8.3624,164.0984,8.5455,158.6653
1473469,2025-04-16,1,Delhi Capitals,Rajasthan Royals,"Arun Jaitley Stadium, Delhi",188,164.592,8.4814,266.0,66.0,157.2169,8.2267,160.2915,8.348,163.0
1473469,2025-04-16,2,Rajasthan Royals,Delhi Capitals,"Arun Jaitley Stadium, Delhi",188,164.592,8.4814,266.0,66.0,159.1211,8.2342,162.1406,8.3332,159.0909
1473470,2025-04-17,1,Sunrisers Hyderabad,Mumbai Indians,"Wankhede Stadium, Mumbai",162,165.1833,8.5941,235.0,67.0,161.6995,8.3741,158.5693,8.2033,162.5385
1473470,2025-04-17,2,Mumbai Indians,Sunrisers Hyderabad,"Wankhede Stadium, Mumbai",166,165.1833,8.5941,235.0,67.0,161.7004,8.4105,162.8306,8.3966,166.2644
1473471,2025-04-18,1,Royal Challengers Bengaluru,Punjab Kings,"M Chinnaswamy Stadium, Bengaluru",95,167.5778,8.8159,287.0,82.0,160.8588,8.4254,163.8163,8.5362,169.3333
1473471,2025-04-18,2,Punjab Kings,Royal Challengers Bengaluru,"M Chinnaswamy Stadium, Bengaluru",98,167.5778,8.8159,287.0,82.0,162.1878,8.3886,161.6941,8.4551,160.6667
1473472,2025-04-19,1,Delhi Capitals,Gujarat Titans,"Narendra Modi Stadium, Ahmedabad",203,172.5385,9.0329,243.0,89.0,157.34,8.2314,167.46,8.7515,143.0
1473472,2025-04-19,2,Gujarat Titans,Delhi Capitals,"Narendra Modi Stadium, Ahmedabad",204,172.5385,9.0329,243.0,89.0,173.82,8.9209,162.244,8.3374,187.5556
1473473,2025-04-19,1,Lucknow Super Giants,Rajasthan Royals,"Sawai Mansingh Stadium, Jaipur",180,156.3158,8.1491,217.0,59.0,175.02,8.959,160.4152,8.3527,175.02
1473473,2025-04-19,2,Rajasthan Royals,Lucknow Super Giants,"Sawai Mansingh Stadium, Jaipur",178,156.3158,8.1491,217.0,59.0,159.25,8.2394,175.32,9.1239,157.6316
1473474,2025-04-20,1,Punjab Kings,Royal Challengers Bengaluru,"Maharaja Yadavindra Singh International Cricket Stadium, New Chandigarh",157,166.3125,8.5787,219.0,95.0,161.9268,8.3873,161.4453,8.4536,164.25
1473474,2025-04-20,2,Royal Challengers Bengaluru,Punjab Kings,"Maharaja Yadavindra Singh International Cricket Stadium, New Chandigarh",159,166.3125,8.5787,219.0,95.0,160.6016,8.419,163.5366,8.5291,160.6016
1473475,2025-04-20,1,Chennai Super Kings,Mumbai Indians,"Wankhede Stadium, Mumbai",176,165.1736,8.5943,235.0,67.0,163.4895,8.3742,158.5821,8.2029,159.56
1473475,2025-04-20,2,Mumbai Indians,Chennai Super Kings,"Wankhede Stadium, Mumbai",177,165.1736,8.5943,235.0,67.0,161.7164,8.4132,157.1004,8.1484,166.2614
1473476,2025-04-21,1,Gujarat Titans,Kolkata Knight Riders,"Eden Gardens, Kolkata",198,163.1576,8.53,262.0,49.0,174.4118,8.9529,156.2651,8.2164,174.4118
1473476,2025-04-21,2,Kolkata Knight Riders,Gujarat Titans,"Eden Gardens, Kolkata",159,163.1576,8.53,262.0,49.0,158.4096,8.354,168.1569,8.7789,165.0345
1473477,2025-04-22,1,Lucknow Super Giants,Delhi Capitals,"Bharat Ratna Shri Atal Bihari Vajpayee Ekana Cricket Stadium, Lucknow",159,165.0294,8.4989,235.0,108.0,175.1176,8.9598,162.4104,8.3463,165.0
1473477,2025-04-22,2,Delhi Capitals,Lucknow Super Giants,"Bharat Ratna Shri Atal Bihari Vajpayee Ekana Cricket Stadium, Lucknow",161,165.0294,8.4989,235.0,108.0,157.5219,8.2391,175.3725,9.1195,157.5219
1473478,2025-04-23,1,Sunrisers Hyderabad,Mumbai Indians,"Rajiv Gandhi International Stadium, Uppal, Hyderabad",143,161.4241,8.383,286.0,80.0,161.7011,8.3726,158.6468,8.2051,163.8644
1473478,2025-04-23,2,Mumbai Indians,Sunrisers Hyderabad,"Rajiv Gandhi International Stadium, Uppal, Hyderabad",146,161.4241,8.383,286.0,80.0,161.7732,8.4239,162.8478,8.4006,156.3077
1473479,2025-04-24,1,Royal Challengers Bengaluru,Rajasthan Royals,"M Chinnaswamy Stadium, Bengaluru",205,166.7967,8.8005,287.0,82.0,160.5953,8.4191,160.5022,8.3556,168.4886
1473479,2025-04-24,2,Rajasthan Royals,Royal Challengers Bengaluru,"M Chinnaswamy Stadium, Bengaluru",194,166.7967,8.8005,287.0,82.0,159.3333,8.2424,161.428,8.4512,161.7143
1473480,2025-04-25,1,Chennai Super Kings,Sunrisers Hyderabad,"MA Chidambaram Stadium, Chepauk, Chennai",154,156.618,8.0383,246.0,70.0,163.5417,8.376,162.7568,8.4056,162.5733
1473480,2025-04-25,2,Sunrisers Hyderabad,Chennai Super Kings,"MA Chidambaram Stadium, Chepauk, Chennai",155,156.618,8.0383,246.0,70.0,161.6,8.366,157.1833,8.1615,149.25
1473482,2025-04-27,1,Mumbai Indians,Lucknow Super Giants,"Wankhede Stadium, Mumbai",215,165.2664,8.6062,235.0,67.0,161.7148,8.4272,175.0962,9.1178,166.382
1473482,2025-04-27,2,Lucknow Super Giants,Mumbai Indians,"Wankhede Stadium, Mumbai",161,165.2664,8.6062,235.0,67.0,174.8077,8.9404,158.5889,8.2012,179.4
1473483,2025-04-27,1,Delhi Capitals,Royal Challengers Bengaluru,"Arun Jaitley Stadium, Delhi",162,164.858,8.4918,266.0,66.0,157.5357,8.2422,161.5543,8.456,163.3125
1473483,2025-04-27,2,Royal Challengers Bengaluru,Delhi Capitals,"Arun Jaitley Stadium, Delhi",165,164.858,8.4918,266.0,66.0,160.7674,8.4262,162.3968,8.3447,168.6
1473484,2025-04-28,1,Gujarat Titans,Rajasthan Royals,"Sawai Mansingh Stadium, Jaipur",209,156.7069,8.1629,217.0,59.0,174.8654,8.9711,160.6991,8.3639,174.8654
1473484,2025-04-28,2,Rajasthan Royals,Gujarat Titans,"Sawai Mansingh Stadium, Jaipur",212,156.7069,8.1629,217.0,59.0,159.4867,8.2488,167.9808,8.763,157.9828
1473485,2025-04-29,1,Kolkata Knight Riders,Delhi Capitals,"Arun Jaitley Stadium, Delhi",204,164.8427,8.492,266.0,66.0,158.412,8.3524,162.4071,8.3469,153.7273
1473485,2025-04-29,2,Delhi Capitals,Kolkata Knight Riders,"Arun Jaitley Stadium, Delhi",190,164.8427,8.492,266.0,66.0,157.5534,8.2416,156.432,8.2231,163.2963
1473486,2025-04-30,1,Chennai Super Kings,Punjab Kings,"MA Chidambaram Stadium, Chepauk, Chennai",190,156.5944,8.0382,246.0,70.0,163.5021,8.3734,163.5182,8.5287,162.4605
1473486,2025-04-30,2,Punjab Kings,Chennai Super Kings,"MA Chidambaram Stadium, Chepauk, Chennai",194,156.5944,8.0382,246.0,70.0,161.9069,8.3851,157.1743,8.1621,147.5
1473487,2025-05-01,1,Mumbai Indians,Rajasthan Royals,"Sawai Mansingh Stadium, Jaipur",217,157.6186,8.2266,217.0,59.0,161.9114,8.4358,160.9119,8.3731,146.875
1473487,2025-05-01,2,Rajasthan Royals,Mumbai Indians,"Sawai Mansingh Stadium, Jaipur",117,157.6186,8.2266,217.0,59.0,159.7181,8.2715,158.5978,8.2006,158.8983
1473488,2025-05-02,1,Gujarat Titans,Sunrisers Hyderabad,"Narendra Modi Stadium, Ahmedabad",224,173.6852,9.0817,243.0,89.0,175.5094,8.999,162.7097,8.4021,188.4211
1473488,2025-05-02,2,Sunrisers Hyderabad,Gujarat Titans,"Narendra Modi Stadium, Ahmedabad",186,173.6852,9.0817,243.0,89.0,161.5645,8.3657,168.8113,8.8503,158.3333
1473489,2025-05-03,1,Royal Challengers Bengaluru,Chennai Super Kings,"M Chinnaswamy Stadium, Bengaluru",213,167.1522,8.8133,287.0,82.0,160.7838,8.4281,157.3264,8.1691,168.8989
1473489,2025-05-03,2,Chennai Super Kings,Royal Challengers Bengaluru,"M Chinnaswamy Stadium, Bengaluru",211,167.1522,8.8133,287.0,82.0,163.6116,8.3794,161.556,8.4547,166.8182
1473490,2025-05-04,1,Kolkata Knight Riders,Rajasthan Royals,"Eden Gardens, Kolkata",206,163.3226,8.5342,262.0,49.0,158.5936,8.3597,161.1579,8.384,164.9659
1473490,2025-05-04,2,Rajasthan Royals,Kolkata Knight Riders,"Eden Gardens, Kolkata",205,163.3226,8.5342,262.0,49.0,159.5307,8.2669,156.5657,8.2282,151.4167
1473491,2025-05-04,1,Punjab Kings,Lucknow Super Giants,"Himachal Pradesh Cricket Association Stadium, Dharamsala",236,169.6923,8.7129,241.0,116.0,162.0363,8.3911,175.8491,9.1486,169.7692
1473491,2025-05-04,2,Lucknow Super Giants,Punjab Kings,"Himachal Pradesh Cricket Association Stadium, Dharamsala",199,169.6923,8.7129,241.0,116.0,174.5472,8.9236,163.625,8.534,174.5472
1473494,2025-05-07,1,Kolkata Knight Riders,Chennai Super Kings,"Eden Gardens, Kolkata",179,163.7713,8.5527,262.0,49.0,158.7817,8.3674,157.5556,8.1793,165.427
1473494,2025-05-07,2,Chennai Super Kings,Kolkata Knight Riders,"Eden Gardens, Kolkata",183,163.7713,8.5527,262.0,49.0,163.8066,8.3884,156.7579,8.2363,162.7
1473497,2025-05-18,1,Punjab Kings,Rajasthan Royals,"Sawai Mansingh Stadium, Jaipur",219,157.775,8.2402,217.0,59.0,162.3333,8.4047,161.3537,8.3924,155.0
1473497,2025-05-18,2,Rajasthan Royals,Punjab Kings,"Sawai Mansingh Stadium, Jaipur",209,157.775,8.2402,217.0,59.0,159.7293,8.2756,163.7671,8.5397,158.2
1473498,2025-05-18,1,Delhi Capitals,Gujarat Titans,"Arun Jaitley Stadium, Delhi",199,165.2,8.5071,266.0,66.0,157.6811,8.2466,169.1296,8.8586,163.622
1473498,2025-05-18,2,Gujarat Titans,Delhi Capitals,"Arun Jaitley Stadium, Delhi",205,165.2,8.5071,266.0,66.0,176.4074,9.0397,162.5709,8.3542,176.4074
1473499,2025-05-19,1,Lucknow Super Giants,Sunrisers Hyderabad,"Bharat Ratna Shri Atal Bihari Vajpayee Ekana Cricket Stadium, Lucknow",205,164.75,8.4983,235.0,108.0,175.0,8.9426,163.0374,8.4171,164.6667
1473499,2025-05-19,2,Sunrisers Hyderabad,Lucknow Super Giants,"Bharat Ratna Shri Atal Bihari Vajpayee Ekana Cricket Stadium, Lucknow",206,164.75,8.4983,235.0,108.0,161.6952,8.3707,176.963,9.1977,161.6952
1473500,2025-05-20,1,Chennai Super Kings,Rajasthan Royals,"Arun Jaitley Stadium, Delhi",187,165.6044,8.5276,266.0,66.0,163.8852,8.3921,161.6043,8.4035,174.7273
1473500,2025-05-20,2,Rajasthan Royals,Chennai Super Kings,"Arun Jaitley Stadium, Delhi",188,165.6044,8.5276,266.0,66.0,159.9435,8.285,157.6434,8.1825,161.5
1473501,2025-05-21,1,Mumbai Indians,Delhi Capitals,"Wankhede Stadium, Mumbai",180,165.4512,8.6127,235.0,67.0,162.114,8.4447,162.7373,8.3638,166.9222
1473501,2025-05-21,2,Delhi Capitals,Mumbai Indians,"Wankhede Stadium, Mumbai",121,165.4512,8.6127,235.0,67.0,157.8431,8.2533,158.4449,8.1971,164.1667
1473502,2025-05-22,1,Lucknow Super Giants,Gujarat Titans,"Narendra Modi Stadium, Ahmedabad",235,174.8036,9.1235,243.0,89.0,175.5455,8.9664,169.6727,8.8784,175.5455
1473502,2025-05-22,2,Gujarat Titans,Lucknow Super Giants,"Narendra Modi Stadium, Ahmedabad",202,174.8036,9.1235,243.0,89.0,176.9273,9.0716,177.4909,9.2347,190.2
1473503,2025-05-23,1,Sunrisers Hyderabad,Royal Challengers Bengaluru,"Bharat Ratna Shri Atal Bihari Vajpayee Ekana Cricket Stadium, Lucknow",231,166.8947,8.6165,235.0,108.0,161.9309,8.3859,161.7462,8.4627,161.9309
1473503,2025-05-23,2,Royal Challengers Bengaluru,Sunrisers Hyderabad,"Bharat Ratna Shri Atal Bihari Vajpayee Ekana Cricket Stadium, Lucknow",189,166.8947,8.6165,235.0,108.0,160.9846,8.4366,163.2606,8.4268,160.9846
1485779,2025-05-24,1,Punjab Kings,Delhi Capitals,"Sawai Mansingh Stadium, Jaipur",206,158.6967,8.2805,219.0,59.0,162.56,8.4149,162.8047,8.3663,164.1429
1485779,2025-05-24,2,Delhi Capitals,Punjab Kings,"Sawai Mansingh Stadium, Jaipur",208,158.6967,8.2805,219.0,59.0,157.6992,8.2468,163.948,8.5473,161.8333
1473504,2025-05-25,1,Chennai Super Kings,Gujarat Titans,"Narendra Modi Stadium, Ahmedabad",230,176.3103,9.1856,243.0,89.0,163.9796,8.396,170.8393,8.9297,163.9796
1473504,2025-05-25,2,Gujarat Titans,Chennai Super Kings,"Narendra Modi Stadium, Ahmedabad",147,176.3103,9.1856,243.0,89.0,177.375,9.0899,157.7673,8.1938,190.7619
1473505,2025-05-25,1,Sunrisers Hyderabad,Kolkata Knight Riders,"Arun Jaitley Stadium, Delhi",278,165.8424,8.5452,266.0,66.0,162.2963,8.4026,156.8617,8.2405,170.7273
1473505,2025-05-25,2,Kolkata Knight Riders,Sunrisers Hyderabad,"Arun Jaitley Stadium, Delhi",168,165.8424,8.5452,266.0,66.0,158.8617,8.3697,163.3968,8.4327,157.9167
1473506,2025-05-26,1,Mumbai Indians,Punjab Kings,"Sawai Mansingh Stadium, Jaipur",184,159.4758,8.316,219.0,59.0,162.1795,8.4467,164.1235,8.5557,154.6667
1473506,2025-05-26,2,Punjab Kings,Mumbai Indians,"Sawai Mansingh Stadium, Jaipur",187,159.4758,8.316,219.0,59.0,162.7331,8.4224,158.3077,8.1912,169.375
1473507,2025-05-27,1,Lucknow Super Giants,Royal Challengers Bengaluru,"Bharat Ratna Shri Atal Bihari Vajpayee Ekana Cricket Stadium, Lucknow",227,169.05,8.7126,235.0,108.0,176.6071,9.0161,162.0115,8.4746,166.7895
1473507,2025-05-27,2,Royal Challengers Bengaluru,Lucknow Super Giants,"Bharat Ratna Shri Atal Bihari Vajpayee Ekana Cricket Stadium, Lucknow",230,169.05,8.7126,235.0,108.0,161.092,8.4408,177.9286,9.2502,161.092
1473508,2025-05-29,1,Punjab Kings,Royal Challengers Bengaluru,"Maharaja Yadavindra Singh International Cricket Stadium, New Chandigarh",101,165.3889,8.5307,219.0,95.0,162.8294,8.4291,162.2595,8.4855,163.4444
1473508,2025-05-29,2,Royal Challengers Bengaluru,Punjab Kings,"Maharaja Yadavindra Singh International Cricket Stadium, New Chandigarh",106,165.3889,8.5307,219.0,95.0,161.355,8.4556,164.2024,8.5583,161.355
1473509,2025-05-30,1,Mumbai Indians,Gujarat Titans,"Maharaja Yadavindra Singh International Cricket Stadium, New Chandigarh",228,159.2,8.5641,219.0,95.0,162.2591,8.4494,171.8772,8.9748,162.2591
1473509,2025-05-30,2,Gujarat Titans,Mumbai Indians,"Maharaja Yadavindra Singh International Cricket Stadium, New Chandigarh",208,159.2,8.5641,219.0,95.0,176.8421,9.0698,158.4124,8.1982,176.8421
1473510,2025-06-01,1,Mumbai Indians,Punjab Kings,"Narendra Modi Stadium, Ahmedabad",203,176.7167,9.2035,243.0,89.0,162.4982,8.4602,163.9723,8.5664,161.25
1473510,2025-06-01,2,Punjab Kings,Mumbai Indians,"Narendra Modi Stadium, Ahmedabad",207,176.7167,9.2035,243.0,89.0,162.585,8.424,158.5927,8.2062,182.2
1473511,2025-06-03,1,Royal Challengers Bengaluru,Punjab Kings,"Narendra Modi Stadium, Ahmedabad",190,177.629,9.246,243.0,89.0,161.1445,8.4638,164.126,8.5726,170.2
1473511,2025-06-03,2,Punjab Kings,Royal Challengers Bengaluru,"Narendra Modi Stadium, Ahmedabad",184,177.629,9.246,243.0,89.0,162.7598,8.4337,162.0266,8.4804,186.3333
